[NX v21.3.0 Daemon Server] - 2025-07-20T14:12:13.201Z - Started listening on: /var/folders/88/nh7vxf113z59vhn715mxddyx12p0zg/T/84da4a988f6bd2f972f5/d.sock
[NX v21.3.0 Daemon Server] - 2025-07-20T14:12:13.205Z - [WATCHER]: Subscribed to changes within: /Users/mahdi.ketabdar/Developer/menno/monorepo (native)
[NX v21.3.0 Daemon Server] - 2025-07-20T14:12:13.211Z - Established a connection. Number of open connections: 1
[NX v21.3.0 Daemon Server] - 2025-07-20T14:12:13.212Z - Established a connection. Number of open connections: 2
[NX v21.3.0 Daemon Server] - 2025-07-20T14:12:13.214Z - Closed a connection. Number of open connections: 1
[NX v21.3.0 Daemon Server] - 2025-07-20T14:12:13.215Z - [REQUEST]: Responding to the client. Shutdown initiated
[NX v21.3.0 Daemon Server] - 2025-07-20T14:12:13.216Z - Done responding to the client Shutdown initiated
[NX v21.3.0 Daemon Server] - 2025-07-20T14:12:13.216Z - Handled FORCE_SHUTDOWN. Handling time: 0. Response time: 1.
[NX v21.3.0 Daemon Server] - 2025-07-20T14:12:13.217Z - [WATCHER]: Stopping the watcher for /Users/mahdi.ketabdar/Developer/menno/monorepo (sources)
[NX v21.3.0 Daemon Server] - 2025-07-20T14:12:13.217Z - Closed a connection. Number of open connections: 0
[NX v21.3.0 Daemon Server] - 2025-07-20T14:12:13.217Z - [WATCHER]: Stopping the watcher for /Users/mahdi.ketabdar/Developer/menno/monorepo (outputs)
[NX v21.3.0 Daemon Server] - 2025-07-20T14:12:13.217Z - Server stopped because: "Request to shutdown"
[NX v21.3.0 Daemon Server] - 2025-07-20T14:14:59.186Z - Started listening on: /var/folders/88/nh7vxf113z59vhn715mxddyx12p0zg/T/84da4a988f6bd2f972f5/d.sock
[NX v21.3.0 Daemon Server] - 2025-07-20T14:14:59.190Z - [WATCHER]: Subscribed to changes within: /Users/mahdi.ketabdar/Developer/menno/monorepo (native)
[NX v21.3.0 Daemon Server] - 2025-07-20T14:14:59.195Z - Established a connection. Number of open connections: 1
[NX v21.3.0 Daemon Server] - 2025-07-20T14:14:59.196Z - Established a connection. Number of open connections: 2
[NX v21.3.0 Daemon Server] - 2025-07-20T14:14:59.197Z - Closed a connection. Number of open connections: 1
[NX v21.3.0 Daemon Server] - 2025-07-20T14:14:59.199Z - [REQUEST]: Responding to the client. Shutdown initiated
[NX v21.3.0 Daemon Server] - 2025-07-20T14:14:59.199Z - Done responding to the client Shutdown initiated
[NX v21.3.0 Daemon Server] - 2025-07-20T14:14:59.199Z - Handled FORCE_SHUTDOWN. Handling time: 0. Response time: 0.
[NX v21.3.0 Daemon Server] - 2025-07-20T14:14:59.201Z - Closed a connection. Number of open connections: 0
[NX v21.3.0 Daemon Server] - 2025-07-20T14:14:59.201Z - [WATCHER]: Stopping the watcher for /Users/mahdi.ketabdar/Developer/menno/monorepo (sources)
[NX v21.3.0 Daemon Server] - 2025-07-20T14:14:59.202Z - [WATCHER]: Stopping the watcher for /Users/mahdi.ketabdar/Developer/menno/monorepo (outputs)
[NX v21.3.0 Daemon Server] - 2025-07-20T14:14:59.202Z - Server stopped because: "Request to shutdown"
[NX v21.3.0 Daemon Server] - 2025-07-20T14:17:45.598Z - Started listening on: /var/folders/88/nh7vxf113z59vhn715mxddyx12p0zg/T/84da4a988f6bd2f972f5/d.sock
[NX v21.3.0 Daemon Server] - 2025-07-20T14:17:45.601Z - [WATCHER]: Subscribed to changes within: /Users/mahdi.ketabdar/Developer/menno/monorepo (native)
[NX v21.3.0 Daemon Server] - 2025-07-20T14:17:45.603Z - Established a connection. Number of open connections: 1
[NX v21.3.0 Daemon Server] - 2025-07-20T14:17:45.603Z - Established a connection. Number of open connections: 2
[NX v21.3.0 Daemon Server] - 2025-07-20T14:17:45.605Z - Closed a connection. Number of open connections: 1
[NX v21.3.0 Daemon Server] - 2025-07-20T14:17:45.606Z - [REQUEST]: Responding to the client. Shutdown initiated
[NX v21.3.0 Daemon Server] - 2025-07-20T14:17:45.606Z - Done responding to the client Shutdown initiated
[NX v21.3.0 Daemon Server] - 2025-07-20T14:17:45.606Z - Handled FORCE_SHUTDOWN. Handling time: 0. Response time: 0.
[NX v21.3.0 Daemon Server] - 2025-07-20T14:17:45.608Z - Closed a connection. Number of open connections: 0
[NX v21.3.0 Daemon Server] - 2025-07-20T14:17:45.608Z - [WATCHER]: Stopping the watcher for /Users/mahdi.ketabdar/Developer/menno/monorepo (sources)
[NX v21.3.0 Daemon Server] - 2025-07-20T14:17:45.608Z - [WATCHER]: Stopping the watcher for /Users/mahdi.ketabdar/Developer/menno/monorepo (outputs)
[NX v21.3.0 Daemon Server] - 2025-07-20T14:17:45.609Z - Server stopped because: "Request to shutdown"
[NX v21.3.0 Daemon Server] - 2025-07-20T14:23:15.566Z - Started listening on: /var/folders/88/nh7vxf113z59vhn715mxddyx12p0zg/T/84da4a988f6bd2f972f5/d.sock
[NX v21.3.0 Daemon Server] - 2025-07-20T14:23:15.590Z - [WATCHER]: Subscribed to changes within: /Users/mahdi.ketabdar/Developer/menno/monorepo (native)
[NX v21.3.0 Daemon Server] - 2025-07-20T14:23:15.592Z - Established a connection. Number of open connections: 1
[NX v21.3.0 Daemon Server] - 2025-07-20T14:23:15.593Z - Established a connection. Number of open connections: 2
[NX v21.3.0 Daemon Server] - 2025-07-20T14:23:15.594Z - Closed a connection. Number of open connections: 1
[NX v21.3.0 Daemon Server] - 2025-07-20T14:23:15.595Z - [REQUEST]: Responding to the client. Shutdown initiated
[NX v21.3.0 Daemon Server] - 2025-07-20T14:23:15.595Z - Done responding to the client Shutdown initiated
[NX v21.3.0 Daemon Server] - 2025-07-20T14:23:15.596Z - Handled FORCE_SHUTDOWN. Handling time: 0. Response time: 0.
[NX v21.3.0 Daemon Server] - 2025-07-20T14:23:15.598Z - Closed a connection. Number of open connections: 0
[NX v21.3.0 Daemon Server] - 2025-07-20T14:23:15.599Z - [WATCHER]: Stopping the watcher for /Users/mahdi.ketabdar/Developer/menno/monorepo (sources)
[NX v21.3.0 Daemon Server] - 2025-07-20T14:23:15.600Z - [WATCHER]: Stopping the watcher for /Users/mahdi.ketabdar/Developer/menno/monorepo (outputs)
[NX v21.3.0 Daemon Server] - 2025-07-20T14:23:15.600Z - Server stopped because: "Request to shutdown"
[NX v21.3.0 Daemon Server] - 2025-07-20T14:26:58.240Z - Started listening on: /var/folders/88/nh7vxf113z59vhn715mxddyx12p0zg/T/84da4a988f6bd2f972f5/d.sock
[NX v21.3.0 Daemon Server] - 2025-07-20T14:26:58.244Z - [WATCHER]: Subscribed to changes within: /Users/mahdi.ketabdar/Developer/menno/monorepo (native)
[NX v21.3.0 Daemon Server] - 2025-07-20T14:26:58.245Z - Established a connection. Number of open connections: 1
[NX v21.3.0 Daemon Server] - 2025-07-20T14:26:58.247Z - Established a connection. Number of open connections: 2
[NX v21.3.0 Daemon Server] - 2025-07-20T14:26:58.248Z - Closed a connection. Number of open connections: 1
[NX v21.3.0 Daemon Server] - 2025-07-20T14:26:58.250Z - [REQUEST]: Responding to the client. Shutdown initiated
[NX v21.3.0 Daemon Server] - 2025-07-20T14:26:58.250Z - Done responding to the client Shutdown initiated
[NX v21.3.0 Daemon Server] - 2025-07-20T14:26:58.251Z - Handled FORCE_SHUTDOWN. Handling time: 0. Response time: 1.
[NX v21.3.0 Daemon Server] - 2025-07-20T14:26:58.251Z - Closed a connection. Number of open connections: 0
[NX v21.3.0 Daemon Server] - 2025-07-20T14:26:58.252Z - [WATCHER]: Stopping the watcher for /Users/mahdi.ketabdar/Developer/menno/monorepo (sources)
[NX v21.3.0 Daemon Server] - 2025-07-20T14:26:58.254Z - [WATCHER]: Stopping the watcher for /Users/mahdi.ketabdar/Developer/menno/monorepo (outputs)
[NX v21.3.0 Daemon Server] - 2025-07-20T14:26:58.255Z - Server stopped because: "Request to shutdown"
[NX v21.3.0 Daemon Server] - 2025-07-20T14:28:16.727Z - Started listening on: /var/folders/88/nh7vxf113z59vhn715mxddyx12p0zg/T/84da4a988f6bd2f972f5/d.sock
[NX v21.3.0 Daemon Server] - 2025-07-20T14:28:16.730Z - [WATCHER]: Subscribed to changes within: /Users/mahdi.ketabdar/Developer/menno/monorepo (native)
[NX v21.3.0 Daemon Server] - 2025-07-20T14:28:16.733Z - Established a connection. Number of open connections: 1
[NX v21.3.0 Daemon Server] - 2025-07-20T14:28:16.733Z - Established a connection. Number of open connections: 2
[NX v21.3.0 Daemon Server] - 2025-07-20T14:28:16.735Z - Closed a connection. Number of open connections: 1
[NX v21.3.0 Daemon Server] - 2025-07-20T14:28:16.736Z - [REQUEST]: Responding to the client. Shutdown initiated
[NX v21.3.0 Daemon Server] - 2025-07-20T14:28:16.736Z - Done responding to the client Shutdown initiated
[NX v21.3.0 Daemon Server] - 2025-07-20T14:28:16.737Z - Handled FORCE_SHUTDOWN. Handling time: 0. Response time: 1.
[NX v21.3.0 Daemon Server] - 2025-07-20T14:28:16.738Z - [WATCHER]: Stopping the watcher for /Users/mahdi.ketabdar/Developer/menno/monorepo (sources)
[NX v21.3.0 Daemon Server] - 2025-07-20T14:28:16.738Z - Closed a connection. Number of open connections: 0
[NX v21.3.0 Daemon Server] - 2025-07-20T14:28:16.738Z - [WATCHER]: Stopping the watcher for /Users/mahdi.ketabdar/Developer/menno/monorepo (outputs)
[NX v21.3.0 Daemon Server] - 2025-07-20T14:28:16.738Z - Server stopped because: "Request to shutdown"
[NX v21.3.0 Daemon Server] - 2025-07-20T14:55:43.310Z - Started listening on: /var/folders/88/nh7vxf113z59vhn715mxddyx12p0zg/T/84da4a988f6bd2f972f5/d.sock
[NX v21.3.0 Daemon Server] - 2025-07-20T14:55:43.317Z - [WATCHER]: Subscribed to changes within: /Users/mahdi.ketabdar/Developer/menno/monorepo (native)
[NX v21.3.0 Daemon Server] - 2025-07-20T14:55:43.319Z - Established a connection. Number of open connections: 1
[NX v21.3.0 Daemon Server] - 2025-07-20T14:55:43.319Z - Established a connection. Number of open connections: 2
[NX v21.3.0 Daemon Server] - 2025-07-20T14:55:43.320Z - Closed a connection. Number of open connections: 1
[NX v21.3.0 Daemon Server] - 2025-07-20T14:55:43.320Z - [REQUEST]: Client Request for Project Graph Received
[NX v21.3.0 Daemon Server] - 2025-07-20T14:55:43.326Z - Time taken for 'loadSpecifiedNxPlugins' 0.9142500000000098ms
Time for 'plugin worker 20997 code loading' 2.1647909999999992
Time for 'plugin worker 20999 code loading' 2.2168329999999994
Time for 'plugin worker 20998 code loading' 2.149583999999999
[NX v21.3.0 Daemon Server] - 2025-07-20T14:55:43.425Z - Time taken for 'Load Nx Plugin: /Users/mahdi.ketabdar/Developer/menno/monorepo/node_modules/nx/src/plugins/project-json/build-nodes/project-json' 103.24541599999999ms
[NX v21.3.0 Daemon Server] - 2025-07-20T14:55:43.426Z - Time taken for 'Load Nx Plugin: /Users/mahdi.ketabdar/Developer/menno/monorepo/node_modules/nx/src/plugins/package-json' 104.021417ms
[NX v21.3.0 Daemon Server] - 2025-07-20T14:55:43.441Z - [REQUEST]: Updated workspace context based on watched changes, recomputing project graph...
[NX v21.3.0 Daemon Server] - 2025-07-20T14:55:43.441Z - [REQUEST]: 
[NX v21.3.0 Daemon Server] - 2025-07-20T14:55:43.441Z - [REQUEST]: 
[NX v21.3.0 Daemon Server] - 2025-07-20T14:55:43.443Z - No files changed, but no in-memory cached project graph found. Recomputing it...
[NX v21.3.0 Daemon Server] - 2025-07-20T14:55:43.447Z - Time taken for 'loadDefaultNxPlugins' 118.53479200000001ms
Time for 'nx/core/package-json:createNodes' 1.8952079999999967
Time for 'nx/core/project-json:createNodes' 2.124207999999996
Time for 'nx/js/dependencies-and-lockfile:createNodes' 5.600082999999998
[NX v21.3.0 Daemon Server] - 2025-07-20T14:55:43.533Z - Time taken for 'build-project-configs' 40.145083ms
Time for 'build typescript dependencies' 33.152457999999996
[NX v21.3.0 Daemon Server] - 2025-07-20T14:55:43.599Z - Wrote project graph cache to /Users/mahdi.ketabdar/Developer/menno/monorepo/.nx/workspace-data/project-graph.json
[NX v21.3.0 Daemon Server] - 2025-07-20T14:55:43.599Z - [SYNC]: collect registered sync generators
[NX v21.3.0 Daemon Server] - 2025-07-20T14:55:43.599Z - [REQUEST]: Responding to the client. project-graph
[NX v21.3.0 Daemon Server] - 2025-07-20T14:55:43.600Z - Time taken for 'total for creating and serializing project graph' 278.902542ms
[NX v21.3.0 Daemon Server] - 2025-07-20T14:55:43.601Z - Done responding to the client project-graph
[NX v21.3.0 Daemon Server] - 2025-07-20T14:55:43.601Z - Handled REQUEST_PROJECT_GRAPH. Handling time: 279. Response time: 2.
[NX v21.3.0 Daemon Server] - 2025-07-20T14:55:43.606Z - [REQUEST]: Responding to the client. handleRunPreTasksExecution
[NX v21.3.0 Daemon Server] - 2025-07-20T14:55:43.606Z - Done responding to the client handleRunPreTasksExecution
[NX v21.3.0 Daemon Server] - 2025-07-20T14:55:43.607Z - Handled PRE_TASKS_EXECUTION. Handling time: 0. Response time: 1.
[NX v21.3.0 Daemon Server] - 2025-07-20T14:55:43.607Z - Time taken for 'preTasksExecution' 0.17037499999997863ms
[NX v21.3.0 Daemon Server] - 2025-07-20T14:55:43.718Z - Reusing in-memory cached project graph because no files changed.
DEBUG nx::native::tasks::task_hasher: plan length: 1
DEBUG nx::native::tasks::hashers::hash_workspace_files: Hashing workspace fileset{cache_key="nx.json,.gitignore,.nxignore"}: Adding "12989128249502635799" (".gitignore") to hash
DEBUG nx::native::tasks::hashers::hash_workspace_files: Hashing workspace fileset{cache_key="nx.json,.gitignore,.nxignore"}: Adding "6848236468451372348" ("nx.json") to hash
DEBUG nx::native::tasks::hashers::hash_workspace_files: Hashing workspace fileset{cache_key="nx.json,.gitignore,.nxignore"}: Hash Value: "15843240260958847966"
[NX v21.3.0 Daemon Server] - 2025-07-20T14:55:43.800Z - [REQUEST]: Responding to the client. handleHashTasks
[NX v21.3.0 Daemon Server] - 2025-07-20T14:55:43.801Z - Done responding to the client handleHashTasks
[NX v21.3.0 Daemon Server] - 2025-07-20T14:55:43.802Z - Handled HASH_TASKS. Handling time: 83. Response time: 2.
[NX v21.3.0 Daemon Server] - 2025-07-20T14:55:43.997Z - [REQUEST]: Responding to the client. handleGetEstimatedTaskTimings
[NX v21.3.0 Daemon Server] - 2025-07-20T14:55:43.997Z - Done responding to the client handleGetEstimatedTaskTimings
[NX v21.3.0 Daemon Server] - 2025-07-20T14:55:43.997Z - Handled GET_ESTIMATED_TASK_TIMINGS. Handling time: 87. Response time: 0.
[NX v21.3.0 Daemon Server] - 2025-07-20T14:55:44.928Z - Established a connection. Number of open connections: 2
[NX v21.3.0 Daemon Server] - 2025-07-20T14:55:44.928Z - Closed a connection. Number of open connections: 1
[NX v21.3.0 Daemon Server] - 2025-07-20T14:55:44.928Z - Established a connection. Number of open connections: 2
[NX v21.3.0 Daemon Server] - 2025-07-20T14:55:44.929Z - [REQUEST]: Client Request for Project Graph Received
[NX v21.3.0 Daemon Server] - 2025-07-20T14:55:44.929Z - Reusing in-memory cached project graph because no files changed.
[NX v21.3.0 Daemon Server] - 2025-07-20T14:55:44.929Z - [REQUEST]: Responding to the client. project-graph
[NX v21.3.0 Daemon Server] - 2025-07-20T14:55:44.929Z - Time taken for 'total for creating and serializing project graph' 0.12362499999994725ms
[NX v21.3.0 Daemon Server] - 2025-07-20T14:55:44.935Z - Done responding to the client project-graph
[NX v21.3.0 Daemon Server] - 2025-07-20T14:55:44.935Z - Handled REQUEST_PROJECT_GRAPH. Handling time: 0. Response time: 6.
[NX v21.3.0 Daemon Server] - 2025-07-20T14:55:45.104Z - [WATCHER]: Processing file changes in outputs
[NX v21.3.0 Daemon Server] - 2025-07-20T14:55:45.156Z - [WATCHER]: Processing file changes in outputs
[NX v21.3.0 Daemon Server] - 2025-07-20T14:55:45.487Z - [WATCHER]: Processing file changes in outputs
[NX v21.3.0 Daemon Server] - 2025-07-20T14:55:45.572Z - [WATCHER]: Processing file changes in outputs
[NX v21.3.0 Daemon Server] - 2025-07-20T14:55:45.639Z - [WATCHER]: Processing file changes in outputs
[NX v21.3.0 Daemon Server] - 2025-07-20T14:55:45.823Z - [WATCHER]: Processing file changes in outputs
[NX v21.3.0 Daemon Server] - 2025-07-20T14:55:45.880Z - [WATCHER]: Processing file changes in outputs
[NX v21.3.0 Daemon Server] - 2025-07-20T14:55:45.946Z - [WATCHER]: Processing file changes in outputs
[NX v21.3.0 Daemon Server] - 2025-07-20T14:55:46.038Z - [WATCHER]: Processing file changes in outputs
[NX v21.3.0 Daemon Server] - 2025-07-20T14:55:46.136Z - [WATCHER]: Processing file changes in outputs
[NX v21.3.0 Daemon Server] - 2025-07-20T14:55:46.220Z - [WATCHER]: Processing file changes in outputs
[NX v21.3.0 Daemon Server] - 2025-07-20T14:55:46.291Z - [WATCHER]: Processing file changes in outputs
[NX v21.3.0 Daemon Server] - 2025-07-20T14:55:47.054Z - [WATCHER]: Processing file changes in outputs
[NX v21.3.0 Daemon Server] - 2025-07-20T14:55:48.194Z - [WATCHER]: Processing file changes in outputs
[NX v21.3.0 Daemon Server] - 2025-07-20T14:55:48.244Z - [WATCHER]: Processing file changes in outputs
[NX v21.3.0 Daemon Server] - 2025-07-20T14:55:51.987Z - [WATCHER]: Processing file changes in outputs
[NX v21.3.0 Daemon Server] - 2025-07-20T14:55:52.178Z - [WATCHER]: Processing file changes in outputs
[NX v21.3.0 Daemon Server] - 2025-07-20T14:55:52.276Z - [WATCHER]: Processing file changes in outputs
[NX v21.3.0 Daemon Server] - 2025-07-20T14:55:52.401Z - [WATCHER]: Processing file changes in outputs
[NX v21.3.0 Daemon Server] - 2025-07-20T14:55:52.457Z - [WATCHER]: Processing file changes in outputs
[NX v21.3.0 Daemon Server] - 2025-07-20T14:55:52.512Z - [WATCHER]: Processing file changes in outputs
[NX v21.3.0 Daemon Server] - 2025-07-20T14:55:52.566Z - [WATCHER]: Processing file changes in outputs
[NX v21.3.0 Daemon Server] - 2025-07-20T14:55:52.623Z - [WATCHER]: Processing file changes in outputs
[NX v21.3.0 Daemon Server] - 2025-07-20T14:55:52.684Z - [WATCHER]: Processing file changes in outputs
[NX v21.3.0 Daemon Server] - 2025-07-20T14:55:52.746Z - [WATCHER]: Processing file changes in outputs
[NX v21.3.0 Daemon Server] - 2025-07-20T14:55:52.801Z - [WATCHER]: Processing file changes in outputs
[NX v21.3.0 Daemon Server] - 2025-07-20T14:55:52.859Z - [WATCHER]: Processing file changes in outputs
[NX v21.3.0 Daemon Server] - 2025-07-20T14:55:52.972Z - [WATCHER]: Processing file changes in outputs
[NX v21.3.0 Daemon Server] - 2025-07-20T14:55:53.045Z - [WATCHER]: Processing file changes in outputs
[NX v21.3.0 Daemon Server] - 2025-07-20T14:55:54.844Z - [WATCHER]: Processing file changes in outputs
[NX v21.3.0 Daemon Server] - 2025-07-20T14:55:54.974Z - [WATCHER]: Processing file changes in outputs
[NX v21.3.0 Daemon Server] - 2025-07-20T14:55:55.026Z - [WATCHER]: Processing file changes in outputs
[NX v21.3.0 Daemon Server] - 2025-07-20T14:55:55.081Z - [WATCHER]: Processing file changes in outputs
[NX v21.3.0 Daemon Server] - 2025-07-20T14:55:55.184Z - [WATCHER]: Processing file changes in outputs
[NX v21.3.0 Daemon Server] - 2025-07-20T14:55:55.236Z - [WATCHER]: Processing file changes in outputs
[NX v21.3.0 Daemon Server] - 2025-07-20T14:55:55.322Z - [WATCHER]: Processing file changes in outputs
[NX v21.3.0 Daemon Server] - 2025-07-20T14:55:55.416Z - [WATCHER]: Processing file changes in outputs
[NX v21.3.0 Daemon Server] - 2025-07-20T14:55:55.477Z - [WATCHER]: Processing file changes in outputs
[NX v21.3.0 Daemon Server] - 2025-07-20T14:55:55.540Z - [WATCHER]: Processing file changes in outputs
[NX v21.3.0 Daemon Server] - 2025-07-20T14:55:55.609Z - [WATCHER]: Processing file changes in outputs
[NX v21.3.0 Daemon Server] - 2025-07-20T14:55:55.701Z - [WATCHER]: Processing file changes in outputs
[NX v21.3.0 Daemon Server] - 2025-07-20T14:55:56.021Z - [WATCHER]: Processing file changes in outputs
[NX v21.3.0 Daemon Server] - 2025-07-20T14:55:56.081Z - [WATCHER]: Processing file changes in outputs
[NX v21.3.0 Daemon Server] - 2025-07-20T14:55:56.145Z - [WATCHER]: Processing file changes in outputs
[NX v21.3.0 Daemon Server] - 2025-07-20T14:55:56.197Z - [WATCHER]: Processing file changes in outputs
[NX v21.3.0 Daemon Server] - 2025-07-20T14:55:56.257Z - [WATCHER]: Processing file changes in outputs
[NX v21.3.0 Daemon Server] - 2025-07-20T14:55:56.353Z - [WATCHER]: Processing file changes in outputs
[NX v21.3.0 Daemon Server] - 2025-07-20T14:55:56.471Z - [WATCHER]: Processing file changes in outputs
[NX v21.3.0 Daemon Server] - 2025-07-20T14:55:56.530Z - [WATCHER]: Processing file changes in outputs
[NX v21.3.0 Daemon Server] - 2025-07-20T14:55:56.584Z - [WATCHER]: Processing file changes in outputs
[NX v21.3.0 Daemon Server] - 2025-07-20T14:55:56.677Z - [WATCHER]: Processing file changes in outputs
[NX v21.3.0 Daemon Server] - 2025-07-20T14:55:56.739Z - [WATCHER]: Processing file changes in outputs
[NX v21.3.0 Daemon Server] - 2025-07-20T14:55:57.247Z - [WATCHER]: Processing file changes in outputs
[NX v21.3.0 Daemon Server] - 2025-07-20T14:55:57.311Z - [WATCHER]: Processing file changes in outputs
[NX v21.3.0 Daemon Server] - 2025-07-20T14:55:57.383Z - [WATCHER]: Processing file changes in outputs
[NX v21.3.0 Daemon Server] - 2025-07-20T14:55:57.449Z - [WATCHER]: Processing file changes in outputs
[NX v21.3.0 Daemon Server] - 2025-07-20T14:55:57.530Z - [WATCHER]: Processing file changes in outputs
[NX v21.3.0 Daemon Server] - 2025-07-20T14:55:57.610Z - [WATCHER]: Processing file changes in outputs
[NX v21.3.0 Daemon Server] - 2025-07-20T14:55:57.669Z - [WATCHER]: Processing file changes in outputs
[NX v21.3.0 Daemon Server] - 2025-07-20T14:55:57.740Z - [WATCHER]: Processing file changes in outputs
[NX v21.3.0 Daemon Server] - 2025-07-20T14:55:57.805Z - [WATCHER]: Processing file changes in outputs
[NX v21.3.0 Daemon Server] - 2025-07-20T14:55:58.011Z - [WATCHER]: Processing file changes in outputs
[NX v21.3.0 Daemon Server] - 2025-07-20T14:55:58.202Z - [WATCHER]: Processing file changes in outputs
[NX v21.3.0 Daemon Server] - 2025-07-20T14:55:58.254Z - [WATCHER]: Processing file changes in outputs
[NX v21.3.0 Daemon Server] - 2025-07-20T14:55:58.314Z - [WATCHER]: Processing file changes in outputs
[NX v21.3.0 Daemon Server] - 2025-07-20T14:55:58.369Z - [WATCHER]: Processing file changes in outputs
[NX v21.3.0 Daemon Server] - 2025-07-20T14:55:58.423Z - [WATCHER]: Processing file changes in outputs
[NX v21.3.0 Daemon Server] - 2025-07-20T14:55:58.500Z - [WATCHER]: Processing file changes in outputs
[NX v21.3.0 Daemon Server] - 2025-07-20T14:55:58.926Z - [WATCHER]: Processing file changes in outputs
[NX v21.3.0 Daemon Server] - 2025-07-20T14:55:58.976Z - [WATCHER]: Processing file changes in outputs
[NX v21.3.0 Daemon Server] - 2025-07-20T14:55:59.045Z - [WATCHER]: Processing file changes in outputs
[NX v21.3.0 Daemon Server] - 2025-07-20T14:55:59.103Z - [WATCHER]: Processing file changes in outputs
[NX v21.3.0 Daemon Server] - 2025-07-20T14:55:59.213Z - [WATCHER]: Processing file changes in outputs
[NX v21.3.0 Daemon Server] - 2025-07-20T14:55:59.313Z - [WATCHER]: Processing file changes in outputs
[NX v21.3.0 Daemon Server] - 2025-07-20T14:55:59.389Z - [WATCHER]: Processing file changes in outputs
[NX v21.3.0 Daemon Server] - 2025-07-20T14:55:59.461Z - [WATCHER]: Processing file changes in outputs
[NX v21.3.0 Daemon Server] - 2025-07-20T14:55:59.537Z - [WATCHER]: Processing file changes in outputs
[NX v21.3.0 Daemon Server] - 2025-07-20T14:55:59.589Z - [WATCHER]: Processing file changes in outputs
[NX v21.3.0 Daemon Server] - 2025-07-20T14:55:59.728Z - [WATCHER]: Processing file changes in outputs
[NX v21.3.0 Daemon Server] - 2025-07-20T14:56:00.080Z - [WATCHER]: Processing file changes in outputs
[NX v21.3.0 Daemon Server] - 2025-07-20T14:56:00.147Z - [WATCHER]: Processing file changes in outputs
[NX v21.3.0 Daemon Server] - 2025-07-20T14:56:00.209Z - [WATCHER]: Processing file changes in outputs
[NX v21.3.0 Daemon Server] - 2025-07-20T14:56:00.268Z - [WATCHER]: Processing file changes in outputs
[NX v21.3.0 Daemon Server] - 2025-07-20T14:56:00.358Z - [WATCHER]: Processing file changes in outputs
[NX v21.3.0 Daemon Server] - 2025-07-20T14:56:00.517Z - [WATCHER]: Processing file changes in outputs
[NX v21.3.0 Daemon Server] - 2025-07-20T14:56:00.586Z - [WATCHER]: Processing file changes in outputs
[NX v21.3.0 Daemon Server] - 2025-07-20T14:56:00.638Z - [WATCHER]: Processing file changes in outputs
[NX v21.3.0 Daemon Server] - 2025-07-20T14:56:00.695Z - [WATCHER]: Processing file changes in outputs
[NX v21.3.0 Daemon Server] - 2025-07-20T14:56:00.747Z - [WATCHER]: Processing file changes in outputs
[NX v21.3.0 Daemon Server] - 2025-07-20T14:56:00.804Z - [WATCHER]: Processing file changes in outputs
[NX v21.3.0 Daemon Server] - 2025-07-20T14:56:00.857Z - [WATCHER]: Processing file changes in outputs
[NX v21.3.0 Daemon Server] - 2025-07-20T14:56:00.910Z - [WATCHER]: Processing file changes in outputs
[NX v21.3.0 Daemon Server] - 2025-07-20T14:56:00.962Z - [WATCHER]: Processing file changes in outputs
[NX v21.3.0 Daemon Server] - 2025-07-20T14:56:01.023Z - [WATCHER]: Processing file changes in outputs
[NX v21.3.0 Daemon Server] - 2025-07-20T14:56:01.149Z - [WATCHER]: Processing file changes in outputs
[NX v21.3.0 Daemon Server] - 2025-07-20T14:56:01.201Z - [WATCHER]: Processing file changes in outputs
[NX v21.3.0 Daemon Server] - 2025-07-20T14:56:01.262Z - [WATCHER]: Processing file changes in outputs
[NX v21.3.0 Daemon Server] - 2025-07-20T14:56:01.315Z - [WATCHER]: Processing file changes in outputs
[NX v21.3.0 Daemon Server] - 2025-07-20T14:56:01.371Z - [WATCHER]: Processing file changes in outputs
[NX v21.3.0 Daemon Server] - 2025-07-20T14:56:01.425Z - [WATCHER]: Processing file changes in outputs
[NX v21.3.0 Daemon Server] - 2025-07-20T14:56:01.482Z - [WATCHER]: Processing file changes in outputs
[NX v21.3.0 Daemon Server] - 2025-07-20T14:56:01.542Z - [WATCHER]: Processing file changes in outputs
[NX v21.3.0 Daemon Server] - 2025-07-20T14:56:01.593Z - [WATCHER]: Processing file changes in outputs
[NX v21.3.0 Daemon Server] - 2025-07-20T14:56:01.681Z - [WATCHER]: Processing file changes in outputs
[NX v21.3.0 Daemon Server] - 2025-07-20T14:56:01.782Z - [WATCHER]: Processing file changes in outputs
[NX v21.3.0 Daemon Server] - 2025-07-20T14:56:01.922Z - [WATCHER]: Processing file changes in outputs
[NX v21.3.0 Daemon Server] - 2025-07-20T14:56:01.974Z - [WATCHER]: Processing file changes in outputs
[NX v21.3.0 Daemon Server] - 2025-07-20T14:56:02.031Z - [WATCHER]: Processing file changes in outputs
[NX v21.3.0 Daemon Server] - 2025-07-20T14:56:02.116Z - [WATCHER]: Processing file changes in outputs
[NX v21.3.0 Daemon Server] - 2025-07-20T14:56:02.240Z - [WATCHER]: Processing file changes in outputs
[NX v21.3.0 Daemon Server] - 2025-07-20T14:56:02.303Z - [WATCHER]: Processing file changes in outputs
[NX v21.3.0 Daemon Server] - 2025-07-20T14:56:02.355Z - [WATCHER]: Processing file changes in outputs
[NX v21.3.0 Daemon Server] - 2025-07-20T14:56:02.424Z - [WATCHER]: Processing file changes in outputs
[NX v21.3.0 Daemon Server] - 2025-07-20T14:56:02.514Z - [WATCHER]: Processing file changes in outputs
[NX v21.3.0 Daemon Server] - 2025-07-20T14:56:02.569Z - [WATCHER]: Processing file changes in outputs
[NX v21.3.0 Daemon Server] - 2025-07-20T14:56:02.673Z - [WATCHER]: Processing file changes in outputs
[NX v21.3.0 Daemon Server] - 2025-07-20T14:56:02.728Z - [WATCHER]: Processing file changes in outputs
[NX v21.3.0 Daemon Server] - 2025-07-20T14:56:02.781Z - [WATCHER]: Processing file changes in outputs
[NX v21.3.0 Daemon Server] - 2025-07-20T14:56:02.833Z - [WATCHER]: Processing file changes in outputs
[NX v21.3.0 Daemon Server] - 2025-07-20T14:56:02.899Z - [WATCHER]: Processing file changes in outputs
[NX v21.3.0 Daemon Server] - 2025-07-20T14:56:02.956Z - [WATCHER]: Processing file changes in outputs
[NX v21.3.0 Daemon Server] - 2025-07-20T14:56:03.194Z - [WATCHER]: Processing file changes in outputs
[NX v21.3.0 Daemon Server] - 2025-07-20T14:56:03.290Z - [WATCHER]: Processing file changes in outputs
[NX v21.3.0 Daemon Server] - 2025-07-20T14:56:03.405Z - [WATCHER]: Processing file changes in outputs
[NX v21.3.0 Daemon Server] - 2025-07-20T14:56:03.474Z - [WATCHER]: Processing file changes in outputs
[NX v21.3.0 Daemon Server] - 2025-07-20T14:56:03.566Z - [WATCHER]: Processing file changes in outputs
[NX v21.3.0 Daemon Server] - 2025-07-20T14:56:03.618Z - [WATCHER]: Processing file changes in outputs
[NX v21.3.0 Daemon Server] - 2025-07-20T14:56:03.673Z - [WATCHER]: Processing file changes in outputs
[NX v21.3.0 Daemon Server] - 2025-07-20T14:56:03.726Z - [WATCHER]: Processing file changes in outputs
[NX v21.3.0 Daemon Server] - 2025-07-20T14:56:03.779Z - [WATCHER]: Processing file changes in outputs
[NX v21.3.0 Daemon Server] - 2025-07-20T14:56:03.841Z - [WATCHER]: Processing file changes in outputs
[NX v21.3.0 Daemon Server] - 2025-07-20T14:56:04.124Z - [WATCHER]: Processing file changes in outputs
[NX v21.3.0 Daemon Server] - 2025-07-20T14:56:04.182Z - [WATCHER]: Processing file changes in outputs
[NX v21.3.0 Daemon Server] - 2025-07-20T14:56:04.279Z - [WATCHER]: Processing file changes in outputs
[NX v21.3.0 Daemon Server] - 2025-07-20T14:56:04.338Z - [WATCHER]: Processing file changes in outputs
[NX v21.3.0 Daemon Server] - 2025-07-20T14:56:04.393Z - [WATCHER]: Processing file changes in outputs
[NX v21.3.0 Daemon Server] - 2025-07-20T14:56:04.443Z - [WATCHER]: Processing file changes in outputs
[NX v21.3.0 Daemon Server] - 2025-07-20T14:56:04.495Z - [WATCHER]: Processing file changes in outputs
[NX v21.3.0 Daemon Server] - 2025-07-20T14:56:04.554Z - [WATCHER]: Processing file changes in outputs
[NX v21.3.0 Daemon Server] - 2025-07-20T14:56:04.615Z - [WATCHER]: Processing file changes in outputs
[NX v21.3.0 Daemon Server] - 2025-07-20T14:56:04.667Z - [WATCHER]: Processing file changes in outputs
[NX v21.3.0 Daemon Server] - 2025-07-20T14:56:04.735Z - [WATCHER]: Processing file changes in outputs
[NX v21.3.0 Daemon Server] - 2025-07-20T14:56:04.787Z - [WATCHER]: Processing file changes in outputs
[NX v21.3.0 Daemon Server] - 2025-07-20T14:56:04.845Z - [WATCHER]: Processing file changes in outputs
[NX v21.3.0 Daemon Server] - 2025-07-20T14:56:04.897Z - [WATCHER]: Processing file changes in outputs
[NX v21.3.0 Daemon Server] - 2025-07-20T14:56:10.079Z - [WATCHER]: Processing file changes in outputs
[NX v21.3.0 Daemon Server] - 2025-07-20T14:56:10.265Z - [WATCHER]: Processing file changes in outputs
[NX v21.3.0 Daemon Server] - 2025-07-20T14:57:06.501Z - Established a connection. Number of open connections: 3
[NX v21.3.0 Daemon Server] - 2025-07-20T14:57:06.503Z - Established a connection. Number of open connections: 4
[NX v21.3.0 Daemon Server] - 2025-07-20T14:57:06.503Z - Closed a connection. Number of open connections: 3
[NX v21.3.0 Daemon Server] - 2025-07-20T14:57:06.506Z - [REQUEST]: Client Request for Project Graph Received
[NX v21.3.0 Daemon Server] - 2025-07-20T14:57:06.506Z - Reusing in-memory cached project graph because no files changed.
[NX v21.3.0 Daemon Server] - 2025-07-20T14:57:06.506Z - [REQUEST]: Responding to the client. project-graph
[NX v21.3.0 Daemon Server] - 2025-07-20T14:57:06.507Z - Time taken for 'total for creating and serializing project graph' 0.3169579999957932ms
[NX v21.3.0 Daemon Server] - 2025-07-20T14:57:06.508Z - Done responding to the client project-graph
[NX v21.3.0 Daemon Server] - 2025-07-20T14:57:06.508Z - Handled REQUEST_PROJECT_GRAPH. Handling time: 0. Response time: 2.
[NX v21.3.0 Daemon Server] - 2025-07-20T14:57:06.513Z - [REQUEST]: Responding to the client. handleRunPreTasksExecution
[NX v21.3.0 Daemon Server] - 2025-07-20T14:57:06.513Z - Done responding to the client handleRunPreTasksExecution
[NX v21.3.0 Daemon Server] - 2025-07-20T14:57:06.513Z - Handled PRE_TASKS_EXECUTION. Handling time: 0. Response time: 0.
[NX v21.3.0 Daemon Server] - 2025-07-20T14:57:06.513Z - Time taken for 'preTasksExecution' 0.0715420000051381ms
[NX v21.3.0 Daemon Server] - 2025-07-20T14:57:06.564Z - Reusing in-memory cached project graph because no files changed.
DEBUG nx::native::tasks::task_hasher: plan length: 1
[NX v21.3.0 Daemon Server] - 2025-07-20T14:57:06.573Z - [REQUEST]: Responding to the client. handleHashTasks
[NX v21.3.0 Daemon Server] - 2025-07-20T14:57:06.573Z - Done responding to the client handleHashTasks
[NX v21.3.0 Daemon Server] - 2025-07-20T14:57:06.573Z - Handled HASH_TASKS. Handling time: 9. Response time: 0.
[NX v21.3.0 Daemon Server] - 2025-07-20T14:57:06.631Z - [REQUEST]: Responding to the client. handleGetEstimatedTaskTimings
[NX v21.3.0 Daemon Server] - 2025-07-20T14:57:06.631Z - Done responding to the client handleGetEstimatedTaskTimings
[NX v21.3.0 Daemon Server] - 2025-07-20T14:57:06.631Z - Handled GET_ESTIMATED_TASK_TIMINGS. Handling time: 0. Response time: 0.
[NX v21.3.0 Daemon Server] - 2025-07-20T14:57:07.189Z - [WATCHER]: Processing file changes in outputs
[NX v21.3.0 Daemon Server] - 2025-07-20T14:57:12.860Z - [WATCHER]: Processing file changes in outputs
[NX v21.3.0 Daemon Server] - 2025-07-20T14:59:21.520Z - [REQUEST]: Responding to the client. recordOutputsHash
[NX v21.3.0 Daemon Server] - 2025-07-20T14:59:21.524Z - Done responding to the client recordOutputsHash
[NX v21.3.0 Daemon Server] - 2025-07-20T14:59:21.524Z - Handled RECORD_OUTPUTS_HASH. Handling time: 7. Response time: 4.
[NX v21.3.0 Daemon Server] - 2025-07-20T14:59:21.540Z - [REQUEST]: Responding to the client. handleRecordTaskRuns
[NX v21.3.0 Daemon Server] - 2025-07-20T14:59:21.541Z - Done responding to the client handleRecordTaskRuns
[NX v21.3.0 Daemon Server] - 2025-07-20T14:59:21.541Z - Handled RECORD_TASK_RUNS. Handling time: 3. Response time: 1.
[NX v21.3.0 Daemon Server] - 2025-07-20T14:59:21.544Z - [REQUEST]: Responding to the client. handleGetFlakyTasks
[NX v21.3.0 Daemon Server] - 2025-07-20T14:59:21.544Z - Done responding to the client handleGetFlakyTasks
[NX v21.3.0 Daemon Server] - 2025-07-20T14:59:21.544Z - Handled GET_FLAKY_TASKS. Handling time: 1. Response time: 0.
[NX v21.3.0 Daemon Server] - 2025-07-20T14:59:21.781Z - Closed a connection. Number of open connections: 2
[NX v21.3.0 Daemon Server] - 2025-07-20T14:59:26.598Z - Established a connection. Number of open connections: 3
[NX v21.3.0 Daemon Server] - 2025-07-20T14:59:26.599Z - Closed a connection. Number of open connections: 2
[NX v21.3.0 Daemon Server] - 2025-07-20T14:59:26.599Z - Established a connection. Number of open connections: 3
[NX v21.3.0 Daemon Server] - 2025-07-20T14:59:26.602Z - [REQUEST]: Client Request for Project Graph Received
[NX v21.3.0 Daemon Server] - 2025-07-20T14:59:26.602Z - Reusing in-memory cached project graph because no files changed.
[NX v21.3.0 Daemon Server] - 2025-07-20T14:59:26.602Z - [REQUEST]: Responding to the client. project-graph
[NX v21.3.0 Daemon Server] - 2025-07-20T14:59:26.603Z - Time taken for 'total for creating and serializing project graph' 0.4748339999932796ms
[NX v21.3.0 Daemon Server] - 2025-07-20T14:59:26.605Z - Done responding to the client project-graph
[NX v21.3.0 Daemon Server] - 2025-07-20T14:59:26.605Z - Handled REQUEST_PROJECT_GRAPH. Handling time: 0. Response time: 3.
[NX v21.3.0 Daemon Server] - 2025-07-20T14:59:26.609Z - [REQUEST]: Responding to the client. handleRunPreTasksExecution
[NX v21.3.0 Daemon Server] - 2025-07-20T14:59:26.609Z - Done responding to the client handleRunPreTasksExecution
[NX v21.3.0 Daemon Server] - 2025-07-20T14:59:26.609Z - Handled PRE_TASKS_EXECUTION. Handling time: 0. Response time: 0.
[NX v21.3.0 Daemon Server] - 2025-07-20T14:59:26.609Z - Time taken for 'preTasksExecution' 0.06729099998483434ms
[NX v21.3.0 Daemon Server] - 2025-07-20T14:59:26.655Z - Reusing in-memory cached project graph because no files changed.
DEBUG nx::native::tasks::task_hasher: plan length: 1
[NX v21.3.0 Daemon Server] - 2025-07-20T14:59:26.661Z - [REQUEST]: Responding to the client. handleHashTasks
[NX v21.3.0 Daemon Server] - 2025-07-20T14:59:26.661Z - Done responding to the client handleHashTasks
[NX v21.3.0 Daemon Server] - 2025-07-20T14:59:26.661Z - Handled HASH_TASKS. Handling time: 7. Response time: 0.
[NX v21.3.0 Daemon Server] - 2025-07-20T14:59:26.715Z - [REQUEST]: Responding to the client. handleGetEstimatedTaskTimings
[NX v21.3.0 Daemon Server] - 2025-07-20T14:59:26.715Z - Done responding to the client handleGetEstimatedTaskTimings
[NX v21.3.0 Daemon Server] - 2025-07-20T14:59:26.715Z - Handled GET_ESTIMATED_TASK_TIMINGS. Handling time: 0. Response time: 0.
[NX v21.3.0 Daemon Server] - 2025-07-20T14:59:27.402Z - Established a connection. Number of open connections: 4
[NX v21.3.0 Daemon Server] - 2025-07-20T14:59:27.403Z - Closed a connection. Number of open connections: 3
[NX v21.3.0 Daemon Server] - 2025-07-20T14:59:27.403Z - Established a connection. Number of open connections: 4
[NX v21.3.0 Daemon Server] - 2025-07-20T14:59:27.404Z - [REQUEST]: Client Request for Project Graph Received
[NX v21.3.0 Daemon Server] - 2025-07-20T14:59:27.404Z - Reusing in-memory cached project graph because no files changed.
[NX v21.3.0 Daemon Server] - 2025-07-20T14:59:27.404Z - [REQUEST]: Responding to the client. project-graph
[NX v21.3.0 Daemon Server] - 2025-07-20T14:59:27.404Z - Time taken for 'total for creating and serializing project graph' 0.1774159999913536ms
[NX v21.3.0 Daemon Server] - 2025-07-20T14:59:27.406Z - Done responding to the client project-graph
[NX v21.3.0 Daemon Server] - 2025-07-20T14:59:27.406Z - Handled REQUEST_PROJECT_GRAPH. Handling time: 0. Response time: 2.
[NX v21.3.0 Daemon Server] - 2025-07-20T14:59:27.646Z - Closed a connection. Number of open connections: 3
[NX v21.3.0 Daemon Server] - 2025-07-20T14:59:27.652Z - [REQUEST]: Responding to the client. recordOutputsHash
[NX v21.3.0 Daemon Server] - 2025-07-20T14:59:27.652Z - Done responding to the client recordOutputsHash
[NX v21.3.0 Daemon Server] - 2025-07-20T14:59:27.652Z - Handled RECORD_OUTPUTS_HASH. Handling time: 0. Response time: 0.
[NX v21.3.0 Daemon Server] - 2025-07-20T14:59:27.653Z - [REQUEST]: Responding to the client. handleRecordTaskRuns
[NX v21.3.0 Daemon Server] - 2025-07-20T14:59:27.654Z - Done responding to the client handleRecordTaskRuns
[NX v21.3.0 Daemon Server] - 2025-07-20T14:59:27.654Z - Handled RECORD_TASK_RUNS. Handling time: 0. Response time: 1.
[NX v21.3.0 Daemon Server] - 2025-07-20T14:59:27.654Z - [REQUEST]: Responding to the client. handleGetFlakyTasks
[NX v21.3.0 Daemon Server] - 2025-07-20T14:59:27.654Z - Done responding to the client handleGetFlakyTasks
[NX v21.3.0 Daemon Server] - 2025-07-20T14:59:27.654Z - Handled GET_FLAKY_TASKS. Handling time: 0. Response time: 0.
[NX v21.3.0 Daemon Server] - 2025-07-20T14:59:28.060Z - [REQUEST]: Responding to the client. handleRunPostTasksExecution
[NX v21.3.0 Daemon Server] - 2025-07-20T14:59:28.060Z - Done responding to the client handleRunPostTasksExecution
[NX v21.3.0 Daemon Server] - 2025-07-20T14:59:28.060Z - Handled POST_TASKS_EXECUTION. Handling time: 0. Response time: 0.
[NX v21.3.0 Daemon Server] - 2025-07-20T14:59:28.060Z - Time taken for 'postTasksExecution' 0.07441699999617413ms
[NX v21.3.0 Daemon Server] - 2025-07-20T14:59:28.064Z - Closed a connection. Number of open connections: 2
[NX v21.3.0 Daemon Server] - 2025-07-20T14:59:56.753Z - Established a connection. Number of open connections: 3
[NX v21.3.0 Daemon Server] - 2025-07-20T14:59:56.754Z - Closed a connection. Number of open connections: 2
[NX v21.3.0 Daemon Server] - 2025-07-20T14:59:56.754Z - Established a connection. Number of open connections: 3
[NX v21.3.0 Daemon Server] - 2025-07-20T14:59:56.756Z - [REQUEST]: Client Request for Project Graph Received
[NX v21.3.0 Daemon Server] - 2025-07-20T14:59:56.756Z - Reusing in-memory cached project graph because no files changed.
[NX v21.3.0 Daemon Server] - 2025-07-20T14:59:56.756Z - [REQUEST]: Responding to the client. project-graph
[NX v21.3.0 Daemon Server] - 2025-07-20T14:59:56.757Z - Time taken for 'total for creating and serializing project graph' 0.19174999999813735ms
[NX v21.3.0 Daemon Server] - 2025-07-20T14:59:56.759Z - Done responding to the client project-graph
[NX v21.3.0 Daemon Server] - 2025-07-20T14:59:56.759Z - Handled REQUEST_PROJECT_GRAPH. Handling time: 0. Response time: 3.
[NX v21.3.0 Daemon Server] - 2025-07-20T14:59:56.764Z - [REQUEST]: Responding to the client. handleRunPreTasksExecution
[NX v21.3.0 Daemon Server] - 2025-07-20T14:59:56.764Z - Done responding to the client handleRunPreTasksExecution
[NX v21.3.0 Daemon Server] - 2025-07-20T14:59:56.764Z - Handled PRE_TASKS_EXECUTION. Handling time: 0. Response time: 0.
[NX v21.3.0 Daemon Server] - 2025-07-20T14:59:56.764Z - Time taken for 'preTasksExecution' 0.06704099997295998ms
[NX v21.3.0 Daemon Server] - 2025-07-20T14:59:56.806Z - Reusing in-memory cached project graph because no files changed.
DEBUG nx::native::tasks::task_hasher: plan length: 1
[NX v21.3.0 Daemon Server] - 2025-07-20T14:59:56.811Z - [REQUEST]: Responding to the client. handleHashTasks
[NX v21.3.0 Daemon Server] - 2025-07-20T14:59:56.811Z - Done responding to the client handleHashTasks
[NX v21.3.0 Daemon Server] - 2025-07-20T14:59:56.811Z - Handled HASH_TASKS. Handling time: 5. Response time: 0.
[NX v21.3.0 Daemon Server] - 2025-07-20T14:59:56.850Z - [REQUEST]: Responding to the client. handleGetEstimatedTaskTimings
[NX v21.3.0 Daemon Server] - 2025-07-20T14:59:56.850Z - Done responding to the client handleGetEstimatedTaskTimings
[NX v21.3.0 Daemon Server] - 2025-07-20T14:59:56.850Z - Handled GET_ESTIMATED_TASK_TIMINGS. Handling time: 0. Response time: 0.
[NX v21.3.0 Daemon Server] - 2025-07-20T14:59:57.434Z - Established a connection. Number of open connections: 4
[NX v21.3.0 Daemon Server] - 2025-07-20T14:59:57.435Z - Closed a connection. Number of open connections: 3
[NX v21.3.0 Daemon Server] - 2025-07-20T14:59:57.435Z - Established a connection. Number of open connections: 4
[NX v21.3.0 Daemon Server] - 2025-07-20T14:59:57.436Z - [REQUEST]: Client Request for Project Graph Received
[NX v21.3.0 Daemon Server] - 2025-07-20T14:59:57.436Z - Reusing in-memory cached project graph because no files changed.
[NX v21.3.0 Daemon Server] - 2025-07-20T14:59:57.436Z - [REQUEST]: Responding to the client. project-graph
[NX v21.3.0 Daemon Server] - 2025-07-20T14:59:57.436Z - Time taken for 'total for creating and serializing project graph' 0.13945799999055453ms
[NX v21.3.0 Daemon Server] - 2025-07-20T14:59:57.438Z - Done responding to the client project-graph
[NX v21.3.0 Daemon Server] - 2025-07-20T14:59:57.438Z - Handled REQUEST_PROJECT_GRAPH. Handling time: 0. Response time: 2.
[NX v21.3.0 Daemon Server] - 2025-07-20T14:59:57.641Z - Closed a connection. Number of open connections: 3
[NX v21.3.0 Daemon Server] - 2025-07-20T14:59:57.649Z - [REQUEST]: Responding to the client. recordOutputsHash
[NX v21.3.0 Daemon Server] - 2025-07-20T14:59:57.649Z - Done responding to the client recordOutputsHash
[NX v21.3.0 Daemon Server] - 2025-07-20T14:59:57.649Z - Handled RECORD_OUTPUTS_HASH. Handling time: 0. Response time: 0.
[NX v21.3.0 Daemon Server] - 2025-07-20T14:59:57.651Z - [REQUEST]: Responding to the client. handleRecordTaskRuns
[NX v21.3.0 Daemon Server] - 2025-07-20T14:59:57.651Z - Done responding to the client handleRecordTaskRuns
[NX v21.3.0 Daemon Server] - 2025-07-20T14:59:57.651Z - Handled RECORD_TASK_RUNS. Handling time: 1. Response time: 0.
[NX v21.3.0 Daemon Server] - 2025-07-20T14:59:57.651Z - [REQUEST]: Responding to the client. handleGetFlakyTasks
[NX v21.3.0 Daemon Server] - 2025-07-20T14:59:57.651Z - Done responding to the client handleGetFlakyTasks
[NX v21.3.0 Daemon Server] - 2025-07-20T14:59:57.651Z - Handled GET_FLAKY_TASKS. Handling time: 0. Response time: 0.
[NX v21.3.0 Daemon Server] - 2025-07-20T14:59:58.073Z - [REQUEST]: Responding to the client. handleRunPostTasksExecution
[NX v21.3.0 Daemon Server] - 2025-07-20T14:59:58.074Z - Done responding to the client handleRunPostTasksExecution
[NX v21.3.0 Daemon Server] - 2025-07-20T14:59:58.074Z - Handled POST_TASKS_EXECUTION. Handling time: 0. Response time: 1.
[NX v21.3.0 Daemon Server] - 2025-07-20T14:59:58.074Z - Time taken for 'postTasksExecution' 0.0625ms
[NX v21.3.0 Daemon Server] - 2025-07-20T14:59:58.077Z - Closed a connection. Number of open connections: 2
[NX v21.3.0 Daemon Server] - 2025-07-20T14:59:59.339Z - [REQUEST]: Responding to the client. recordOutputsHash
[NX v21.3.0 Daemon Server] - 2025-07-20T14:59:59.339Z - Done responding to the client recordOutputsHash
[NX v21.3.0 Daemon Server] - 2025-07-20T14:59:59.339Z - Handled RECORD_OUTPUTS_HASH. Handling time: 0. Response time: 0.
[NX v21.3.0 Daemon Server] - 2025-07-20T14:59:59.351Z - [REQUEST]: Responding to the client. handleRecordTaskRuns
[NX v21.3.0 Daemon Server] - 2025-07-20T14:59:59.351Z - Done responding to the client handleRecordTaskRuns
[NX v21.3.0 Daemon Server] - 2025-07-20T14:59:59.351Z - Handled RECORD_TASK_RUNS. Handling time: 1. Response time: 0.
[NX v21.3.0 Daemon Server] - 2025-07-20T14:59:59.352Z - [REQUEST]: Responding to the client. handleGetFlakyTasks
[NX v21.3.0 Daemon Server] - 2025-07-20T14:59:59.352Z - Done responding to the client handleGetFlakyTasks
[NX v21.3.0 Daemon Server] - 2025-07-20T14:59:59.352Z - Handled GET_FLAKY_TASKS. Handling time: 0. Response time: 0.
[NX v21.3.0 Daemon Server] - 2025-07-20T14:59:59.358Z - Closed a connection. Number of open connections: 1
[NX v21.3.0 Daemon Server] - 2025-07-20T14:59:59.895Z - [REQUEST]: Responding to the client. handleRunPostTasksExecution
[NX v21.3.0 Daemon Server] - 2025-07-20T14:59:59.895Z - Done responding to the client handleRunPostTasksExecution
[NX v21.3.0 Daemon Server] - 2025-07-20T14:59:59.895Z - Handled POST_TASKS_EXECUTION. Handling time: 0. Response time: 0.
[NX v21.3.0 Daemon Server] - 2025-07-20T14:59:59.895Z - Time taken for 'postTasksExecution' 0.054500000027474016ms
[NX v21.3.0 Daemon Server] - 2025-07-20T14:59:59.901Z - Closed a connection. Number of open connections: 0
[NX v21.3.0 Daemon Server] - 2025-07-20T15:00:02.484Z - Established a connection. Number of open connections: 1
[NX v21.3.0 Daemon Server] - 2025-07-20T15:00:02.485Z - Closed a connection. Number of open connections: 0
[NX v21.3.0 Daemon Server] - 2025-07-20T15:00:02.485Z - Established a connection. Number of open connections: 1
[NX v21.3.0 Daemon Server] - 2025-07-20T15:00:02.486Z - [REQUEST]: Client Request for Project Graph Received
[NX v21.3.0 Daemon Server] - 2025-07-20T15:00:02.486Z - Reusing in-memory cached project graph because no files changed.
[NX v21.3.0 Daemon Server] - 2025-07-20T15:00:02.486Z - [REQUEST]: Responding to the client. project-graph
[NX v21.3.0 Daemon Server] - 2025-07-20T15:00:02.486Z - Time taken for 'total for creating and serializing project graph' 0.13429200000246055ms
[NX v21.3.0 Daemon Server] - 2025-07-20T15:00:02.489Z - Done responding to the client project-graph
[NX v21.3.0 Daemon Server] - 2025-07-20T15:00:02.489Z - Handled REQUEST_PROJECT_GRAPH. Handling time: 0. Response time: 3.
[NX v21.3.0 Daemon Server] - 2025-07-20T15:00:02.493Z - [REQUEST]: Responding to the client. handleRunPreTasksExecution
[NX v21.3.0 Daemon Server] - 2025-07-20T15:00:02.493Z - Done responding to the client handleRunPreTasksExecution
[NX v21.3.0 Daemon Server] - 2025-07-20T15:00:02.493Z - Handled PRE_TASKS_EXECUTION. Handling time: 0. Response time: 0.
[NX v21.3.0 Daemon Server] - 2025-07-20T15:00:02.493Z - Time taken for 'preTasksExecution' 0.054291000007651746ms
[NX v21.3.0 Daemon Server] - 2025-07-20T15:00:02.582Z - Reusing in-memory cached project graph because no files changed.
DEBUG nx::native::tasks::task_hasher: plan length: 1
[NX v21.3.0 Daemon Server] - 2025-07-20T15:00:02.589Z - [REQUEST]: Responding to the client. handleHashTasks
[NX v21.3.0 Daemon Server] - 2025-07-20T15:00:02.589Z - Done responding to the client handleHashTasks
[NX v21.3.0 Daemon Server] - 2025-07-20T15:00:02.589Z - Handled HASH_TASKS. Handling time: 7. Response time: 0.
[NX v21.3.0 Daemon Server] - 2025-07-20T15:00:02.629Z - [REQUEST]: Responding to the client. handleGetEstimatedTaskTimings
[NX v21.3.0 Daemon Server] - 2025-07-20T15:00:02.629Z - Done responding to the client handleGetEstimatedTaskTimings
[NX v21.3.0 Daemon Server] - 2025-07-20T15:00:02.629Z - Handled GET_ESTIMATED_TASK_TIMINGS. Handling time: 0. Response time: 0.
[NX v21.3.0 Daemon Server] - 2025-07-20T15:00:03.018Z - Established a connection. Number of open connections: 2
[NX v21.3.0 Daemon Server] - 2025-07-20T15:00:03.019Z - Closed a connection. Number of open connections: 1
[NX v21.3.0 Daemon Server] - 2025-07-20T15:00:03.019Z - Established a connection. Number of open connections: 2
[NX v21.3.0 Daemon Server] - 2025-07-20T15:00:03.020Z - [REQUEST]: Client Request for Project Graph Received
[NX v21.3.0 Daemon Server] - 2025-07-20T15:00:03.020Z - Reusing in-memory cached project graph because no files changed.
[NX v21.3.0 Daemon Server] - 2025-07-20T15:00:03.020Z - [REQUEST]: Responding to the client. project-graph
[NX v21.3.0 Daemon Server] - 2025-07-20T15:00:03.020Z - Time taken for 'total for creating and serializing project graph' 0.1739579999994021ms
[NX v21.3.0 Daemon Server] - 2025-07-20T15:00:03.022Z - Done responding to the client project-graph
[NX v21.3.0 Daemon Server] - 2025-07-20T15:00:03.022Z - Handled REQUEST_PROJECT_GRAPH. Handling time: 0. Response time: 2.
[NX v21.3.0 Daemon Server] - 2025-07-20T15:00:10.605Z - [REQUEST]: Responding to the client. recordOutputsHash
[NX v21.3.0 Daemon Server] - 2025-07-20T15:00:10.606Z - Done responding to the client recordOutputsHash
[NX v21.3.0 Daemon Server] - 2025-07-20T15:00:10.606Z - Handled RECORD_OUTPUTS_HASH. Handling time: 0. Response time: 1.
[NX v21.3.0 Daemon Server] - 2025-07-20T15:00:10.609Z - [REQUEST]: Responding to the client. handleRecordTaskRuns
[NX v21.3.0 Daemon Server] - 2025-07-20T15:00:10.609Z - Done responding to the client handleRecordTaskRuns
[NX v21.3.0 Daemon Server] - 2025-07-20T15:00:10.609Z - Handled RECORD_TASK_RUNS. Handling time: 0. Response time: 0.
[NX v21.3.0 Daemon Server] - 2025-07-20T15:00:10.610Z - [REQUEST]: Responding to the client. handleGetFlakyTasks
[NX v21.3.0 Daemon Server] - 2025-07-20T15:00:10.610Z - Done responding to the client handleGetFlakyTasks
[NX v21.3.0 Daemon Server] - 2025-07-20T15:00:10.610Z - Handled GET_FLAKY_TASKS. Handling time: 0. Response time: 0.
[NX v21.3.0 Daemon Server] - 2025-07-20T15:00:10.642Z - Closed a connection. Number of open connections: 1
[NX v21.3.0 Daemon Server] - 2025-07-20T15:00:11.021Z - [REQUEST]: Responding to the client. handleRunPostTasksExecution
[NX v21.3.0 Daemon Server] - 2025-07-20T15:00:11.021Z - Done responding to the client handleRunPostTasksExecution
[NX v21.3.0 Daemon Server] - 2025-07-20T15:00:11.021Z - Handled POST_TASKS_EXECUTION. Handling time: 1. Response time: 0.
[NX v21.3.0 Daemon Server] - 2025-07-20T15:00:11.021Z - Time taken for 'postTasksExecution' 0.09379199997056276ms
[NX v21.3.0 Daemon Server] - 2025-07-20T15:00:11.024Z - Closed a connection. Number of open connections: 0
[NX v21.3.0 Daemon Server] - 2025-07-20T15:00:16.964Z - Established a connection. Number of open connections: 1
[NX v21.3.0 Daemon Server] - 2025-07-20T15:00:16.965Z - Closed a connection. Number of open connections: 0
[NX v21.3.0 Daemon Server] - 2025-07-20T15:00:16.965Z - Established a connection. Number of open connections: 1
[NX v21.3.0 Daemon Server] - 2025-07-20T15:00:16.966Z - [REQUEST]: Client Request for Project Graph Received
[NX v21.3.0 Daemon Server] - 2025-07-20T15:00:16.966Z - Reusing in-memory cached project graph because no files changed.
[NX v21.3.0 Daemon Server] - 2025-07-20T15:00:16.966Z - [REQUEST]: Responding to the client. project-graph
[NX v21.3.0 Daemon Server] - 2025-07-20T15:00:16.967Z - Time taken for 'total for creating and serializing project graph' 0.28645799995865673ms
[NX v21.3.0 Daemon Server] - 2025-07-20T15:00:16.969Z - Done responding to the client project-graph
[NX v21.3.0 Daemon Server] - 2025-07-20T15:00:16.969Z - Handled REQUEST_PROJECT_GRAPH. Handling time: 0. Response time: 3.
[NX v21.3.0 Daemon Server] - 2025-07-20T15:00:16.973Z - [REQUEST]: Responding to the client. handleRunPreTasksExecution
[NX v21.3.0 Daemon Server] - 2025-07-20T15:00:16.973Z - Done responding to the client handleRunPreTasksExecution
[NX v21.3.0 Daemon Server] - 2025-07-20T15:00:16.973Z - Handled PRE_TASKS_EXECUTION. Handling time: 0. Response time: 0.
[NX v21.3.0 Daemon Server] - 2025-07-20T15:00:16.973Z - Time taken for 'preTasksExecution' 0.06125000002793968ms
[NX v21.3.0 Daemon Server] - 2025-07-20T15:00:17.007Z - Reusing in-memory cached project graph because no files changed.
DEBUG nx::native::tasks::task_hasher: plan length: 1
[NX v21.3.0 Daemon Server] - 2025-07-20T15:00:17.013Z - [REQUEST]: Responding to the client. handleHashTasks
[NX v21.3.0 Daemon Server] - 2025-07-20T15:00:17.013Z - Done responding to the client handleHashTasks
[NX v21.3.0 Daemon Server] - 2025-07-20T15:00:17.013Z - Handled HASH_TASKS. Handling time: 6. Response time: 0.
[NX v21.3.0 Daemon Server] - 2025-07-20T15:00:17.052Z - [REQUEST]: Responding to the client. handleGetEstimatedTaskTimings
[NX v21.3.0 Daemon Server] - 2025-07-20T15:00:17.052Z - Done responding to the client handleGetEstimatedTaskTimings
[NX v21.3.0 Daemon Server] - 2025-07-20T15:00:17.052Z - Handled GET_ESTIMATED_TASK_TIMINGS. Handling time: 0. Response time: 0.
[NX v21.3.0 Daemon Server] - 2025-07-20T15:00:17.662Z - Established a connection. Number of open connections: 2
[NX v21.3.0 Daemon Server] - 2025-07-20T15:00:17.662Z - Closed a connection. Number of open connections: 1
[NX v21.3.0 Daemon Server] - 2025-07-20T15:00:17.662Z - Established a connection. Number of open connections: 2
[NX v21.3.0 Daemon Server] - 2025-07-20T15:00:17.663Z - [REQUEST]: Client Request for Project Graph Received
[NX v21.3.0 Daemon Server] - 2025-07-20T15:00:17.663Z - Reusing in-memory cached project graph because no files changed.
[NX v21.3.0 Daemon Server] - 2025-07-20T15:00:17.663Z - [REQUEST]: Responding to the client. project-graph
[NX v21.3.0 Daemon Server] - 2025-07-20T15:00:17.664Z - Time taken for 'total for creating and serializing project graph' 0.21774999995250255ms
[NX v21.3.0 Daemon Server] - 2025-07-20T15:00:17.665Z - Done responding to the client project-graph
[NX v21.3.0 Daemon Server] - 2025-07-20T15:00:17.665Z - Handled REQUEST_PROJECT_GRAPH. Handling time: 0. Response time: 2.
[NX v21.3.0 Daemon Server] - 2025-07-20T15:00:17.902Z - Closed a connection. Number of open connections: 1
[NX v21.3.0 Daemon Server] - 2025-07-20T15:00:17.908Z - [REQUEST]: Responding to the client. recordOutputsHash
[NX v21.3.0 Daemon Server] - 2025-07-20T15:00:17.909Z - Done responding to the client recordOutputsHash
[NX v21.3.0 Daemon Server] - 2025-07-20T15:00:17.909Z - Handled RECORD_OUTPUTS_HASH. Handling time: 0. Response time: 1.
[NX v21.3.0 Daemon Server] - 2025-07-20T15:00:17.910Z - [REQUEST]: Responding to the client. handleRecordTaskRuns
[NX v21.3.0 Daemon Server] - 2025-07-20T15:00:17.910Z - Done responding to the client handleRecordTaskRuns
[NX v21.3.0 Daemon Server] - 2025-07-20T15:00:17.910Z - Handled RECORD_TASK_RUNS. Handling time: 0. Response time: 0.
[NX v21.3.0 Daemon Server] - 2025-07-20T15:00:17.910Z - [REQUEST]: Responding to the client. handleGetFlakyTasks
[NX v21.3.0 Daemon Server] - 2025-07-20T15:00:17.910Z - Done responding to the client handleGetFlakyTasks
[NX v21.3.0 Daemon Server] - 2025-07-20T15:00:17.910Z - Handled GET_FLAKY_TASKS. Handling time: 0. Response time: 0.
[NX v21.3.0 Daemon Server] - 2025-07-20T15:00:18.314Z - [REQUEST]: Responding to the client. handleRunPostTasksExecution
[NX v21.3.0 Daemon Server] - 2025-07-20T15:00:18.314Z - Done responding to the client handleRunPostTasksExecution
[NX v21.3.0 Daemon Server] - 2025-07-20T15:00:18.315Z - Handled POST_TASKS_EXECUTION. Handling time: 0. Response time: 1.
[NX v21.3.0 Daemon Server] - 2025-07-20T15:00:18.315Z - Time taken for 'postTasksExecution' 0.053416999988257885ms
[NX v21.3.0 Daemon Server] - 2025-07-20T15:00:18.318Z - Closed a connection. Number of open connections: 0
[NX v21.3.0 Daemon Server] - 2025-07-20T15:01:13.365Z - Established a connection. Number of open connections: 1
[NX v21.3.0 Daemon Server] - 2025-07-20T15:01:13.367Z - Established a connection. Number of open connections: 2
[NX v21.3.0 Daemon Server] - 2025-07-20T15:01:13.367Z - Closed a connection. Number of open connections: 1
[NX v21.3.0 Daemon Server] - 2025-07-20T15:01:13.369Z - [REQUEST]: Client Request for Project Graph Received
[NX v21.3.0 Daemon Server] - 2025-07-20T15:01:13.370Z - Reusing in-memory cached project graph because no files changed.
[NX v21.3.0 Daemon Server] - 2025-07-20T15:01:13.370Z - [REQUEST]: Responding to the client. project-graph
[NX v21.3.0 Daemon Server] - 2025-07-20T15:01:13.372Z - Time taken for 'total for creating and serializing project graph' 0.9813750000321306ms
[NX v21.3.0 Daemon Server] - 2025-07-20T15:01:13.375Z - Done responding to the client project-graph
[NX v21.3.0 Daemon Server] - 2025-07-20T15:01:13.375Z - Handled REQUEST_PROJECT_GRAPH. Handling time: 1. Response time: 5.
[NX v21.3.0 Daemon Server] - 2025-07-20T15:01:13.381Z - [REQUEST]: Responding to the client. handleRunPreTasksExecution
[NX v21.3.0 Daemon Server] - 2025-07-20T15:01:13.381Z - Done responding to the client handleRunPreTasksExecution
[NX v21.3.0 Daemon Server] - 2025-07-20T15:01:13.381Z - Handled PRE_TASKS_EXECUTION. Handling time: 1. Response time: 0.
[NX v21.3.0 Daemon Server] - 2025-07-20T15:01:13.381Z - Time taken for 'preTasksExecution' 0.29091699997661635ms
[NX v21.3.0 Daemon Server] - 2025-07-20T15:01:13.457Z - Reusing in-memory cached project graph because no files changed.
DEBUG nx::native::tasks::task_hasher: plan length: 1
[NX v21.3.0 Daemon Server] - 2025-07-20T15:01:13.473Z - [REQUEST]: Responding to the client. handleHashTasks
[NX v21.3.0 Daemon Server] - 2025-07-20T15:01:13.474Z - Done responding to the client handleHashTasks
[NX v21.3.0 Daemon Server] - 2025-07-20T15:01:13.474Z - Handled HASH_TASKS. Handling time: 16. Response time: 1.
[NX v21.3.0 Daemon Server] - 2025-07-20T15:01:13.515Z - [REQUEST]: Responding to the client. handleGetEstimatedTaskTimings
[NX v21.3.0 Daemon Server] - 2025-07-20T15:01:13.515Z - Done responding to the client handleGetEstimatedTaskTimings
[NX v21.3.0 Daemon Server] - 2025-07-20T15:01:13.515Z - Handled GET_ESTIMATED_TASK_TIMINGS. Handling time: 1. Response time: 0.
[NX v21.3.0 Daemon Server] - 2025-07-20T15:01:14.175Z - Established a connection. Number of open connections: 2
[NX v21.3.0 Daemon Server] - 2025-07-20T15:01:14.177Z - Established a connection. Number of open connections: 3
[NX v21.3.0 Daemon Server] - 2025-07-20T15:01:14.177Z - Closed a connection. Number of open connections: 2
[NX v21.3.0 Daemon Server] - 2025-07-20T15:01:14.178Z - [REQUEST]: Client Request for Project Graph Received
[NX v21.3.0 Daemon Server] - 2025-07-20T15:01:14.179Z - Reusing in-memory cached project graph because no files changed.
[NX v21.3.0 Daemon Server] - 2025-07-20T15:01:14.179Z - [REQUEST]: Responding to the client. project-graph
[NX v21.3.0 Daemon Server] - 2025-07-20T15:01:14.180Z - Time taken for 'total for creating and serializing project graph' 0.5277910000295378ms
[NX v21.3.0 Daemon Server] - 2025-07-20T15:01:14.184Z - Done responding to the client project-graph
[NX v21.3.0 Daemon Server] - 2025-07-20T15:01:14.184Z - Handled REQUEST_PROJECT_GRAPH. Handling time: 1. Response time: 5.
[NX v21.3.0 Daemon Server] - 2025-07-20T15:01:14.429Z - Closed a connection. Number of open connections: 1
[NX v21.3.0 Daemon Server] - 2025-07-20T15:01:14.438Z - [REQUEST]: Responding to the client. recordOutputsHash
[NX v21.3.0 Daemon Server] - 2025-07-20T15:01:14.438Z - Done responding to the client recordOutputsHash
[NX v21.3.0 Daemon Server] - 2025-07-20T15:01:14.438Z - Handled RECORD_OUTPUTS_HASH. Handling time: 0. Response time: 0.
[NX v21.3.0 Daemon Server] - 2025-07-20T15:01:14.442Z - [REQUEST]: Responding to the client. handleRecordTaskRuns
[NX v21.3.0 Daemon Server] - 2025-07-20T15:01:14.442Z - Done responding to the client handleRecordTaskRuns
[NX v21.3.0 Daemon Server] - 2025-07-20T15:01:14.442Z - Handled RECORD_TASK_RUNS. Handling time: 1. Response time: 0.
[NX v21.3.0 Daemon Server] - 2025-07-20T15:01:14.443Z - [REQUEST]: Responding to the client. handleGetFlakyTasks
[NX v21.3.0 Daemon Server] - 2025-07-20T15:01:14.443Z - Done responding to the client handleGetFlakyTasks
[NX v21.3.0 Daemon Server] - 2025-07-20T15:01:14.443Z - Handled GET_FLAKY_TASKS. Handling time: 0. Response time: 0.
[NX v21.3.0 Daemon Server] - 2025-07-20T15:01:14.975Z - [REQUEST]: Responding to the client. handleRunPostTasksExecution
[NX v21.3.0 Daemon Server] - 2025-07-20T15:01:14.975Z - Done responding to the client handleRunPostTasksExecution
[NX v21.3.0 Daemon Server] - 2025-07-20T15:01:14.976Z - Handled POST_TASKS_EXECUTION. Handling time: 1. Response time: 1.
[NX v21.3.0 Daemon Server] - 2025-07-20T15:01:14.976Z - Time taken for 'postTasksExecution' 0.3182910000323318ms
[NX v21.3.0 Daemon Server] - 2025-07-20T15:01:14.979Z - Closed a connection. Number of open connections: 0
[NX v21.3.0 Daemon Server] - 2025-07-20T15:01:24.480Z - [WATCHER]: package.json was modified
[NX v21.3.0 Daemon Server] - 2025-07-20T15:01:24.481Z - [WATCHER]: Processing file changes in outputs
[NX v21.3.0 Daemon Server] - 2025-07-20T15:01:24.586Z - [REQUEST]: Updated workspace context based on watched changes, recomputing project graph...
[NX v21.3.0 Daemon Server] - 2025-07-20T15:01:24.586Z - [REQUEST]: package.json
[NX v21.3.0 Daemon Server] - 2025-07-20T15:01:24.586Z - [REQUEST]: 
[NX v21.3.0 Daemon Server] - 2025-07-20T15:01:24.594Z - Time taken for 'hash changed files from watcher' 4.29383300000336ms
Time for 'nx/core/project-json:createNodes' 10.381792000029236
Time for 'nx/core/package-json:createNodes' 9.648916999984067
Time for 'nx/js/dependencies-and-lockfile:createNodes' 19.073334000015166
[NX v21.3.0 Daemon Server] - 2025-07-20T15:01:24.658Z - Time taken for 'build-project-configs' 60.22395799995866ms
Time for 'build typescript dependencies' 0.05783399997744709
[NX v21.3.0 Daemon Server] - 2025-07-20T15:01:24.701Z - Wrote project graph cache to /Users/mahdi.ketabdar/Developer/menno/monorepo/.nx/workspace-data/project-graph.json
[NX v21.3.0 Daemon Server] - 2025-07-20T15:01:24.701Z - [SYNC]: collect registered sync generators
[NX v21.3.0 Daemon Server] - 2025-07-20T15:01:24.702Z - [SYNC]: project graph hash is the same, not collecting task sync generators
[NX v21.3.0 Daemon Server] - 2025-07-20T15:01:24.702Z - [SYNC]: nx.json hash is the same, not collecting global sync generators
[NX v21.3.0 Daemon Server] - 2025-07-20T15:01:24.702Z - Time taken for 'total execution time for createProjectGraph()' 37.81187500001397ms
[NX v21.3.0 Daemon Server] - 2025-07-20T15:01:28.256Z - [WATCHER]: Processing file changes in outputs
[NX v21.3.0 Daemon Server] - 2025-07-20T15:01:28.258Z - [WATCHER]: package.json was modified
[NX v21.3.0 Daemon Server] - 2025-07-20T15:01:28.464Z - [REQUEST]: Updated workspace context based on watched changes, recomputing project graph...
[NX v21.3.0 Daemon Server] - 2025-07-20T15:01:28.465Z - [REQUEST]: package.json
[NX v21.3.0 Daemon Server] - 2025-07-20T15:01:28.465Z - [REQUEST]: 
[NX v21.3.0 Daemon Server] - 2025-07-20T15:01:28.474Z - Time taken for 'hash changed files from watcher' 5.371125000005122ms
Time for 'nx/core/project-json:createNodes' 1.092958000022918
Time for 'nx/core/package-json:createNodes' 1.5799999999580905
Time for 'nx/js/dependencies-and-lockfile:createNodes' 12.228959000029135
[NX v21.3.0 Daemon Server] - 2025-07-20T15:01:28.508Z - Time taken for 'build-project-configs' 30.78566699998919ms
Time for 'build typescript dependencies' 0.016125000023748726
[NX v21.3.0 Daemon Server] - 2025-07-20T15:01:28.537Z - Wrote project graph cache to /Users/mahdi.ketabdar/Developer/menno/monorepo/.nx/workspace-data/project-graph.json
[NX v21.3.0 Daemon Server] - 2025-07-20T15:01:28.537Z - [SYNC]: collect registered sync generators
[NX v21.3.0 Daemon Server] - 2025-07-20T15:01:28.537Z - [SYNC]: project graph hash is the same, not collecting task sync generators
[NX v21.3.0 Daemon Server] - 2025-07-20T15:01:28.537Z - [SYNC]: nx.json hash is the same, not collecting global sync generators
[NX v21.3.0 Daemon Server] - 2025-07-20T15:01:28.537Z - Time taken for 'total execution time for createProjectGraph()' 24.06574999995064ms
[NX v21.3.0 Daemon Server] - 2025-07-20T15:01:32.518Z - [WATCHER]: package.json was modified
[NX v21.3.0 Daemon Server] - 2025-07-20T15:01:32.518Z - [WATCHER]: Processing file changes in outputs
[NX v21.3.0 Daemon Server] - 2025-07-20T15:01:32.925Z - [REQUEST]: Updated workspace context based on watched changes, recomputing project graph...
[NX v21.3.0 Daemon Server] - 2025-07-20T15:01:32.925Z - [REQUEST]: package.json
[NX v21.3.0 Daemon Server] - 2025-07-20T15:01:32.925Z - [REQUEST]: 
[NX v21.3.0 Daemon Server] - 2025-07-20T15:01:32.936Z - Time taken for 'hash changed files from watcher' 5.947708000021521ms
Time for 'nx/core/package-json:createNodes' 5.686750000051688
Time for 'nx/core/project-json:createNodes' 4.485250000027008
Time for 'nx/js/dependencies-and-lockfile:createNodes' 21.973958000016864
[NX v21.3.0 Daemon Server] - 2025-07-20T15:01:32.987Z - Time taken for 'build-project-configs' 44.11054200003855ms
Time for 'build typescript dependencies' 0.022040999960154295
[NX v21.3.0 Daemon Server] - 2025-07-20T15:01:33.014Z - Wrote project graph cache to /Users/mahdi.ketabdar/Developer/menno/monorepo/.nx/workspace-data/project-graph.json
[NX v21.3.0 Daemon Server] - 2025-07-20T15:01:33.014Z - [SYNC]: collect registered sync generators
[NX v21.3.0 Daemon Server] - 2025-07-20T15:01:33.014Z - [SYNC]: project graph hash is the same, not collecting task sync generators
[NX v21.3.0 Daemon Server] - 2025-07-20T15:01:33.014Z - [SYNC]: nx.json hash is the same, not collecting global sync generators
[NX v21.3.0 Daemon Server] - 2025-07-20T15:01:33.015Z - Time taken for 'total execution time for createProjectGraph()' 24.316457999986596ms
[NX v21.3.0 Daemon Server] - 2025-07-20T15:01:48.907Z - [WATCHER]: package.json was modified
[NX v21.3.0 Daemon Server] - 2025-07-20T15:01:48.908Z - [WATCHER]: Processing file changes in outputs
[NX v21.3.0 Daemon Server] - 2025-07-20T15:01:49.718Z - [REQUEST]: Updated workspace context based on watched changes, recomputing project graph...
[NX v21.3.0 Daemon Server] - 2025-07-20T15:01:49.718Z - [REQUEST]: package.json
[NX v21.3.0 Daemon Server] - 2025-07-20T15:01:49.719Z - [REQUEST]: 
[NX v21.3.0 Daemon Server] - 2025-07-20T15:01:49.728Z - Time taken for 'hash changed files from watcher' 7.411000000021886ms
Time for 'nx/core/package-json:createNodes' 5.536084000021219
Time for 'nx/core/project-json:createNodes' 4.388500000000931
Time for 'nx/js/dependencies-and-lockfile:createNodes' 14.59233299997868
[NX v21.3.0 Daemon Server] - 2025-07-20T15:01:49.764Z - Time taken for 'build-project-configs' 29.724792000022717ms
Time for 'build typescript dependencies' 0.014916999964043498
[NX v21.3.0 Daemon Server] - 2025-07-20T15:01:49.803Z - Wrote project graph cache to /Users/mahdi.ketabdar/Developer/menno/monorepo/.nx/workspace-data/project-graph.json
[NX v21.3.0 Daemon Server] - 2025-07-20T15:01:49.803Z - [SYNC]: collect registered sync generators
[NX v21.3.0 Daemon Server] - 2025-07-20T15:01:49.803Z - [SYNC]: project graph hash is the same, not collecting task sync generators
[NX v21.3.0 Daemon Server] - 2025-07-20T15:01:49.803Z - [SYNC]: nx.json hash is the same, not collecting global sync generators
[NX v21.3.0 Daemon Server] - 2025-07-20T15:01:49.803Z - Time taken for 'total execution time for createProjectGraph()' 36.089084000035655ms
[NX v21.3.0 Daemon Server] - 2025-07-20T15:01:56.589Z - Established a connection. Number of open connections: 1
[NX v21.3.0 Daemon Server] - 2025-07-20T15:01:56.590Z - Closed a connection. Number of open connections: 0
[NX v21.3.0 Daemon Server] - 2025-07-20T15:01:56.591Z - Established a connection. Number of open connections: 1
[NX v21.3.0 Daemon Server] - 2025-07-20T15:01:56.592Z - [REQUEST]: Client Request for Project Graph Received
[NX v21.3.0 Daemon Server] - 2025-07-20T15:01:56.592Z - Reusing in-memory cached project graph because no files changed.
[NX v21.3.0 Daemon Server] - 2025-07-20T15:01:56.592Z - [REQUEST]: Responding to the client. project-graph
[NX v21.3.0 Daemon Server] - 2025-07-20T15:01:56.593Z - Time taken for 'total for creating and serializing project graph' 0.34595799999078736ms
[NX v21.3.0 Daemon Server] - 2025-07-20T15:01:56.596Z - Done responding to the client project-graph
[NX v21.3.0 Daemon Server] - 2025-07-20T15:01:56.596Z - Handled REQUEST_PROJECT_GRAPH. Handling time: 0. Response time: 4.
[NX v21.3.0 Daemon Server] - 2025-07-20T15:01:56.604Z - [REQUEST]: Responding to the client. handleRunPreTasksExecution
[NX v21.3.0 Daemon Server] - 2025-07-20T15:01:56.604Z - Done responding to the client handleRunPreTasksExecution
[NX v21.3.0 Daemon Server] - 2025-07-20T15:01:56.604Z - Handled PRE_TASKS_EXECUTION. Handling time: 1. Response time: 0.
[NX v21.3.0 Daemon Server] - 2025-07-20T15:01:56.604Z - Time taken for 'preTasksExecution' 0.09712500002933666ms
[NX v21.3.0 Daemon Server] - 2025-07-20T15:01:56.723Z - Reusing in-memory cached project graph because no files changed.
DEBUG nx::native::tasks::task_hasher: plan length: 1
DEBUG nx::native::tasks::hashers::hash_workspace_files: Hashing workspace fileset{cache_key="nx.json,.gitignore,.nxignore"}: Adding "12989128249502635799" (".gitignore") to hash
DEBUG nx::native::tasks::hashers::hash_workspace_files: Hashing workspace fileset{cache_key="nx.json,.gitignore,.nxignore"}: Adding "6848236468451372348" ("nx.json") to hash
DEBUG nx::native::tasks::hashers::hash_workspace_files: Hashing workspace fileset{cache_key="nx.json,.gitignore,.nxignore"}: Hash Value: "15843240260958847966"
[NX v21.3.0 Daemon Server] - 2025-07-20T15:01:56.732Z - [REQUEST]: Responding to the client. handleHashTasks
[NX v21.3.0 Daemon Server] - 2025-07-20T15:01:56.732Z - Done responding to the client handleHashTasks
[NX v21.3.0 Daemon Server] - 2025-07-20T15:01:56.732Z - Handled HASH_TASKS. Handling time: 10. Response time: 0.
[NX v21.3.0 Daemon Server] - 2025-07-20T15:01:56.776Z - [REQUEST]: Responding to the client. handleGetEstimatedTaskTimings
[NX v21.3.0 Daemon Server] - 2025-07-20T15:01:56.776Z - Done responding to the client handleGetEstimatedTaskTimings
[NX v21.3.0 Daemon Server] - 2025-07-20T15:01:56.776Z - Handled GET_ESTIMATED_TASK_TIMINGS. Handling time: 1. Response time: 0.
[NX v21.3.0 Daemon Server] - 2025-07-20T15:01:57.407Z - Established a connection. Number of open connections: 2
[NX v21.3.0 Daemon Server] - 2025-07-20T15:01:57.408Z - Established a connection. Number of open connections: 3
[NX v21.3.0 Daemon Server] - 2025-07-20T15:01:57.408Z - Closed a connection. Number of open connections: 2
[NX v21.3.0 Daemon Server] - 2025-07-20T15:01:57.410Z - [REQUEST]: Client Request for Project Graph Received
[NX v21.3.0 Daemon Server] - 2025-07-20T15:01:57.410Z - Reusing in-memory cached project graph because no files changed.
[NX v21.3.0 Daemon Server] - 2025-07-20T15:01:57.410Z - [REQUEST]: Responding to the client. project-graph
[NX v21.3.0 Daemon Server] - 2025-07-20T15:01:57.410Z - Time taken for 'total for creating and serializing project graph' 0.2147910000057891ms
[NX v21.3.0 Daemon Server] - 2025-07-20T15:01:57.421Z - Done responding to the client project-graph
[NX v21.3.0 Daemon Server] - 2025-07-20T15:01:57.421Z - Handled REQUEST_PROJECT_GRAPH. Handling time: 0. Response time: 11.
[NX v21.3.0 Daemon Server] - 2025-07-20T15:02:01.910Z - [WATCHER]: Processing file changes in outputs
[NX v21.3.0 Daemon Server] - 2025-07-20T15:02:01.969Z - [WATCHER]: Processing file changes in outputs
[NX v21.3.0 Daemon Server] - 2025-07-20T15:02:02.061Z - [WATCHER]: Processing file changes in outputs
[NX v21.3.0 Daemon Server] - 2025-07-20T15:02:02.143Z - [WATCHER]: Processing file changes in outputs
[NX v21.3.0 Daemon Server] - 2025-07-20T15:02:02.227Z - [WATCHER]: Processing file changes in outputs
[NX v21.3.0 Daemon Server] - 2025-07-20T15:02:02.369Z - [WATCHER]: Processing file changes in outputs
[NX v21.3.0 Daemon Server] - 2025-07-20T15:02:02.469Z - [WATCHER]: Processing file changes in outputs
[NX v21.3.0 Daemon Server] - 2025-07-20T15:02:02.608Z - [WATCHER]: Processing file changes in outputs
[NX v21.3.0 Daemon Server] - 2025-07-20T15:02:02.693Z - [WATCHER]: Processing file changes in outputs
[NX v21.3.0 Daemon Server] - 2025-07-20T15:02:02.751Z - [WATCHER]: Processing file changes in outputs
[NX v21.3.0 Daemon Server] - 2025-07-20T15:02:02.820Z - [WATCHER]: Processing file changes in outputs
[NX v21.3.0 Daemon Server] - 2025-07-20T15:02:02.872Z - [WATCHER]: Processing file changes in outputs
[NX v21.3.0 Daemon Server] - 2025-07-20T15:02:02.924Z - [WATCHER]: Processing file changes in outputs
[NX v21.3.0 Daemon Server] - 2025-07-20T15:02:03.364Z - [WATCHER]: Processing file changes in outputs
[NX v21.3.0 Daemon Server] - 2025-07-20T15:02:03.428Z - [WATCHER]: Processing file changes in outputs
[NX v21.3.0 Daemon Server] - 2025-07-20T15:02:03.484Z - [WATCHER]: Processing file changes in outputs
[NX v21.3.0 Daemon Server] - 2025-07-20T15:02:03.702Z - [WATCHER]: Processing file changes in outputs
[NX v21.3.0 Daemon Server] - 2025-07-20T15:02:03.754Z - [WATCHER]: Processing file changes in outputs
[NX v21.3.0 Daemon Server] - 2025-07-20T15:02:03.810Z - [WATCHER]: Processing file changes in outputs
[NX v21.3.0 Daemon Server] - 2025-07-20T15:02:03.874Z - [WATCHER]: Processing file changes in outputs
[NX v21.3.0 Daemon Server] - 2025-07-20T15:02:03.935Z - [WATCHER]: Processing file changes in outputs
[NX v21.3.0 Daemon Server] - 2025-07-20T15:02:05.178Z - [WATCHER]: Processing file changes in outputs
[NX v21.3.0 Daemon Server] - 2025-07-20T15:02:05.330Z - [WATCHER]: Processing file changes in outputs
[NX v21.3.0 Daemon Server] - 2025-07-20T15:02:05.391Z - [WATCHER]: Processing file changes in outputs
[NX v21.3.0 Daemon Server] - 2025-07-20T15:02:05.793Z - [WATCHER]: Processing file changes in outputs
[NX v21.3.0 Daemon Server] - 2025-07-20T15:02:05.890Z - [WATCHER]: Processing file changes in outputs
[NX v21.3.0 Daemon Server] - 2025-07-20T15:02:05.947Z - [WATCHER]: Processing file changes in outputs
[NX v21.3.0 Daemon Server] - 2025-07-20T15:02:06.003Z - [WATCHER]: Processing file changes in outputs
[NX v21.3.0 Daemon Server] - 2025-07-20T15:02:06.104Z - [WATCHER]: Processing file changes in outputs
[NX v21.3.0 Daemon Server] - 2025-07-20T15:02:06.178Z - [WATCHER]: Processing file changes in outputs
[NX v21.3.0 Daemon Server] - 2025-07-20T15:02:06.236Z - [WATCHER]: Processing file changes in outputs
[NX v21.3.0 Daemon Server] - 2025-07-20T15:02:11.658Z - [WATCHER]: Processing file changes in outputs
[NX v21.3.0 Daemon Server] - 2025-07-20T15:02:11.727Z - [WATCHER]: Processing file changes in outputs
[NX v21.3.0 Daemon Server] - 2025-07-20T15:02:12.134Z - [WATCHER]: Processing file changes in outputs
[NX v21.3.0 Daemon Server] - 2025-07-20T15:02:45.628Z - [REQUEST]: Responding to the client. recordOutputsHash
[NX v21.3.0 Daemon Server] - 2025-07-20T15:02:45.629Z - Done responding to the client recordOutputsHash
[NX v21.3.0 Daemon Server] - 2025-07-20T15:02:45.629Z - Handled RECORD_OUTPUTS_HASH. Handling time: 2. Response time: 1.
[NX v21.3.0 Daemon Server] - 2025-07-20T15:02:45.641Z - [REQUEST]: Responding to the client. handleRecordTaskRuns
[NX v21.3.0 Daemon Server] - 2025-07-20T15:02:45.641Z - Done responding to the client handleRecordTaskRuns
[NX v21.3.0 Daemon Server] - 2025-07-20T15:02:45.641Z - Handled RECORD_TASK_RUNS. Handling time: 1. Response time: 0.
[NX v21.3.0 Daemon Server] - 2025-07-20T15:02:45.642Z - [REQUEST]: Responding to the client. handleGetFlakyTasks
[NX v21.3.0 Daemon Server] - 2025-07-20T15:02:45.642Z - Done responding to the client handleGetFlakyTasks
[NX v21.3.0 Daemon Server] - 2025-07-20T15:02:45.642Z - Handled GET_FLAKY_TASKS. Handling time: 0. Response time: 0.
[NX v21.3.0 Daemon Server] - 2025-07-20T15:02:45.693Z - Closed a connection. Number of open connections: 1
[NX v21.3.0 Daemon Server] - 2025-07-20T15:02:46.621Z - [REQUEST]: Responding to the client. handleRunPostTasksExecution
[NX v21.3.0 Daemon Server] - 2025-07-20T15:02:46.621Z - Done responding to the client handleRunPostTasksExecution
[NX v21.3.0 Daemon Server] - 2025-07-20T15:02:46.621Z - Handled POST_TASKS_EXECUTION. Handling time: 0. Response time: 0.
[NX v21.3.0 Daemon Server] - 2025-07-20T15:02:46.621Z - Time taken for 'postTasksExecution' 0.13083300000289455ms
[NX v21.3.0 Daemon Server] - 2025-07-20T15:02:46.626Z - Closed a connection. Number of open connections: 0
[NX v21.3.0 Daemon Server] - 2025-07-20T15:02:59.436Z - Established a connection. Number of open connections: 1
[NX v21.3.0 Daemon Server] - 2025-07-20T15:02:59.436Z - Closed a connection. Number of open connections: 0
[NX v21.3.0 Daemon Server] - 2025-07-20T15:02:59.437Z - Established a connection. Number of open connections: 1
[NX v21.3.0 Daemon Server] - 2025-07-20T15:02:59.438Z - [REQUEST]: Client Request for Project Graph Received
[NX v21.3.0 Daemon Server] - 2025-07-20T15:02:59.438Z - Reusing in-memory cached project graph because no files changed.
[NX v21.3.0 Daemon Server] - 2025-07-20T15:02:59.439Z - [REQUEST]: Responding to the client. project-graph
[NX v21.3.0 Daemon Server] - 2025-07-20T15:02:59.439Z - Time taken for 'total for creating and serializing project graph' 0.29312500002561137ms
[NX v21.3.0 Daemon Server] - 2025-07-20T15:02:59.441Z - Done responding to the client project-graph
[NX v21.3.0 Daemon Server] - 2025-07-20T15:02:59.441Z - Handled REQUEST_PROJECT_GRAPH. Handling time: 1. Response time: 2.
[NX v21.3.0 Daemon Server] - 2025-07-20T15:02:59.446Z - [REQUEST]: Responding to the client. handleRunPreTasksExecution
[NX v21.3.0 Daemon Server] - 2025-07-20T15:02:59.446Z - Done responding to the client handleRunPreTasksExecution
[NX v21.3.0 Daemon Server] - 2025-07-20T15:02:59.446Z - Handled PRE_TASKS_EXECUTION. Handling time: 0. Response time: 0.
[NX v21.3.0 Daemon Server] - 2025-07-20T15:02:59.446Z - Time taken for 'preTasksExecution' 0.08070799999404699ms
[NX v21.3.0 Daemon Server] - 2025-07-20T15:02:59.557Z - Reusing in-memory cached project graph because no files changed.
DEBUG nx::native::tasks::task_hasher: plan length: 1
[NX v21.3.0 Daemon Server] - 2025-07-20T15:02:59.564Z - [REQUEST]: Responding to the client. handleHashTasks
[NX v21.3.0 Daemon Server] - 2025-07-20T15:02:59.564Z - Done responding to the client handleHashTasks
[NX v21.3.0 Daemon Server] - 2025-07-20T15:02:59.564Z - Handled HASH_TASKS. Handling time: 8. Response time: 0.
[NX v21.3.0 Daemon Server] - 2025-07-20T15:02:59.618Z - [REQUEST]: Responding to the client. handleGetEstimatedTaskTimings
[NX v21.3.0 Daemon Server] - 2025-07-20T15:02:59.618Z - Done responding to the client handleGetEstimatedTaskTimings
[NX v21.3.0 Daemon Server] - 2025-07-20T15:02:59.618Z - Handled GET_ESTIMATED_TASK_TIMINGS. Handling time: 0. Response time: 0.
[NX v21.3.0 Daemon Server] - 2025-07-20T15:03:00.278Z - Established a connection. Number of open connections: 2
[NX v21.3.0 Daemon Server] - 2025-07-20T15:03:00.279Z - Closed a connection. Number of open connections: 1
[NX v21.3.0 Daemon Server] - 2025-07-20T15:03:00.279Z - Established a connection. Number of open connections: 2
[NX v21.3.0 Daemon Server] - 2025-07-20T15:03:00.280Z - [REQUEST]: Client Request for Project Graph Received
[NX v21.3.0 Daemon Server] - 2025-07-20T15:03:00.280Z - Reusing in-memory cached project graph because no files changed.
[NX v21.3.0 Daemon Server] - 2025-07-20T15:03:00.280Z - [REQUEST]: Responding to the client. project-graph
[NX v21.3.0 Daemon Server] - 2025-07-20T15:03:00.280Z - Time taken for 'total for creating and serializing project graph' 0.12325000000419095ms
[NX v21.3.0 Daemon Server] - 2025-07-20T15:03:00.286Z - Done responding to the client project-graph
[NX v21.3.0 Daemon Server] - 2025-07-20T15:03:00.286Z - Handled REQUEST_PROJECT_GRAPH. Handling time: 0. Response time: 6.
[NX v21.3.0 Daemon Server] - 2025-07-20T15:03:10.664Z - [WATCHER]: Processing file changes in outputs
[NX v21.3.0 Daemon Server] - 2025-07-20T15:03:10.880Z - [WATCHER]: Processing file changes in outputs
[NX v21.3.0 Daemon Server] - 2025-07-20T15:04:55.840Z - [WATCHER]: kubectl was created or restored
[NX v21.3.0 Daemon Server] - 2025-07-20T15:04:55.843Z - [WATCHER]: Processing file changes in outputs
[NX v21.3.0 Daemon Server] - 2025-07-20T15:04:55.956Z - [REQUEST]: Updated workspace context based on watched changes, recomputing project graph...
[NX v21.3.0 Daemon Server] - 2025-07-20T15:04:55.956Z - [REQUEST]: kubectl
[NX v21.3.0 Daemon Server] - 2025-07-20T15:04:55.956Z - [REQUEST]: 
[NX v21.3.0 Daemon Server] - 2025-07-20T15:04:55.967Z - Time taken for 'hash changed files from watcher' 12.216292000026442ms
Time for 'nx/core/project-json:createNodes' 5.088458999991417
Time for 'nx/core/package-json:createNodes' 5.671542000025511
Time for 'nx/js/dependencies-and-lockfile:createNodes' 26.208582999999635
[NX v21.3.0 Daemon Server] - 2025-07-20T15:04:56.013Z - Time taken for 'build-project-configs' 38.34695799998008ms
Time for 'build typescript dependencies' 0.012042000074870884
[NX v21.3.0 Daemon Server] - 2025-07-20T15:04:56.046Z - Wrote project graph cache to /Users/mahdi.ketabdar/Developer/menno/monorepo/.nx/workspace-data/project-graph.json
[NX v21.3.0 Daemon Server] - 2025-07-20T15:04:56.046Z - [SYNC]: collect registered sync generators
[NX v21.3.0 Daemon Server] - 2025-07-20T15:04:56.046Z - [SYNC]: project graph hash is the same, not collecting task sync generators
[NX v21.3.0 Daemon Server] - 2025-07-20T15:04:56.046Z - [SYNC]: nx.json hash is the same, not collecting global sync generators
[NX v21.3.0 Daemon Server] - 2025-07-20T15:04:56.046Z - Time taken for 'total execution time for createProjectGraph()' 33.92120800004341ms
[NX v21.3.0 Daemon Server] - 2025-07-20T15:06:39.903Z - [WATCHER]: Processing file changes in outputs
[NX v21.3.0 Daemon Server] - 2025-07-20T15:06:39.912Z - [WATCHER]: 0 file(s) created or restored, 2 file(s) modified, 0 file(s) deleted
[NX v21.3.0 Daemon Server] - 2025-07-20T15:06:40.190Z - [REQUEST]: Updated workspace context based on watched changes, recomputing project graph...
[NX v21.3.0 Daemon Server] - 2025-07-20T15:06:40.191Z - [REQUEST]: apps/backend/src/app/core/schemas/shop.schema.ts,libs/types/src/lib/shop.ts
[NX v21.3.0 Daemon Server] - 2025-07-20T15:06:40.191Z - [REQUEST]: 
[NX v21.3.0 Daemon Server] - 2025-07-20T15:06:40.199Z - Time taken for 'hash changed files from watcher' 76.31399999989662ms
Time for 'nx/core/project-json:createNodes' 5.715790999936871
Time for 'nx/core/package-json:createNodes' 5.378875000053085
Time for 'nx/js/dependencies-and-lockfile:createNodes' 42.76341599994339
[NX v21.3.0 Daemon Server] - 2025-07-20T15:06:40.294Z - Time taken for 'build-project-configs' 84.57133399997838ms
Time for 'build typescript dependencies' 35.25491699995473
[NX v21.3.0 Daemon Server] - 2025-07-20T15:06:40.382Z - Wrote project graph cache to /Users/mahdi.ketabdar/Developer/menno/monorepo/.nx/workspace-data/project-graph.json
[NX v21.3.0 Daemon Server] - 2025-07-20T15:06:40.382Z - [SYNC]: collect registered sync generators
[NX v21.3.0 Daemon Server] - 2025-07-20T15:06:40.382Z - [SYNC]: project graph hash is the same, not collecting task sync generators
[NX v21.3.0 Daemon Server] - 2025-07-20T15:06:40.382Z - [SYNC]: nx.json hash is the same, not collecting global sync generators
[NX v21.3.0 Daemon Server] - 2025-07-20T15:06:40.382Z - Time taken for 'total execution time for createProjectGraph()' 83.62049999996088ms
[NX v21.3.0 Daemon Server] - 2025-07-20T15:06:42.755Z - [WATCHER]: Processing file changes in outputs
[NX v21.3.0 Daemon Server] - 2025-07-20T15:06:44.595Z - [WATCHER]: Processing file changes in outputs
[NX v21.3.0 Daemon Server] - 2025-07-20T15:06:45.123Z - [WATCHER]: Processing file changes in outputs
[NX v21.3.0 Daemon Server] - 2025-07-20T15:06:46.073Z - [WATCHER]: Processing file changes in outputs
[NX v21.3.0 Daemon Server] - 2025-07-20T15:06:47.170Z - [WATCHER]: Processing file changes in outputs
[NX v21.3.0 Daemon Server] - 2025-07-20T15:06:47.234Z - [WATCHER]: Processing file changes in outputs
[NX v21.3.0 Daemon Server] - 2025-07-20T15:07:04.490Z - [WATCHER]: kubectl was deleted
[NX v21.3.0 Daemon Server] - 2025-07-20T15:07:04.490Z - [WATCHER]: Processing file changes in outputs
[NX v21.3.0 Daemon Server] - 2025-07-20T15:07:04.897Z - [REQUEST]: Updated workspace context based on watched changes, recomputing project graph...
[NX v21.3.0 Daemon Server] - 2025-07-20T15:07:04.897Z - [REQUEST]: 
[NX v21.3.0 Daemon Server] - 2025-07-20T15:07:04.897Z - [REQUEST]: kubectl
[NX v21.3.0 Daemon Server] - 2025-07-20T15:07:04.904Z - Time taken for 'hash changed files from watcher' 5.444917000015266ms
Time for 'nx/core/package-json:createNodes' 2.9974579999689013
Time for 'nx/core/project-json:createNodes' 4.387332999962382
Time for 'nx/js/dependencies-and-lockfile:createNodes' 9.510167000000365
[NX v21.3.0 Daemon Server] - 2025-07-20T15:07:04.929Z - Time taken for 'build-project-configs' 17.736000000033528ms
Time for 'build typescript dependencies' 0.019540999899618328
[NX v21.3.0 Daemon Server] - 2025-07-20T15:07:04.962Z - Wrote project graph cache to /Users/mahdi.ketabdar/Developer/menno/monorepo/.nx/workspace-data/project-graph.json
[NX v21.3.0 Daemon Server] - 2025-07-20T15:07:04.962Z - [SYNC]: collect registered sync generators
[NX v21.3.0 Daemon Server] - 2025-07-20T15:07:04.962Z - [SYNC]: project graph hash is the same, not collecting task sync generators
[NX v21.3.0 Daemon Server] - 2025-07-20T15:07:04.962Z - [SYNC]: nx.json hash is the same, not collecting global sync generators
[NX v21.3.0 Daemon Server] - 2025-07-20T15:07:04.962Z - Time taken for 'total execution time for createProjectGraph()' 30.744416999979876ms
[NX v21.3.0 Daemon Server] - 2025-07-20T15:07:39.719Z - [WATCHER]: Processing file changes in outputs
[NX v21.3.0 Daemon Server] - 2025-07-20T15:08:01.511Z - [WATCHER]: 0 file(s) created or restored, 2 file(s) modified, 0 file(s) deleted
[NX v21.3.0 Daemon Server] - 2025-07-20T15:08:01.514Z - [WATCHER]: Processing file changes in outputs
[NX v21.3.0 Daemon Server] - 2025-07-20T15:08:02.336Z - [REQUEST]: Updated workspace context based on watched changes, recomputing project graph...
[NX v21.3.0 Daemon Server] - 2025-07-20T15:08:02.336Z - [REQUEST]: apps/new-panel/src/app/auth/register.component.scss,apps/new-panel/src/app/auth/register.component.html
[NX v21.3.0 Daemon Server] - 2025-07-20T15:08:02.336Z - [REQUEST]: 
[NX v21.3.0 Daemon Server] - 2025-07-20T15:08:02.373Z - Time taken for 'hash changed files from watcher' 15.866500000003725ms
[NX v21.3.0 Daemon Server] - 2025-07-20T15:08:02.377Z - [WATCHER]: Processing file changes in outputs
Time for 'nx/core/package-json:createNodes' 24.909250000026077
Time for 'nx/core/project-json:createNodes' 24.11766600003466
Time for 'nx/js/dependencies-and-lockfile:createNodes' 154.13541700004134
[NX v21.3.0 Daemon Server] - 2025-07-20T15:08:02.627Z - Time taken for 'build-project-configs' 241.75258299999405ms
Time for 'build typescript dependencies' 7.258374999975786
[NX v21.3.0 Daemon Server] - 2025-07-20T15:08:02.697Z - Wrote project graph cache to /Users/mahdi.ketabdar/Developer/menno/monorepo/.nx/workspace-data/project-graph.json
[NX v21.3.0 Daemon Server] - 2025-07-20T15:08:02.697Z - [SYNC]: collect registered sync generators
[NX v21.3.0 Daemon Server] - 2025-07-20T15:08:02.697Z - [SYNC]: project graph hash is the same, not collecting task sync generators
[NX v21.3.0 Daemon Server] - 2025-07-20T15:08:02.697Z - [SYNC]: nx.json hash is the same, not collecting global sync generators
[NX v21.3.0 Daemon Server] - 2025-07-20T15:08:02.697Z - Time taken for 'total execution time for createProjectGraph()' 77.92654100002255ms
[NX v21.3.0 Daemon Server] - 2025-07-20T15:08:12.087Z - [WATCHER]: apps/new-panel/src/app/auth/register.component.scss was modified
[NX v21.3.0 Daemon Server] - 2025-07-20T15:08:12.089Z - [WATCHER]: Processing file changes in outputs
[NX v21.3.0 Daemon Server] - 2025-07-20T15:08:12.802Z - [WATCHER]: Processing file changes in outputs
[NX v21.3.0 Daemon Server] - 2025-07-20T15:08:13.693Z - [REQUEST]: Updated workspace context based on watched changes, recomputing project graph...
[NX v21.3.0 Daemon Server] - 2025-07-20T15:08:13.693Z - [REQUEST]: apps/new-panel/src/app/auth/register.component.scss
[NX v21.3.0 Daemon Server] - 2025-07-20T15:08:13.693Z - [REQUEST]: 
[NX v21.3.0 Daemon Server] - 2025-07-20T15:08:13.697Z - Time taken for 'hash changed files from watcher' 2.6609170000301674ms
Time for 'nx/core/project-json:createNodes' 7.512374999932945
Time for 'nx/core/package-json:createNodes' 10.990624999976717
Time for 'nx/js/dependencies-and-lockfile:createNodes' 31.989999999990687
[NX v21.3.0 Daemon Server] - 2025-07-20T15:08:13.762Z - Time taken for 'build-project-configs' 57.326791000086814ms
Time for 'build typescript dependencies' 3.9248339999467134
[NX v21.3.0 Daemon Server] - 2025-07-20T15:08:13.809Z - Wrote project graph cache to /Users/mahdi.ketabdar/Developer/menno/monorepo/.nx/workspace-data/project-graph.json
[NX v21.3.0 Daemon Server] - 2025-07-20T15:08:13.809Z - [SYNC]: collect registered sync generators
[NX v21.3.0 Daemon Server] - 2025-07-20T15:08:13.810Z - [SYNC]: project graph hash is the same, not collecting task sync generators
[NX v21.3.0 Daemon Server] - 2025-07-20T15:08:13.810Z - [SYNC]: nx.json hash is the same, not collecting global sync generators
[NX v21.3.0 Daemon Server] - 2025-07-20T15:08:13.810Z - Time taken for 'total execution time for createProjectGraph()' 42.42812499997672ms
[NX v21.3.0 Daemon Server] - 2025-07-20T15:08:57.920Z - [WATCHER]: 0 file(s) created or restored, 2 file(s) modified, 0 file(s) deleted
[NX v21.3.0 Daemon Server] - 2025-07-20T15:08:57.922Z - [WATCHER]: Processing file changes in outputs
[NX v21.3.0 Daemon Server] - 2025-07-20T15:08:58.649Z - [WATCHER]: Processing file changes in outputs
[NX v21.3.0 Daemon Server] - 2025-07-20T15:09:00.805Z - [WATCHER]: Processing file changes in outputs
[NX v21.3.0 Daemon Server] - 2025-07-20T15:09:01.127Z - [REQUEST]: Updated workspace context based on watched changes, recomputing project graph...
[NX v21.3.0 Daemon Server] - 2025-07-20T15:09:01.128Z - [REQUEST]: apps/new-panel/public/i18n/fa.json,apps/new-panel/src/app/auth/register.component.html
[NX v21.3.0 Daemon Server] - 2025-07-20T15:09:01.128Z - [REQUEST]: 
[NX v21.3.0 Daemon Server] - 2025-07-20T15:09:01.137Z - Time taken for 'hash changed files from watcher' 3.5893749999813735ms
Time for 'nx/core/package-json:createNodes' 6.16516600002069
Time for 'nx/core/project-json:createNodes' 11.147334000095725
Time for 'nx/js/dependencies-and-lockfile:createNodes' 14.558916999958456
[NX v21.3.0 Daemon Server] - 2025-07-20T15:09:01.168Z - Time taken for 'build-project-configs' 26.35466599999927ms
Time for 'build typescript dependencies' 2.884791999938898
[NX v21.3.0 Daemon Server] - 2025-07-20T15:09:01.198Z - Wrote project graph cache to /Users/mahdi.ketabdar/Developer/menno/monorepo/.nx/workspace-data/project-graph.json
[NX v21.3.0 Daemon Server] - 2025-07-20T15:09:01.198Z - [SYNC]: collect registered sync generators
[NX v21.3.0 Daemon Server] - 2025-07-20T15:09:01.199Z - [SYNC]: project graph hash is the same, not collecting task sync generators
[NX v21.3.0 Daemon Server] - 2025-07-20T15:09:01.199Z - [SYNC]: nx.json hash is the same, not collecting global sync generators
[NX v21.3.0 Daemon Server] - 2025-07-20T15:09:01.199Z - Time taken for 'total execution time for createProjectGraph()' 29.219458000035957ms
[NX v21.3.0 Daemon Server] - 2025-07-20T15:09:02.293Z - [WATCHER]: Processing file changes in outputs
[NX v21.3.0 Daemon Server] - 2025-07-20T15:09:02.398Z - [WATCHER]: Processing file changes in outputs
[NX v21.3.0 Daemon Server] - 2025-07-20T15:09:07.802Z - [WATCHER]: Processing file changes in outputs
[NX v21.3.0 Daemon Server] - 2025-07-20T15:09:07.803Z - [WATCHER]: apps/new-panel/src/app/auth/register.component.html was modified
[NX v21.3.0 Daemon Server] - 2025-07-20T15:09:08.599Z - [WATCHER]: Processing file changes in outputs
[NX v21.3.0 Daemon Server] - 2025-07-20T15:09:14.211Z - [REQUEST]: Updated workspace context based on watched changes, recomputing project graph...
[NX v21.3.0 Daemon Server] - 2025-07-20T15:09:14.212Z - [REQUEST]: apps/new-panel/src/app/auth/register.component.html
[NX v21.3.0 Daemon Server] - 2025-07-20T15:09:14.212Z - [REQUEST]: 
[NX v21.3.0 Daemon Server] - 2025-07-20T15:09:14.220Z - Time taken for 'hash changed files from watcher' 4.759916999959387ms
Time for 'nx/core/package-json:createNodes' 6.537332999985665
Time for 'nx/core/project-json:createNodes' 7.720166999963112
Time for 'nx/js/dependencies-and-lockfile:createNodes' 15.403707999968901
[NX v21.3.0 Daemon Server] - 2025-07-20T15:09:14.250Z - Time taken for 'build-project-configs' 26.454458000021987ms
Time for 'build typescript dependencies' 2.240208000061102
[NX v21.3.0 Daemon Server] - 2025-07-20T15:09:14.284Z - Wrote project graph cache to /Users/mahdi.ketabdar/Developer/menno/monorepo/.nx/workspace-data/project-graph.json
[NX v21.3.0 Daemon Server] - 2025-07-20T15:09:14.284Z - [SYNC]: collect registered sync generators
[NX v21.3.0 Daemon Server] - 2025-07-20T15:09:14.284Z - [SYNC]: project graph hash is the same, not collecting task sync generators
[NX v21.3.0 Daemon Server] - 2025-07-20T15:09:14.284Z - [SYNC]: nx.json hash is the same, not collecting global sync generators
[NX v21.3.0 Daemon Server] - 2025-07-20T15:09:14.284Z - Time taken for 'total execution time for createProjectGraph()' 30.313707999885082ms
[NX v21.3.0 Daemon Server] - 2025-07-20T15:09:16.090Z - [WATCHER]: apps/new-panel/src/app/auth/register.component.html was modified
[NX v21.3.0 Daemon Server] - 2025-07-20T15:09:16.092Z - [WATCHER]: Processing file changes in outputs
[NX v21.3.0 Daemon Server] - 2025-07-20T15:09:16.743Z - [WATCHER]: Processing file changes in outputs
[NX v21.3.0 Daemon Server] - 2025-07-20T15:09:22.502Z - [REQUEST]: Updated workspace context based on watched changes, recomputing project graph...
[NX v21.3.0 Daemon Server] - 2025-07-20T15:09:22.504Z - [REQUEST]: apps/new-panel/src/app/auth/register.component.html
[NX v21.3.0 Daemon Server] - 2025-07-20T15:09:22.504Z - [REQUEST]: 
[NX v21.3.0 Daemon Server] - 2025-07-20T15:09:22.516Z - Time taken for 'hash changed files from watcher' 7.254707999993116ms
Time for 'nx/core/package-json:createNodes' 3.8638329999521375
Time for 'nx/core/project-json:createNodes' 4.399542000028305
Time for 'nx/js/dependencies-and-lockfile:createNodes' 18.109959000023082
[NX v21.3.0 Daemon Server] - 2025-07-20T15:09:22.559Z - Time taken for 'build-project-configs' 34.755457999999635ms
Time for 'build typescript dependencies' 2.527583999908529
[NX v21.3.0 Daemon Server] - 2025-07-20T15:09:22.591Z - Wrote project graph cache to /Users/mahdi.ketabdar/Developer/menno/monorepo/.nx/workspace-data/project-graph.json
[NX v21.3.0 Daemon Server] - 2025-07-20T15:09:22.591Z - [SYNC]: collect registered sync generators
[NX v21.3.0 Daemon Server] - 2025-07-20T15:09:22.591Z - [SYNC]: project graph hash is the same, not collecting task sync generators
[NX v21.3.0 Daemon Server] - 2025-07-20T15:09:22.591Z - [SYNC]: nx.json hash is the same, not collecting global sync generators
[NX v21.3.0 Daemon Server] - 2025-07-20T15:09:22.591Z - Time taken for 'total execution time for createProjectGraph()' 34.25120799988508ms
[NX v21.3.0 Daemon Server] - 2025-07-20T15:09:28.988Z - [WATCHER]: apps/new-panel/src/app/auth/register.component.html was modified
[NX v21.3.0 Daemon Server] - 2025-07-20T15:09:28.989Z - [WATCHER]: Processing file changes in outputs
[NX v21.3.0 Daemon Server] - 2025-07-20T15:09:29.642Z - [WATCHER]: Processing file changes in outputs
[NX v21.3.0 Daemon Server] - 2025-07-20T15:09:35.403Z - [REQUEST]: Updated workspace context based on watched changes, recomputing project graph...
[NX v21.3.0 Daemon Server] - 2025-07-20T15:09:35.404Z - [REQUEST]: apps/new-panel/src/app/auth/register.component.html
[NX v21.3.0 Daemon Server] - 2025-07-20T15:09:35.405Z - [REQUEST]: 
[NX v21.3.0 Daemon Server] - 2025-07-20T15:09:35.417Z - Time taken for 'hash changed files from watcher' 8.408209000015631ms
Time for 'nx/core/package-json:createNodes' 3.999792000046
Time for 'nx/core/project-json:createNodes' 5.020040999981575
Time for 'nx/js/dependencies-and-lockfile:createNodes' 14.849207999999635
[NX v21.3.0 Daemon Server] - 2025-07-20T15:09:35.456Z - Time taken for 'build-project-configs' 32.18229100003373ms
Time for 'build typescript dependencies' 2.8802079999586567
[NX v21.3.0 Daemon Server] - 2025-07-20T15:09:35.485Z - Wrote project graph cache to /Users/mahdi.ketabdar/Developer/menno/monorepo/.nx/workspace-data/project-graph.json
[NX v21.3.0 Daemon Server] - 2025-07-20T15:09:35.485Z - [SYNC]: collect registered sync generators
[NX v21.3.0 Daemon Server] - 2025-07-20T15:09:35.485Z - [SYNC]: project graph hash is the same, not collecting task sync generators
[NX v21.3.0 Daemon Server] - 2025-07-20T15:09:35.485Z - [SYNC]: nx.json hash is the same, not collecting global sync generators
[NX v21.3.0 Daemon Server] - 2025-07-20T15:09:35.485Z - Time taken for 'total execution time for createProjectGraph()' 29.731041999999434ms
[NX v21.3.0 Daemon Server] - 2025-07-20T15:09:52.583Z - [WATCHER]: apps/new-panel/src/app/auth/register.component.html was modified
[NX v21.3.0 Daemon Server] - 2025-07-20T15:09:52.584Z - [WATCHER]: Processing file changes in outputs
[NX v21.3.0 Daemon Server] - 2025-07-20T15:09:53.236Z - [WATCHER]: Processing file changes in outputs
[NX v21.3.0 Daemon Server] - 2025-07-20T15:09:58.990Z - [REQUEST]: Updated workspace context based on watched changes, recomputing project graph...
[NX v21.3.0 Daemon Server] - 2025-07-20T15:09:58.991Z - [REQUEST]: apps/new-panel/src/app/auth/register.component.html
[NX v21.3.0 Daemon Server] - 2025-07-20T15:09:58.991Z - [REQUEST]: 
[NX v21.3.0 Daemon Server] - 2025-07-20T15:09:59.000Z - Time taken for 'hash changed files from watcher' 4.0762500000419095ms
Time for 'nx/core/package-json:createNodes' 6.3013329999521375
Time for 'nx/core/project-json:createNodes' 6.584665999980643
Time for 'nx/js/dependencies-and-lockfile:createNodes' 16.494917000061832
[NX v21.3.0 Daemon Server] - 2025-07-20T15:09:59.041Z - Time taken for 'build-project-configs' 34.61099999991711ms
Time for 'build typescript dependencies' 5.940750000067055
[NX v21.3.0 Daemon Server] - 2025-07-20T15:09:59.076Z - Wrote project graph cache to /Users/mahdi.ketabdar/Developer/menno/monorepo/.nx/workspace-data/project-graph.json
[NX v21.3.0 Daemon Server] - 2025-07-20T15:09:59.076Z - [SYNC]: collect registered sync generators
[NX v21.3.0 Daemon Server] - 2025-07-20T15:09:59.077Z - [SYNC]: project graph hash is the same, not collecting task sync generators
[NX v21.3.0 Daemon Server] - 2025-07-20T15:09:59.077Z - [SYNC]: nx.json hash is the same, not collecting global sync generators
[NX v21.3.0 Daemon Server] - 2025-07-20T15:09:59.077Z - Time taken for 'total execution time for createProjectGraph()' 34.69637499994133ms
[NX v21.3.0 Daemon Server] - 2025-07-20T15:10:54.030Z - [WATCHER]: Processing file changes in outputs
[NX v21.3.0 Daemon Server] - 2025-07-20T15:10:54.085Z - [WATCHER]: Processing file changes in outputs
[NX v21.3.0 Daemon Server] - 2025-07-20T15:11:06.961Z - [WATCHER]: Processing file changes in outputs
[NX v21.3.0 Daemon Server] - 2025-07-20T15:11:06.973Z - [WATCHER]: 0 file(s) created or restored, 2 file(s) modified, 0 file(s) deleted
[NX v21.3.0 Daemon Server] - 2025-07-20T15:11:09.047Z - [WATCHER]: Processing file changes in outputs
[NX v21.3.0 Daemon Server] - 2025-07-20T15:11:13.391Z - [REQUEST]: Updated workspace context based on watched changes, recomputing project graph...
[NX v21.3.0 Daemon Server] - 2025-07-20T15:11:13.392Z - [REQUEST]: apps/new-panel/src/app/auth/register.component.ts,apps/new-panel/src/app/auth/register.component.html
[NX v21.3.0 Daemon Server] - 2025-07-20T15:11:13.392Z - [REQUEST]: 
[NX v21.3.0 Daemon Server] - 2025-07-20T15:11:13.404Z - Time taken for 'hash changed files from watcher' 10.429499999969266ms
Time for 'nx/core/package-json:createNodes' 3.852958000032231
Time for 'nx/core/project-json:createNodes' 4.834958999999799
Time for 'nx/js/dependencies-and-lockfile:createNodes' 27.74283399991691
[NX v21.3.0 Daemon Server] - 2025-07-20T15:11:13.454Z - Time taken for 'build-project-configs' 41.571916999993846ms
Time for 'build typescript dependencies' 6.886749999946915
[NX v21.3.0 Daemon Server] - 2025-07-20T15:11:13.488Z - Wrote project graph cache to /Users/mahdi.ketabdar/Developer/menno/monorepo/.nx/workspace-data/project-graph.json
[NX v21.3.0 Daemon Server] - 2025-07-20T15:11:13.489Z - [SYNC]: collect registered sync generators
[NX v21.3.0 Daemon Server] - 2025-07-20T15:11:13.489Z - [SYNC]: project graph hash is the same, not collecting task sync generators
[NX v21.3.0 Daemon Server] - 2025-07-20T15:11:13.489Z - [SYNC]: nx.json hash is the same, not collecting global sync generators
[NX v21.3.0 Daemon Server] - 2025-07-20T15:11:13.489Z - Time taken for 'total execution time for createProjectGraph()' 33.509624999947846ms
[NX v21.3.0 Daemon Server] - 2025-07-20T15:12:10.090Z - [WATCHER]: Processing file changes in outputs
[NX v21.3.0 Daemon Server] - 2025-07-20T15:12:10.190Z - [WATCHER]: Processing file changes in outputs
[NX v21.3.0 Daemon Server] - 2025-07-20T15:12:10.287Z - [WATCHER]: Processing file changes in outputs
[NX v21.3.0 Daemon Server] - 2025-07-20T15:12:10.358Z - [WATCHER]: Processing file changes in outputs
[NX v21.3.0 Daemon Server] - 2025-07-20T15:12:16.764Z - [WATCHER]: apps/new-panel/src/app/auth/register.component.html was modified
[NX v21.3.0 Daemon Server] - 2025-07-20T15:12:16.766Z - [WATCHER]: Processing file changes in outputs
[NX v21.3.0 Daemon Server] - 2025-07-20T15:12:17.555Z - [WATCHER]: Processing file changes in outputs
[NX v21.3.0 Daemon Server] - 2025-07-20T15:12:23.180Z - [REQUEST]: Updated workspace context based on watched changes, recomputing project graph...
[NX v21.3.0 Daemon Server] - 2025-07-20T15:12:23.181Z - [REQUEST]: apps/new-panel/src/app/auth/register.component.html
[NX v21.3.0 Daemon Server] - 2025-07-20T15:12:23.181Z - [REQUEST]: 
[NX v21.3.0 Daemon Server] - 2025-07-20T15:12:23.191Z - Time taken for 'hash changed files from watcher' 10.118458000011742ms
Time for 'nx/core/package-json:createNodes' 5.628833999973722
Time for 'nx/core/project-json:createNodes' 5.352332999929786
Time for 'nx/js/dependencies-and-lockfile:createNodes' 22.159833000041544
[NX v21.3.0 Daemon Server] - 2025-07-20T15:12:23.235Z - Time taken for 'build-project-configs' 39.28562500001863ms
Time for 'build typescript dependencies' 2.680208999896422
[NX v21.3.0 Daemon Server] - 2025-07-20T15:12:23.266Z - Wrote project graph cache to /Users/mahdi.ketabdar/Developer/menno/monorepo/.nx/workspace-data/project-graph.json
[NX v21.3.0 Daemon Server] - 2025-07-20T15:12:23.266Z - [SYNC]: collect registered sync generators
[NX v21.3.0 Daemon Server] - 2025-07-20T15:12:23.266Z - [SYNC]: project graph hash is the same, not collecting task sync generators
[NX v21.3.0 Daemon Server] - 2025-07-20T15:12:23.266Z - [SYNC]: nx.json hash is the same, not collecting global sync generators
[NX v21.3.0 Daemon Server] - 2025-07-20T15:12:23.266Z - Time taken for 'total execution time for createProjectGraph()' 29.83337499992922ms
[NX v21.3.0 Daemon Server] - 2025-07-20T15:13:18.015Z - [WATCHER]: Processing file changes in outputs
[NX v21.3.0 Daemon Server] - 2025-07-20T15:13:18.099Z - [WATCHER]: Processing file changes in outputs
[NX v21.3.0 Daemon Server] - 2025-07-20T15:14:38.027Z - [WATCHER]: 0 file(s) created or restored, 2 file(s) modified, 0 file(s) deleted
[NX v21.3.0 Daemon Server] - 2025-07-20T15:14:38.038Z - [WATCHER]: Processing file changes in outputs
[NX v21.3.0 Daemon Server] - 2025-07-20T15:14:38.932Z - [WATCHER]: Processing file changes in outputs
[NX v21.3.0 Daemon Server] - 2025-07-20T15:14:44.439Z - [REQUEST]: Updated workspace context based on watched changes, recomputing project graph...
[NX v21.3.0 Daemon Server] - 2025-07-20T15:14:44.440Z - [REQUEST]: apps/new-panel/src/app/auth/register.component.html,apps/new-panel/src/app/auth/register.component.ts
[NX v21.3.0 Daemon Server] - 2025-07-20T15:14:44.440Z - [REQUEST]: 
[NX v21.3.0 Daemon Server] - 2025-07-20T15:14:44.456Z - Time taken for 'hash changed files from watcher' 11.715124999871477ms
Time for 'nx/core/package-json:createNodes' 6.953500000061467
Time for 'nx/core/project-json:createNodes' 8.624291999964043
Time for 'nx/js/dependencies-and-lockfile:createNodes' 38.01108300010674
[NX v21.3.0 Daemon Server] - 2025-07-20T15:14:44.524Z - Time taken for 'build-project-configs' 61.80825000000186ms
Time for 'build typescript dependencies' 6.342458999948576
[NX v21.3.0 Daemon Server] - 2025-07-20T15:14:44.556Z - Wrote project graph cache to /Users/mahdi.ketabdar/Developer/menno/monorepo/.nx/workspace-data/project-graph.json
[NX v21.3.0 Daemon Server] - 2025-07-20T15:14:44.556Z - [SYNC]: collect registered sync generators
[NX v21.3.0 Daemon Server] - 2025-07-20T15:14:44.557Z - [SYNC]: project graph hash is the same, not collecting task sync generators
[NX v21.3.0 Daemon Server] - 2025-07-20T15:14:44.557Z - [SYNC]: nx.json hash is the same, not collecting global sync generators
[NX v21.3.0 Daemon Server] - 2025-07-20T15:14:44.557Z - Time taken for 'total execution time for createProjectGraph()' 28.726999999955297ms
[NX v21.3.0 Daemon Server] - 2025-07-20T15:15:00.214Z - [WATCHER]: Processing file changes in outputs
[NX v21.3.0 Daemon Server] - 2025-07-20T15:15:00.216Z - [WATCHER]: apps/new-panel/src/app/auth/register.component.html was modified
[NX v21.3.0 Daemon Server] - 2025-07-20T15:15:00.789Z - [WATCHER]: Processing file changes in outputs
[NX v21.3.0 Daemon Server] - 2025-07-20T15:15:06.626Z - [REQUEST]: Updated workspace context based on watched changes, recomputing project graph...
[NX v21.3.0 Daemon Server] - 2025-07-20T15:15:06.630Z - [REQUEST]: apps/new-panel/src/app/auth/register.component.html
[NX v21.3.0 Daemon Server] - 2025-07-20T15:15:06.630Z - [REQUEST]: 
[NX v21.3.0 Daemon Server] - 2025-07-20T15:15:06.650Z - Time taken for 'hash changed files from watcher' 7.816041999962181ms
Time for 'nx/core/package-json:createNodes' 5.541207999922335
Time for 'nx/core/project-json:createNodes' 3.810249999864027
Time for 'nx/js/dependencies-and-lockfile:createNodes' 18.328750000102445
[NX v21.3.0 Daemon Server] - 2025-07-20T15:15:06.690Z - Time taken for 'build-project-configs' 33.33300000010058ms
Time for 'build typescript dependencies' 2.561583000002429
[NX v21.3.0 Daemon Server] - 2025-07-20T15:15:06.720Z - Wrote project graph cache to /Users/mahdi.ketabdar/Developer/menno/monorepo/.nx/workspace-data/project-graph.json
[NX v21.3.0 Daemon Server] - 2025-07-20T15:15:06.720Z - [SYNC]: collect registered sync generators
[NX v21.3.0 Daemon Server] - 2025-07-20T15:15:06.720Z - [SYNC]: project graph hash is the same, not collecting task sync generators
[NX v21.3.0 Daemon Server] - 2025-07-20T15:15:06.720Z - [SYNC]: nx.json hash is the same, not collecting global sync generators
[NX v21.3.0 Daemon Server] - 2025-07-20T15:15:06.720Z - Time taken for 'total execution time for createProjectGraph()' 29.895166999893263ms
[NX v21.3.0 Daemon Server] - 2025-07-20T15:15:07.354Z - [WATCHER]: apps/new-panel/src/app/auth/register.component.html was modified
[NX v21.3.0 Daemon Server] - 2025-07-20T15:15:07.354Z - [WATCHER]: Processing file changes in outputs
[NX v21.3.0 Daemon Server] - 2025-07-20T15:15:07.891Z - [WATCHER]: Processing file changes in outputs
[NX v21.3.0 Daemon Server] - 2025-07-20T15:15:13.760Z - [REQUEST]: Updated workspace context based on watched changes, recomputing project graph...
[NX v21.3.0 Daemon Server] - 2025-07-20T15:15:13.761Z - [REQUEST]: apps/new-panel/src/app/auth/register.component.html
[NX v21.3.0 Daemon Server] - 2025-07-20T15:15:13.761Z - [REQUEST]: 
[NX v21.3.0 Daemon Server] - 2025-07-20T15:15:13.768Z - Time taken for 'hash changed files from watcher' 5.952833000104874ms
Time for 'nx/core/package-json:createNodes' 4.5149169999640435
Time for 'nx/core/project-json:createNodes' 4.687417000066489
Time for 'nx/js/dependencies-and-lockfile:createNodes' 18.71295900014229
[NX v21.3.0 Daemon Server] - 2025-07-20T15:15:13.806Z - Time taken for 'build-project-configs' 32.602375000016764ms
Time for 'build typescript dependencies' 3.2309999999124557
[NX v21.3.0 Daemon Server] - 2025-07-20T15:15:13.841Z - Wrote project graph cache to /Users/mahdi.ketabdar/Developer/menno/monorepo/.nx/workspace-data/project-graph.json
[NX v21.3.0 Daemon Server] - 2025-07-20T15:15:13.841Z - [SYNC]: collect registered sync generators
[NX v21.3.0 Daemon Server] - 2025-07-20T15:15:13.841Z - [SYNC]: project graph hash is the same, not collecting task sync generators
[NX v21.3.0 Daemon Server] - 2025-07-20T15:15:13.841Z - [SYNC]: nx.json hash is the same, not collecting global sync generators
[NX v21.3.0 Daemon Server] - 2025-07-20T15:15:13.841Z - Time taken for 'total execution time for createProjectGraph()' 32.89429199998267ms
[NX v21.3.0 Daemon Server] - 2025-07-20T15:15:46.673Z - [WATCHER]: apps/new-panel/public/i18n/fa.json was modified
[NX v21.3.0 Daemon Server] - 2025-07-20T15:15:46.674Z - [WATCHER]: Processing file changes in outputs
[NX v21.3.0 Daemon Server] - 2025-07-20T15:15:53.084Z - [REQUEST]: Updated workspace context based on watched changes, recomputing project graph...
[NX v21.3.0 Daemon Server] - 2025-07-20T15:15:53.085Z - [REQUEST]: apps/new-panel/public/i18n/fa.json
[NX v21.3.0 Daemon Server] - 2025-07-20T15:15:53.085Z - [REQUEST]: 
[NX v21.3.0 Daemon Server] - 2025-07-20T15:15:53.094Z - Time taken for 'hash changed files from watcher' 6.192875000182539ms
Time for 'nx/core/package-json:createNodes' 7.405999999959022
Time for 'nx/core/project-json:createNodes' 7.3199579999782145
Time for 'nx/js/dependencies-and-lockfile:createNodes' 18.54029199993238
[NX v21.3.0 Daemon Server] - 2025-07-20T15:15:53.142Z - Time taken for 'build-project-configs' 38.865332999965176ms
Time for 'build typescript dependencies' 3.035916999913752
[NX v21.3.0 Daemon Server] - 2025-07-20T15:15:53.181Z - Wrote project graph cache to /Users/mahdi.ketabdar/Developer/menno/monorepo/.nx/workspace-data/project-graph.json
[NX v21.3.0 Daemon Server] - 2025-07-20T15:15:53.181Z - [SYNC]: collect registered sync generators
[NX v21.3.0 Daemon Server] - 2025-07-20T15:15:53.181Z - [SYNC]: project graph hash is the same, not collecting task sync generators
[NX v21.3.0 Daemon Server] - 2025-07-20T15:15:53.181Z - [SYNC]: nx.json hash is the same, not collecting global sync generators
[NX v21.3.0 Daemon Server] - 2025-07-20T15:15:53.182Z - Time taken for 'total execution time for createProjectGraph()' 35.83179199998267ms
[NX v21.3.0 Daemon Server] - 2025-07-20T15:16:48.596Z - [WATCHER]: Processing file changes in outputs
[NX v21.3.0 Daemon Server] - 2025-07-20T15:16:51.560Z - [WATCHER]: apps/new-panel/public/i18n/fa.json was modified
[NX v21.3.0 Daemon Server] - 2025-07-20T15:16:51.560Z - [WATCHER]: Processing file changes in outputs
[NX v21.3.0 Daemon Server] - 2025-07-20T15:16:57.973Z - [REQUEST]: Updated workspace context based on watched changes, recomputing project graph...
[NX v21.3.0 Daemon Server] - 2025-07-20T15:16:57.974Z - [REQUEST]: apps/new-panel/public/i18n/fa.json
[NX v21.3.0 Daemon Server] - 2025-07-20T15:16:57.974Z - [REQUEST]: 
[NX v21.3.0 Daemon Server] - 2025-07-20T15:16:57.988Z - Time taken for 'hash changed files from watcher' 9.175625000149012ms
Time for 'nx/core/package-json:createNodes' 4.170249999966472
Time for 'nx/core/project-json:createNodes' 4.995875000022352
Time for 'nx/js/dependencies-and-lockfile:createNodes' 22.8566250000149
[NX v21.3.0 Daemon Server] - 2025-07-20T15:16:58.034Z - Time taken for 'build-project-configs' 38.69000000017695ms
Time for 'build typescript dependencies' 2.4022080001886934
[NX v21.3.0 Daemon Server] - 2025-07-20T15:16:58.078Z - Wrote project graph cache to /Users/mahdi.ketabdar/Developer/menno/monorepo/.nx/workspace-data/project-graph.json
[NX v21.3.0 Daemon Server] - 2025-07-20T15:16:58.079Z - [SYNC]: collect registered sync generators
[NX v21.3.0 Daemon Server] - 2025-07-20T15:16:58.079Z - [SYNC]: project graph hash is the same, not collecting task sync generators
[NX v21.3.0 Daemon Server] - 2025-07-20T15:16:58.079Z - [SYNC]: nx.json hash is the same, not collecting global sync generators
[NX v21.3.0 Daemon Server] - 2025-07-20T15:16:58.079Z - Time taken for 'total execution time for createProjectGraph()' 39.01124999998137ms
[NX v21.3.0 Daemon Server] - 2025-07-20T15:17:03.901Z - [WATCHER]: apps/new-panel/src/app/auth/register.component.html was modified
[NX v21.3.0 Daemon Server] - 2025-07-20T15:17:03.902Z - [WATCHER]: Processing file changes in outputs
[NX v21.3.0 Daemon Server] - 2025-07-20T15:17:04.679Z - [WATCHER]: Processing file changes in outputs
[NX v21.3.0 Daemon Server] - 2025-07-20T15:17:10.311Z - [REQUEST]: Updated workspace context based on watched changes, recomputing project graph...
[NX v21.3.0 Daemon Server] - 2025-07-20T15:17:10.312Z - [REQUEST]: apps/new-panel/src/app/auth/register.component.html
[NX v21.3.0 Daemon Server] - 2025-07-20T15:17:10.312Z - [REQUEST]: 
[NX v21.3.0 Daemon Server] - 2025-07-20T15:17:10.320Z - Time taken for 'hash changed files from watcher' 4.940417000092566ms
Time for 'nx/core/package-json:createNodes' 4.918749999953434
Time for 'nx/core/project-json:createNodes' 4.16641699988395
Time for 'nx/js/dependencies-and-lockfile:createNodes' 16.090332999825478
[NX v21.3.0 Daemon Server] - 2025-07-20T15:17:10.357Z - Time taken for 'build-project-configs' 29.079208000097424ms
Time for 'build typescript dependencies' 2.615375000052154
[NX v21.3.0 Daemon Server] - 2025-07-20T15:17:10.393Z - Wrote project graph cache to /Users/mahdi.ketabdar/Developer/menno/monorepo/.nx/workspace-data/project-graph.json
[NX v21.3.0 Daemon Server] - 2025-07-20T15:17:10.394Z - [SYNC]: collect registered sync generators
[NX v21.3.0 Daemon Server] - 2025-07-20T15:17:10.394Z - [SYNC]: project graph hash is the same, not collecting task sync generators
[NX v21.3.0 Daemon Server] - 2025-07-20T15:17:10.394Z - [SYNC]: nx.json hash is the same, not collecting global sync generators
[NX v21.3.0 Daemon Server] - 2025-07-20T15:17:10.394Z - Time taken for 'total execution time for createProjectGraph()' 31.52483300003223ms
[NX v21.3.0 Daemon Server] - 2025-07-20T15:17:19.063Z - [WATCHER]: apps/new-panel/src/app/auth/register.component.html was modified
[NX v21.3.0 Daemon Server] - 2025-07-20T15:17:19.064Z - [WATCHER]: Processing file changes in outputs
[NX v21.3.0 Daemon Server] - 2025-07-20T15:17:19.804Z - [WATCHER]: Processing file changes in outputs
[NX v21.3.0 Daemon Server] - 2025-07-20T15:17:25.474Z - [REQUEST]: Updated workspace context based on watched changes, recomputing project graph...
[NX v21.3.0 Daemon Server] - 2025-07-20T15:17:25.475Z - [REQUEST]: apps/new-panel/src/app/auth/register.component.html
[NX v21.3.0 Daemon Server] - 2025-07-20T15:17:25.476Z - [REQUEST]: 
[NX v21.3.0 Daemon Server] - 2025-07-20T15:17:25.484Z - Time taken for 'hash changed files from watcher' 7.177625000011176ms
Time for 'nx/core/package-json:createNodes' 5.159750000108033
Time for 'nx/core/project-json:createNodes' 4.932040999876335
Time for 'nx/js/dependencies-and-lockfile:createNodes' 24.665082999970764
[NX v21.3.0 Daemon Server] - 2025-07-20T15:17:25.535Z - Time taken for 'build-project-configs' 44.533167000161484ms
Time for 'build typescript dependencies' 2.0132079999893904
[NX v21.3.0 Daemon Server] - 2025-07-20T15:17:25.566Z - Wrote project graph cache to /Users/mahdi.ketabdar/Developer/menno/monorepo/.nx/workspace-data/project-graph.json
[NX v21.3.0 Daemon Server] - 2025-07-20T15:17:25.566Z - [SYNC]: collect registered sync generators
[NX v21.3.0 Daemon Server] - 2025-07-20T15:17:25.566Z - [SYNC]: project graph hash is the same, not collecting task sync generators
[NX v21.3.0 Daemon Server] - 2025-07-20T15:17:25.566Z - [SYNC]: nx.json hash is the same, not collecting global sync generators
[NX v21.3.0 Daemon Server] - 2025-07-20T15:17:25.566Z - Time taken for 'total execution time for createProjectGraph()' 29.20837500016205ms
[NX v21.3.0 Daemon Server] - 2025-07-20T15:18:20.693Z - [WATCHER]: Processing file changes in outputs
[NX v21.3.0 Daemon Server] - 2025-07-20T15:41:57.042Z - [WATCHER]: 0 file(s) created or restored, 3 file(s) modified, 0 file(s) deleted
[NX v21.3.0 Daemon Server] - 2025-07-20T15:41:57.055Z - [WATCHER]: Processing file changes in outputs
[NX v21.3.0 Daemon Server] - 2025-07-20T15:42:01.389Z - [WATCHER]: Processing file changes in outputs
[NX v21.3.0 Daemon Server] - 2025-07-20T15:42:03.370Z - [WATCHER]: Processing file changes in outputs
[NX v21.3.0 Daemon Server] - 2025-07-20T15:42:03.435Z - [WATCHER]: Processing file changes in outputs
[NX v21.3.0 Daemon Server] - 2025-07-20T15:42:03.475Z - [REQUEST]: Updated workspace context based on watched changes, recomputing project graph...
[NX v21.3.0 Daemon Server] - 2025-07-20T15:42:03.476Z - [REQUEST]: apps/backend/src/app/shops/shops.service.ts,apps/backend/src/app/shops/shops.controller.ts,libs/types/src/lib/create-shop.dto.ts
[NX v21.3.0 Daemon Server] - 2025-07-20T15:42:03.476Z - [REQUEST]: 
[NX v21.3.0 Daemon Server] - 2025-07-20T15:42:03.499Z - [WATCHER]: Processing file changes in outputs
[NX v21.3.0 Daemon Server] - 2025-07-20T15:42:03.501Z - Time taken for 'hash changed files from watcher' 16.205415999982506ms
Time for 'nx/core/project-json:createNodes' 28.110208000056446
[NX v21.3.0 Daemon Server] - 2025-07-20T15:42:03.579Z - [WATCHER]: Processing file changes in outputs
Time for 'nx/core/package-json:createNodes' 33.929124999791384
Time for 'nx/js/dependencies-and-lockfile:createNodes' 74.32787499995902
[NX v21.3.0 Daemon Server] - 2025-07-20T15:42:03.642Z - Time taken for 'build-project-configs' 128.14870799984783ms
Time for 'build typescript dependencies' 28.774500000290573
[NX v21.3.0 Daemon Server] - 2025-07-20T15:42:03.716Z - Wrote project graph cache to /Users/mahdi.ketabdar/Developer/menno/monorepo/.nx/workspace-data/project-graph.json
[NX v21.3.0 Daemon Server] - 2025-07-20T15:42:03.716Z - [SYNC]: collect registered sync generators
[NX v21.3.0 Daemon Server] - 2025-07-20T15:42:03.716Z - [SYNC]: project graph hash is the same, not collecting task sync generators
[NX v21.3.0 Daemon Server] - 2025-07-20T15:42:03.716Z - [SYNC]: nx.json hash is the same, not collecting global sync generators
[NX v21.3.0 Daemon Server] - 2025-07-20T15:42:03.716Z - Time taken for 'total execution time for createProjectGraph()' 72.5988340000622ms
[NX v21.3.0 Daemon Server] - 2025-07-20T15:42:03.814Z - [WATCHER]: Processing file changes in outputs
[NX v21.3.0 Daemon Server] - 2025-07-20T15:42:03.871Z - [WATCHER]: Processing file changes in outputs
[NX v21.3.0 Daemon Server] - 2025-07-20T17:25:31.328Z - [WATCHER]: 0 file(s) created or restored, 4 file(s) modified, 0 file(s) deleted
[NX v21.3.0 Daemon Server] - 2025-07-20T17:25:31.336Z - [WATCHER]: Processing file changes in outputs
[NX v21.3.0 Daemon Server] - 2025-07-20T17:25:36.421Z - [WATCHER]: Processing file changes in outputs
[NX v21.3.0 Daemon Server] - 2025-07-20T17:25:37.765Z - [REQUEST]: Updated workspace context based on watched changes, recomputing project graph...
[NX v21.3.0 Daemon Server] - 2025-07-20T17:25:37.766Z - [REQUEST]: apps/new-panel/public/i18n/fa.json,apps/new-panel/src/app/auth/register.component.ts,apps/new-panel/src/app/auth/register.component.scss,apps/new-panel/src/app/auth/register.component.html
[NX v21.3.0 Daemon Server] - 2025-07-20T17:25:37.766Z - [REQUEST]: 
[NX v21.3.0 Daemon Server] - 2025-07-20T17:25:37.816Z - Time taken for 'hash changed files from watcher' 27.808750001713634ms
Time for 'nx/core/package-json:createNodes' 83.88549999892712
Time for 'nx/core/project-json:createNodes' 79.68637499958277
Time for 'nx/js/dependencies-and-lockfile:createNodes' 170.60808299854398
[NX v21.3.0 Daemon Server] - 2025-07-20T17:25:38.161Z - Time taken for 'build-project-configs' 313.21233400143683ms
Time for 'build typescript dependencies' 59.66529099829495
[NX v21.3.0 Daemon Server] - 2025-07-20T17:25:38.396Z - Wrote project graph cache to /Users/mahdi.ketabdar/Developer/menno/monorepo/.nx/workspace-data/project-graph.json
[NX v21.3.0 Daemon Server] - 2025-07-20T17:25:38.396Z - [SYNC]: collect registered sync generators
[NX v21.3.0 Daemon Server] - 2025-07-20T17:25:38.396Z - [SYNC]: project graph hash is the same, not collecting task sync generators
[NX v21.3.0 Daemon Server] - 2025-07-20T17:25:38.396Z - [SYNC]: nx.json hash is the same, not collecting global sync generators
[NX v21.3.0 Daemon Server] - 2025-07-20T17:25:38.396Z - Time taken for 'total execution time for createProjectGraph()' 213.94104200042784ms
[NX v21.3.0 Daemon Server] - 2025-07-20T17:25:38.606Z - [WATCHER]: Processing file changes in outputs
[NX v21.3.0 Daemon Server] - 2025-07-20T17:25:38.710Z - [WATCHER]: Processing file changes in outputs
[NX v21.3.0 Daemon Server] - 2025-07-20T17:25:38.851Z - [WATCHER]: Processing file changes in outputs
[NX v21.3.0 Daemon Server] - 2025-07-20T17:25:38.912Z - [WATCHER]: Processing file changes in outputs
[NX v21.3.0 Daemon Server] - 2025-07-20T17:27:05.927Z - Established a connection. Number of open connections: 3
[NX v21.3.0 Daemon Server] - 2025-07-20T17:27:05.928Z - Established a connection. Number of open connections: 4
[NX v21.3.0 Daemon Server] - 2025-07-20T17:27:05.928Z - Closed a connection. Number of open connections: 3
[NX v21.3.0 Daemon Server] - 2025-07-20T17:27:05.930Z - [REQUEST]: Client Request for Project Graph Received
[NX v21.3.0 Daemon Server] - 2025-07-20T17:27:05.930Z - Reusing in-memory cached project graph because no files changed.
[NX v21.3.0 Daemon Server] - 2025-07-20T17:27:05.930Z - [REQUEST]: Responding to the client. project-graph
[NX v21.3.0 Daemon Server] - 2025-07-20T17:27:05.931Z - Time taken for 'total for creating and serializing project graph' 0.23354200087487698ms
[NX v21.3.0 Daemon Server] - 2025-07-20T17:27:05.932Z - Done responding to the client project-graph
[NX v21.3.0 Daemon Server] - 2025-07-20T17:27:05.932Z - Handled REQUEST_PROJECT_GRAPH. Handling time: 0. Response time: 2.
[NX v21.3.0 Daemon Server] - 2025-07-20T17:27:05.937Z - [REQUEST]: Responding to the client. handleRunPreTasksExecution
[NX v21.3.0 Daemon Server] - 2025-07-20T17:27:05.937Z - Done responding to the client handleRunPreTasksExecution
[NX v21.3.0 Daemon Server] - 2025-07-20T17:27:05.937Z - Handled PRE_TASKS_EXECUTION. Handling time: 0. Response time: 0.
[NX v21.3.0 Daemon Server] - 2025-07-20T17:27:05.937Z - Time taken for 'preTasksExecution' 0.10329099930822849ms
[NX v21.3.0 Daemon Server] - 2025-07-20T17:27:06.062Z - Reusing in-memory cached project graph because no files changed.
DEBUG nx::native::tasks::task_hasher: plan length: 1
DEBUG nx::native::tasks::hashers::hash_workspace_files: Hashing workspace fileset{cache_key="nx.json,.gitignore,.nxignore"}: Adding "12989128249502635799" (".gitignore") to hash
DEBUG nx::native::tasks::hashers::hash_workspace_files: Hashing workspace fileset{cache_key="nx.json,.gitignore,.nxignore"}: Adding "6848236468451372348" ("nx.json") to hash
DEBUG nx::native::tasks::hashers::hash_workspace_files: Hashing workspace fileset{cache_key="nx.json,.gitignore,.nxignore"}: Hash Value: "15843240260958847966"
[NX v21.3.0 Daemon Server] - 2025-07-20T17:27:06.080Z - [REQUEST]: Responding to the client. handleHashTasks
[NX v21.3.0 Daemon Server] - 2025-07-20T17:27:06.081Z - Done responding to the client handleHashTasks
[NX v21.3.0 Daemon Server] - 2025-07-20T17:27:06.081Z - Handled HASH_TASKS. Handling time: 18. Response time: 1.
[NX v21.3.0 Daemon Server] - 2025-07-20T17:27:06.320Z - [REQUEST]: Responding to the client. handleGetEstimatedTaskTimings
[NX v21.3.0 Daemon Server] - 2025-07-20T17:27:06.320Z - Done responding to the client handleGetEstimatedTaskTimings
[NX v21.3.0 Daemon Server] - 2025-07-20T17:27:06.320Z - Handled GET_ESTIMATED_TASK_TIMINGS. Handling time: 5. Response time: 0.
[NX v21.3.0 Daemon Server] - 2025-07-20T17:27:08.837Z - [WATCHER]: Processing file changes in outputs
[NX v21.3.0 Daemon Server] - 2025-07-20T17:27:17.502Z - [WATCHER]: apps/new-panel/src/environments/environment.ts was modified
[NX v21.3.0 Daemon Server] - 2025-07-20T17:27:17.509Z - [WATCHER]: Processing file changes in outputs
[NX v21.3.0 Daemon Server] - 2025-07-20T17:27:17.682Z - [REQUEST]: Updated workspace context based on watched changes, recomputing project graph...
[NX v21.3.0 Daemon Server] - 2025-07-20T17:27:17.682Z - [REQUEST]: apps/new-panel/src/environments/environment.ts
[NX v21.3.0 Daemon Server] - 2025-07-20T17:27:17.684Z - [REQUEST]: 
[NX v21.3.0 Daemon Server] - 2025-07-20T17:27:17.772Z - Time taken for 'hash changed files from watcher' 53.991374999284744ms
Time for 'nx/core/package-json:createNodes' 71.3037080001086
Time for 'nx/js/dependencies-and-lockfile:createNodes' 200.12966700084507
Time for 'nx/core/project-json:createNodes' 75.9448750000447
[NX v21.3.0 Daemon Server] - 2025-07-20T17:27:18.932Z - Time taken for 'build-project-configs' 1106.6735830008984ms
Time for 'build typescript dependencies' 72.92154200002551
[NX v21.3.0 Daemon Server] - 2025-07-20T17:27:19.210Z - [WATCHER]: Processing file changes in outputs
[NX v21.3.0 Daemon Server] - 2025-07-20T17:27:19.280Z - Wrote project graph cache to /Users/mahdi.ketabdar/Developer/menno/monorepo/.nx/workspace-data/project-graph.json
[NX v21.3.0 Daemon Server] - 2025-07-20T17:27:19.281Z - [SYNC]: collect registered sync generators
[NX v21.3.0 Daemon Server] - 2025-07-20T17:27:19.282Z - [SYNC]: project graph hash is the same, not collecting task sync generators
[NX v21.3.0 Daemon Server] - 2025-07-20T17:27:19.282Z - [SYNC]: nx.json hash is the same, not collecting global sync generators
[NX v21.3.0 Daemon Server] - 2025-07-20T17:27:19.282Z - Time taken for 'total execution time for createProjectGraph()' 359.40266699902713ms
[NX v21.3.0 Daemon Server] - 2025-07-20T17:27:32.364Z - [WATCHER]: Processing file changes in outputs
[NX v21.3.0 Daemon Server] - 2025-07-20T17:27:37.100Z - [WATCHER]: Processing file changes in outputs
[NX v21.3.0 Daemon Server] - 2025-07-20T17:27:37.534Z - [WATCHER]: Processing file changes in outputs
[NX v21.3.0 Daemon Server] - 2025-07-20T17:27:37.939Z - [WATCHER]: Processing file changes in outputs
[NX v21.3.0 Daemon Server] - 2025-07-20T17:27:38.108Z - [WATCHER]: Processing file changes in outputs
[NX v21.3.0 Daemon Server] - 2025-07-20T17:27:38.397Z - [WATCHER]: Processing file changes in outputs
[NX v21.3.0 Daemon Server] - 2025-07-20T17:28:22.728Z - [WATCHER]: Processing file changes in outputs
[NX v21.3.0 Daemon Server] - 2025-07-20T17:28:22.751Z - [WATCHER]: apps/new-panel/src/app/auth/register.component.html was modified
[NX v21.3.0 Daemon Server] - 2025-07-20T17:28:23.041Z - [REQUEST]: Updated workspace context based on watched changes, recomputing project graph...
[NX v21.3.0 Daemon Server] - 2025-07-20T17:28:23.044Z - [REQUEST]: apps/new-panel/src/app/auth/register.component.html
[NX v21.3.0 Daemon Server] - 2025-07-20T17:28:23.045Z - [REQUEST]: 
[NX v21.3.0 Daemon Server] - 2025-07-20T17:28:23.248Z - Time taken for 'hash changed files from watcher' 54.362041000276804ms
Time for 'nx/core/package-json:createNodes' 68.02416599914432
Time for 'nx/core/project-json:createNodes' 59.19666700065136
Time for 'nx/js/dependencies-and-lockfile:createNodes' 97.2344589997083
[NX v21.3.0 Daemon Server] - 2025-07-20T17:28:23.560Z - Time taken for 'build-project-configs' 324.07200000062585ms
Time for 'build typescript dependencies' 17.73141700029373
[NX v21.3.0 Daemon Server] - 2025-07-20T17:28:23.631Z - Wrote project graph cache to /Users/mahdi.ketabdar/Developer/menno/monorepo/.nx/workspace-data/project-graph.json
[NX v21.3.0 Daemon Server] - 2025-07-20T17:28:23.631Z - [SYNC]: collect registered sync generators
[NX v21.3.0 Daemon Server] - 2025-07-20T17:28:23.631Z - [SYNC]: project graph hash is the same, not collecting task sync generators
[NX v21.3.0 Daemon Server] - 2025-07-20T17:28:23.631Z - [SYNC]: nx.json hash is the same, not collecting global sync generators
[NX v21.3.0 Daemon Server] - 2025-07-20T17:28:23.631Z - Time taken for 'total execution time for createProjectGraph()' 70.50345899909735ms
[NX v21.3.0 Daemon Server] - 2025-07-20T17:28:24.615Z - [WATCHER]: Processing file changes in outputs
[NX v21.3.0 Daemon Server] - 2025-07-20T17:28:36.752Z - [WATCHER]: apps/new-panel/src/app/auth/register.component.html was modified
[NX v21.3.0 Daemon Server] - 2025-07-20T17:28:36.753Z - [WATCHER]: Processing file changes in outputs
[NX v21.3.0 Daemon Server] - 2025-07-20T17:28:37.157Z - [REQUEST]: Updated workspace context based on watched changes, recomputing project graph...
[NX v21.3.0 Daemon Server] - 2025-07-20T17:28:37.157Z - [REQUEST]: apps/new-panel/src/app/auth/register.component.html
[NX v21.3.0 Daemon Server] - 2025-07-20T17:28:37.157Z - [REQUEST]: 
[NX v21.3.0 Daemon Server] - 2025-07-20T17:28:37.161Z - Time taken for 'hash changed files from watcher' 3.6560839992016554ms
Time for 'nx/core/package-json:createNodes' 12.180208001285791
Time for 'nx/core/project-json:createNodes' 12.67395900003612
Time for 'nx/js/dependencies-and-lockfile:createNodes' 32.53187499940395
[NX v21.3.0 Daemon Server] - 2025-07-20T17:28:37.215Z - Time taken for 'build-project-configs' 45.98429200053215ms
Time for 'build typescript dependencies' 2.656291998922825
[NX v21.3.0 Daemon Server] - 2025-07-20T17:28:37.257Z - Wrote project graph cache to /Users/mahdi.ketabdar/Developer/menno/monorepo/.nx/workspace-data/project-graph.json
[NX v21.3.0 Daemon Server] - 2025-07-20T17:28:37.257Z - [SYNC]: collect registered sync generators
[NX v21.3.0 Daemon Server] - 2025-07-20T17:28:37.258Z - [SYNC]: project graph hash is the same, not collecting task sync generators
[NX v21.3.0 Daemon Server] - 2025-07-20T17:28:37.258Z - [SYNC]: nx.json hash is the same, not collecting global sync generators
[NX v21.3.0 Daemon Server] - 2025-07-20T17:28:37.258Z - Time taken for 'total execution time for createProjectGraph()' 36.62749999947846ms
[NX v21.3.0 Daemon Server] - 2025-07-20T17:28:37.618Z - [WATCHER]: Processing file changes in outputs
[NX v21.3.0 Daemon Server] - 2025-07-20T17:29:30.687Z - [WATCHER]: apps/new-panel/public/i18n/fa.json was modified
[NX v21.3.0 Daemon Server] - 2025-07-20T17:29:30.688Z - [WATCHER]: Processing file changes in outputs
[NX v21.3.0 Daemon Server] - 2025-07-20T17:29:31.501Z - [REQUEST]: Updated workspace context based on watched changes, recomputing project graph...
[NX v21.3.0 Daemon Server] - 2025-07-20T17:29:31.501Z - [REQUEST]: apps/new-panel/public/i18n/fa.json
[NX v21.3.0 Daemon Server] - 2025-07-20T17:29:31.501Z - [REQUEST]: 
[NX v21.3.0 Daemon Server] - 2025-07-20T17:29:31.521Z - Time taken for 'hash changed files from watcher' 11.416834000498056ms
Time for 'nx/core/package-json:createNodes' 27.05949999950826
Time for 'nx/core/project-json:createNodes' 19.80120800063014
Time for 'nx/js/dependencies-and-lockfile:createNodes' 49.45012499950826
[NX v21.3.0 Daemon Server] - 2025-07-20T17:29:31.613Z - Time taken for 'build-project-configs' 83.48299999907613ms
Time for 'build typescript dependencies' 3.4855000004172325
[NX v21.3.0 Daemon Server] - 2025-07-20T17:29:31.655Z - Wrote project graph cache to /Users/mahdi.ketabdar/Developer/menno/monorepo/.nx/workspace-data/project-graph.json
[NX v21.3.0 Daemon Server] - 2025-07-20T17:29:31.656Z - [SYNC]: collect registered sync generators
[NX v21.3.0 Daemon Server] - 2025-07-20T17:29:31.657Z - [SYNC]: project graph hash is the same, not collecting task sync generators
[NX v21.3.0 Daemon Server] - 2025-07-20T17:29:31.657Z - [SYNC]: nx.json hash is the same, not collecting global sync generators
[NX v21.3.0 Daemon Server] - 2025-07-20T17:29:31.657Z - Time taken for 'total execution time for createProjectGraph()' 35.131541999056935ms
[NX v21.3.0 Daemon Server] - 2025-07-20T17:29:33.492Z - [WATCHER]: Processing file changes in outputs
[NX v21.3.0 Daemon Server] - 2025-07-20T17:29:33.717Z - [WATCHER]: Processing file changes in outputs
[NX v21.3.0 Daemon Server] - 2025-07-20T20:29:30.822Z - Closed a connection. Number of open connections: 2
[NX v21.3.0 Daemon Server] - 2025-07-20T20:29:30.827Z - Closed a connection. Number of open connections: 1
[NX v21.3.0 Daemon Server] - 2025-07-20T20:29:30.828Z - Closed a connection. Number of open connections: 0
[NX v21.3.0 Daemon Server] - 2025-07-20T20:29:30.830Z - [WATCHER]: Stopping the watcher for /Users/mahdi.ketabdar/Developer/menno/monorepo (sources)
[NX v21.3.0 Daemon Server] - 2025-07-20T20:29:30.831Z - [WATCHER]: Stopping the watcher for /Users/mahdi.ketabdar/Developer/menno/monorepo (outputs)
[NX v21.3.0 Daemon Server] - 2025-07-20T20:29:30.843Z - Server stopped because: "10800000ms of inactivity"
[NX v21.3.0 Daemon Server] - 2025-07-21T06:38:15.043Z - Started listening on: /var/folders/88/nh7vxf113z59vhn715mxddyx12p0zg/T/84da4a988f6bd2f972f5/d.sock
[NX v21.3.0 Daemon Server] - 2025-07-21T06:38:15.053Z - [WATCHER]: Subscribed to changes within: /Users/mahdi.ketabdar/Developer/menno/monorepo (native)
[NX v21.3.0 Daemon Server] - 2025-07-21T06:38:15.055Z - Established a connection. Number of open connections: 1
[NX v21.3.0 Daemon Server] - 2025-07-21T06:38:15.056Z - Established a connection. Number of open connections: 2
[NX v21.3.0 Daemon Server] - 2025-07-21T06:38:15.058Z - Closed a connection. Number of open connections: 1
[NX v21.3.0 Daemon Server] - 2025-07-21T06:38:15.059Z - [REQUEST]: Responding to the client. recordOutputsHash
[NX v21.3.0 Daemon Server] - 2025-07-21T06:38:15.060Z - Done responding to the client recordOutputsHash
[NX v21.3.0 Daemon Server] - 2025-07-21T06:38:15.060Z - Handled RECORD_OUTPUTS_HASH. Handling time: 0. Response time: 1.
[NX v21.3.0 Daemon Server] - 2025-07-21T06:38:15.232Z - [REQUEST]: Responding to the client. handleRecordTaskRuns
[NX v21.3.0 Daemon Server] - 2025-07-21T06:38:15.232Z - Done responding to the client handleRecordTaskRuns
[NX v21.3.0 Daemon Server] - 2025-07-21T06:38:15.232Z - Handled RECORD_TASK_RUNS. Handling time: 90. Response time: 0.
[NX v21.3.0 Daemon Server] - 2025-07-21T06:38:15.238Z - [REQUEST]: Responding to the client. handleGetFlakyTasks
[NX v21.3.0 Daemon Server] - 2025-07-21T06:38:15.238Z - Done responding to the client handleGetFlakyTasks
[NX v21.3.0 Daemon Server] - 2025-07-21T06:38:15.238Z - Handled GET_FLAKY_TASKS. Handling time: 0. Response time: 0.
[NX v21.3.0 Daemon Server] - 2025-07-21T06:38:15.238Z - Time taken for 'loadSpecifiedNxPlugins' 1.0922089999999685ms
Time for 'plugin worker 42410 code loading' 2.4297500000000003
Time for 'plugin worker 42411 code loading' 2.4538339999999987
Time for 'plugin worker 42409 code loading' 2.3791659999999997
[NX v21.3.0 Daemon Server] - 2025-07-21T06:38:15.335Z - Time taken for 'Load Nx Plugin: /Users/mahdi.ketabdar/Developer/menno/monorepo/node_modules/nx/src/plugins/package-json' 102.20179100000001ms
[NX v21.3.0 Daemon Server] - 2025-07-21T06:38:15.336Z - Time taken for 'Load Nx Plugin: /Users/mahdi.ketabdar/Developer/menno/monorepo/node_modules/nx/src/plugins/project-json/build-nodes/project-json' 102.518709ms
[NX v21.3.0 Daemon Server] - 2025-07-21T06:38:15.353Z - [REQUEST]: Updated workspace context based on watched changes, recomputing project graph...
[NX v21.3.0 Daemon Server] - 2025-07-21T06:38:15.353Z - [REQUEST]: 
[NX v21.3.0 Daemon Server] - 2025-07-21T06:38:15.353Z - [REQUEST]: 
[NX v21.3.0 Daemon Server] - 2025-07-21T06:38:15.357Z - Time taken for 'loadDefaultNxPlugins' 118.18783299999996ms
Time for 'nx/core/package-json:createNodes' 2.4705000000000013
Time for 'nx/core/project-json:createNodes' 2.4441659999999956
Time for 'nx/js/dependencies-and-lockfile:createNodes' 5.373541000000003
[NX v21.3.0 Daemon Server] - 2025-07-21T06:38:15.411Z - Time taken for 'build-project-configs' 28.801374999999894ms
Time for 'build typescript dependencies' 9.523334000000006
[NX v21.3.0 Daemon Server] - 2025-07-21T06:38:15.453Z - Wrote project graph cache to /Users/mahdi.ketabdar/Developer/menno/monorepo/.nx/workspace-data/project-graph.json
[NX v21.3.0 Daemon Server] - 2025-07-21T06:38:15.453Z - [SYNC]: collect registered sync generators
[NX v21.3.0 Daemon Server] - 2025-07-21T06:38:15.454Z - Time taken for 'total execution time for createProjectGraph()' 40.51816700000006ms
[NX v21.3.0 Daemon Server] - 2025-07-21T06:38:16.138Z - Closed a connection. Number of open connections: 0
[NX v21.3.0 Daemon Server] - 2025-07-21T06:41:39.338Z - Established a connection. Number of open connections: 1
[NX v21.3.0 Daemon Server] - 2025-07-21T06:41:39.344Z - Established a connection. Number of open connections: 2
[NX v21.3.0 Daemon Server] - 2025-07-21T06:41:39.344Z - Closed a connection. Number of open connections: 1
[NX v21.3.0 Daemon Server] - 2025-07-21T06:41:39.351Z - [REQUEST]: Responding to the client. recordOutputsHash
[NX v21.3.0 Daemon Server] - 2025-07-21T06:41:39.351Z - Done responding to the client recordOutputsHash
[NX v21.3.0 Daemon Server] - 2025-07-21T06:41:39.351Z - Handled RECORD_OUTPUTS_HASH. Handling time: 3. Response time: 0.
[NX v21.3.0 Daemon Server] - 2025-07-21T06:41:39.405Z - [REQUEST]: Responding to the client. handleRecordTaskRuns
[NX v21.3.0 Daemon Server] - 2025-07-21T06:41:39.405Z - Done responding to the client handleRecordTaskRuns
[NX v21.3.0 Daemon Server] - 2025-07-21T06:41:39.405Z - Handled RECORD_TASK_RUNS. Handling time: 1. Response time: 0.
[NX v21.3.0 Daemon Server] - 2025-07-21T06:41:39.406Z - [REQUEST]: Responding to the client. handleGetFlakyTasks
[NX v21.3.0 Daemon Server] - 2025-07-21T06:41:39.407Z - Done responding to the client handleGetFlakyTasks
[NX v21.3.0 Daemon Server] - 2025-07-21T06:41:39.407Z - Handled GET_FLAKY_TASKS. Handling time: 0. Response time: 1.
[NX v21.3.0 Daemon Server] - 2025-07-21T06:41:39.639Z - Closed a connection. Number of open connections: 0
[NX v21.3.0 Daemon Server] - 2025-07-21T06:41:45.822Z - [WATCHER]: Stopping the watcher for /Users/mahdi.ketabdar/Developer/menno/monorepo (sources)
[NX v21.3.0 Daemon Server] - 2025-07-21T16:53:25.743Z - Started listening on: /var/folders/88/nh7vxf113z59vhn715mxddyx12p0zg/T/84da4a988f6bd2f972f5/d.sock
[NX v21.3.0 Daemon Server] - 2025-07-21T16:53:25.750Z - [WATCHER]: Subscribed to changes within: /Users/mahdi.ketabdar/Developer/menno/monorepo (native)
[NX v21.3.0 Daemon Server] - 2025-07-21T16:53:25.751Z - Established a connection. Number of open connections: 1
[NX v21.3.0 Daemon Server] - 2025-07-21T16:53:25.753Z - Closed a connection. Number of open connections: 0
[NX v21.3.0 Daemon Server] - 2025-07-21T16:53:25.763Z - Established a connection. Number of open connections: 1
[NX v21.3.0 Daemon Server] - 2025-07-21T16:53:25.763Z - Established a connection. Number of open connections: 2
[NX v21.3.0 Daemon Server] - 2025-07-21T16:53:25.763Z - Closed a connection. Number of open connections: 1
[NX v21.3.0 Daemon Server] - 2025-07-21T16:53:25.764Z - [REQUEST]: Client Request for Project Graph Received
[NX v21.3.0 Daemon Server] - 2025-07-21T16:53:25.770Z - Time taken for 'loadSpecifiedNxPlugins' 0.7270420000000115ms
Time for 'plugin worker 6805 code loading' 2.5777079999999977
Time for 'plugin worker 6804 code loading' 2.926209
Time for 'plugin worker 6806 code loading' 2.6442499999999995
[NX v21.3.0 Daemon Server] - 2025-07-21T16:53:25.873Z - Time taken for 'Load Nx Plugin: /Users/mahdi.ketabdar/Developer/menno/monorepo/node_modules/nx/src/plugins/project-json/build-nodes/project-json' 107.589958ms
[NX v21.3.0 Daemon Server] - 2025-07-21T16:53:25.873Z - Time taken for 'Load Nx Plugin: /Users/mahdi.ketabdar/Developer/menno/monorepo/node_modules/nx/src/plugins/package-json' 108.17641599999999ms
[NX v21.3.0 Daemon Server] - 2025-07-21T16:53:25.884Z - [REQUEST]: Updated workspace context based on watched changes, recomputing project graph...
[NX v21.3.0 Daemon Server] - 2025-07-21T16:53:25.884Z - [REQUEST]: 
[NX v21.3.0 Daemon Server] - 2025-07-21T16:53:25.884Z - [REQUEST]: 
[NX v21.3.0 Daemon Server] - 2025-07-21T16:53:25.886Z - No files changed, but no in-memory cached project graph found. Recomputing it...
[NX v21.3.0 Daemon Server] - 2025-07-21T16:53:25.890Z - Time taken for 'loadDefaultNxPlugins' 117.368584ms
Time for 'nx/core/project-json:createNodes' 1.0044579999999996
Time for 'nx/core/package-json:createNodes' 2.078374999999994
Time for 'nx/js/dependencies-and-lockfile:createNodes' 5.873292000000006
[NX v21.3.0 Daemon Server] - 2025-07-21T16:53:25.933Z - Time taken for 'build-project-configs' 27.345957999999996ms
Time for 'build typescript dependencies' 0.08670799999998735
[NX v21.3.0 Daemon Server] - 2025-07-21T16:53:25.971Z - Wrote project graph cache to /Users/mahdi.ketabdar/Developer/menno/monorepo/.nx/workspace-data/project-graph.json
[NX v21.3.0 Daemon Server] - 2025-07-21T16:53:25.971Z - [SYNC]: collect registered sync generators
[NX v21.3.0 Daemon Server] - 2025-07-21T16:53:25.972Z - [REQUEST]: Responding to the client. project-graph
[NX v21.3.0 Daemon Server] - 2025-07-21T16:53:25.972Z - Time taken for 'total for creating and serializing project graph' 207.81075ms
[NX v21.3.0 Daemon Server] - 2025-07-21T16:53:25.974Z - Done responding to the client project-graph
[NX v21.3.0 Daemon Server] - 2025-07-21T16:53:25.974Z - Handled REQUEST_PROJECT_GRAPH. Handling time: 208. Response time: 2.
[NX v21.3.0 Daemon Server] - 2025-07-21T16:53:25.981Z - [REQUEST]: Responding to the client. handleContextFileData
[NX v21.3.0 Daemon Server] - 2025-07-21T16:53:25.984Z - Done responding to the client handleContextFileData
[NX v21.3.0 Daemon Server] - 2025-07-21T16:53:25.984Z - Handled GET_CONTEXT_FILE_DATA. Handling time: 3. Response time: 3.
[NX v21.3.0 Daemon Server] - 2025-07-21T16:53:25.988Z - Closed a connection. Number of open connections: 0
[NX v21.3.0 Daemon Server] - 2025-07-21T16:53:26.280Z - Established a connection. Number of open connections: 1
[NX v21.3.0 Daemon Server] - 2025-07-21T16:53:26.280Z - Established a connection. Number of open connections: 2
[NX v21.3.0 Daemon Server] - 2025-07-21T16:53:26.280Z - Closed a connection. Number of open connections: 1
[NX v21.3.0 Daemon Server] - 2025-07-21T16:53:26.281Z - [REQUEST]: Client Request for Project Graph Received
[NX v21.3.0 Daemon Server] - 2025-07-21T16:53:26.281Z - Reusing in-memory cached project graph because no files changed.
[NX v21.3.0 Daemon Server] - 2025-07-21T16:53:26.281Z - [REQUEST]: Responding to the client. project-graph
[NX v21.3.0 Daemon Server] - 2025-07-21T16:53:26.281Z - Time taken for 'total for creating and serializing project graph' 0.1184170000000222ms
[NX v21.3.0 Daemon Server] - 2025-07-21T16:53:26.282Z - Done responding to the client project-graph
[NX v21.3.0 Daemon Server] - 2025-07-21T16:53:26.282Z - Handled REQUEST_PROJECT_GRAPH. Handling time: 0. Response time: 1.
[NX v21.3.0 Daemon Server] - 2025-07-21T16:53:26.285Z - [REQUEST]: Client Request for Project Graph Received
[NX v21.3.0 Daemon Server] - 2025-07-21T16:53:26.285Z - Reusing in-memory cached project graph because no files changed.
[NX v21.3.0 Daemon Server] - 2025-07-21T16:53:26.285Z - [REQUEST]: Responding to the client. project-graph
[NX v21.3.0 Daemon Server] - 2025-07-21T16:53:26.285Z - Time taken for 'total for creating and serializing project graph' 0.1316669999999931ms
[NX v21.3.0 Daemon Server] - 2025-07-21T16:53:26.286Z - Done responding to the client project-graph
[NX v21.3.0 Daemon Server] - 2025-07-21T16:53:26.286Z - Handled REQUEST_PROJECT_GRAPH. Handling time: 0. Response time: 1.
[NX v21.3.0 Daemon Server] - 2025-07-21T16:53:26.289Z - Established a connection. Number of open connections: 2
[NX v21.3.0 Daemon Server] - 2025-07-21T16:56:22.108Z - Established a connection. Number of open connections: 3
[NX v21.3.0 Daemon Server] - 2025-07-21T16:56:22.110Z - Established a connection. Number of open connections: 4
[NX v21.3.0 Daemon Server] - 2025-07-21T16:56:22.110Z - Closed a connection. Number of open connections: 3
[NX v21.3.0 Daemon Server] - 2025-07-21T16:56:22.112Z - [REQUEST]: Client Request for Project Graph Received
[NX v21.3.0 Daemon Server] - 2025-07-21T16:56:22.113Z - Reusing in-memory cached project graph because no files changed.
[NX v21.3.0 Daemon Server] - 2025-07-21T16:56:22.113Z - [REQUEST]: Responding to the client. project-graph
[NX v21.3.0 Daemon Server] - 2025-07-21T16:56:22.114Z - Time taken for 'total for creating and serializing project graph' 0.48262500000419095ms
[NX v21.3.0 Daemon Server] - 2025-07-21T16:56:22.116Z - Done responding to the client project-graph
[NX v21.3.0 Daemon Server] - 2025-07-21T16:56:22.117Z - Handled REQUEST_PROJECT_GRAPH. Handling time: 1. Response time: 4.
[NX v21.3.0 Daemon Server] - 2025-07-21T16:56:22.123Z - [REQUEST]: Responding to the client. handleRunPreTasksExecution
[NX v21.3.0 Daemon Server] - 2025-07-21T16:56:22.123Z - Done responding to the client handleRunPreTasksExecution
[NX v21.3.0 Daemon Server] - 2025-07-21T16:56:22.123Z - Handled PRE_TASKS_EXECUTION. Handling time: 1. Response time: 0.
[NX v21.3.0 Daemon Server] - 2025-07-21T16:56:22.123Z - Time taken for 'preTasksExecution' 0.6926660000171978ms
[NX v21.3.0 Daemon Server] - 2025-07-21T16:56:22.204Z - Reusing in-memory cached project graph because no files changed.
DEBUG nx::native::tasks::task_hasher: plan length: 1
DEBUG nx::native::tasks::hashers::hash_workspace_files: Hashing workspace fileset{cache_key="nx.json,.gitignore,.nxignore"}: Adding "12989128249502635799" (".gitignore") to hash
DEBUG nx::native::tasks::hashers::hash_workspace_files: Hashing workspace fileset{cache_key="nx.json,.gitignore,.nxignore"}: Adding "6848236468451372348" ("nx.json") to hash
DEBUG nx::native::tasks::hashers::hash_workspace_files: Hashing workspace fileset{cache_key="nx.json,.gitignore,.nxignore"}: Hash Value: "15843240260958847966"
[NX v21.3.0 Daemon Server] - 2025-07-21T16:56:22.222Z - [REQUEST]: Responding to the client. handleHashTasks
[NX v21.3.0 Daemon Server] - 2025-07-21T16:56:22.223Z - Done responding to the client handleHashTasks
[NX v21.3.0 Daemon Server] - 2025-07-21T16:56:22.223Z - Handled HASH_TASKS. Handling time: 18. Response time: 1.
[NX v21.3.0 Daemon Server] - 2025-07-21T16:56:22.295Z - [REQUEST]: Responding to the client. handleGetEstimatedTaskTimings
[NX v21.3.0 Daemon Server] - 2025-07-21T16:56:22.295Z - Done responding to the client handleGetEstimatedTaskTimings
[NX v21.3.0 Daemon Server] - 2025-07-21T16:56:22.295Z - Handled GET_ESTIMATED_TASK_TIMINGS. Handling time: 15. Response time: 0.
[NX v21.3.0 Daemon Server] - 2025-07-21T16:56:22.859Z - [WATCHER]: Processing file changes in outputs
[NX v21.3.0 Daemon Server] - 2025-07-21T16:56:27.923Z - [WATCHER]: Processing file changes in outputs
[NX v21.3.0 Daemon Server] - 2025-07-21T16:56:29.284Z - Established a connection. Number of open connections: 4
[NX v21.3.0 Daemon Server] - 2025-07-21T16:56:29.284Z - Closed a connection. Number of open connections: 3
[NX v21.3.0 Daemon Server] - 2025-07-21T16:56:29.284Z - Established a connection. Number of open connections: 4
[NX v21.3.0 Daemon Server] - 2025-07-21T16:56:29.286Z - [REQUEST]: Client Request for Project Graph Received
[NX v21.3.0 Daemon Server] - 2025-07-21T16:56:29.287Z - Reusing in-memory cached project graph because no files changed.
[NX v21.3.0 Daemon Server] - 2025-07-21T16:56:29.287Z - [REQUEST]: Responding to the client. project-graph
[NX v21.3.0 Daemon Server] - 2025-07-21T16:56:29.288Z - Time taken for 'total for creating and serializing project graph' 0.4013340000237804ms
[NX v21.3.0 Daemon Server] - 2025-07-21T16:56:29.290Z - Done responding to the client project-graph
[NX v21.3.0 Daemon Server] - 2025-07-21T16:56:29.290Z - Handled REQUEST_PROJECT_GRAPH. Handling time: 1. Response time: 3.
[NX v21.3.0 Daemon Server] - 2025-07-21T16:56:29.296Z - [REQUEST]: Responding to the client. handleRunPreTasksExecution
[NX v21.3.0 Daemon Server] - 2025-07-21T16:56:29.296Z - Done responding to the client handleRunPreTasksExecution
[NX v21.3.0 Daemon Server] - 2025-07-21T16:56:29.296Z - Handled PRE_TASKS_EXECUTION. Handling time: 1. Response time: 0.
[NX v21.3.0 Daemon Server] - 2025-07-21T16:56:29.296Z - Time taken for 'preTasksExecution' 0.3101250000181608ms
[NX v21.3.0 Daemon Server] - 2025-07-21T16:56:29.330Z - Reusing in-memory cached project graph because no files changed.
DEBUG nx::native::tasks::task_hasher: plan length: 1
[NX v21.3.0 Daemon Server] - 2025-07-21T16:56:29.346Z - [REQUEST]: Responding to the client. handleHashTasks
[NX v21.3.0 Daemon Server] - 2025-07-21T16:56:29.346Z - Done responding to the client handleHashTasks
[NX v21.3.0 Daemon Server] - 2025-07-21T16:56:29.346Z - Handled HASH_TASKS. Handling time: 16. Response time: 0.
[NX v21.3.0 Daemon Server] - 2025-07-21T16:56:29.391Z - [REQUEST]: Responding to the client. handleGetEstimatedTaskTimings
[NX v21.3.0 Daemon Server] - 2025-07-21T16:56:29.391Z - Done responding to the client handleGetEstimatedTaskTimings
[NX v21.3.0 Daemon Server] - 2025-07-21T16:56:29.391Z - Handled GET_ESTIMATED_TASK_TIMINGS. Handling time: 1. Response time: 0.
[NX v21.3.0 Daemon Server] - 2025-07-21T16:56:30.163Z - Established a connection. Number of open connections: 5
[NX v21.3.0 Daemon Server] - 2025-07-21T16:56:30.164Z - Established a connection. Number of open connections: 6
[NX v21.3.0 Daemon Server] - 2025-07-21T16:56:30.165Z - Closed a connection. Number of open connections: 5
[NX v21.3.0 Daemon Server] - 2025-07-21T16:56:30.166Z - [REQUEST]: Client Request for Project Graph Received
[NX v21.3.0 Daemon Server] - 2025-07-21T16:56:30.166Z - Reusing in-memory cached project graph because no files changed.
[NX v21.3.0 Daemon Server] - 2025-07-21T16:56:30.167Z - [REQUEST]: Responding to the client. project-graph
[NX v21.3.0 Daemon Server] - 2025-07-21T16:56:30.167Z - Time taken for 'total for creating and serializing project graph' 0.4937080000236165ms
[NX v21.3.0 Daemon Server] - 2025-07-21T16:56:30.169Z - Done responding to the client project-graph
[NX v21.3.0 Daemon Server] - 2025-07-21T16:56:30.169Z - Handled REQUEST_PROJECT_GRAPH. Handling time: 1. Response time: 2.
[NX v21.3.0 Daemon Server] - 2025-07-21T16:56:30.483Z - Closed a connection. Number of open connections: 4
[NX v21.3.0 Daemon Server] - 2025-07-21T16:56:30.492Z - [REQUEST]: Responding to the client. recordOutputsHash
[NX v21.3.0 Daemon Server] - 2025-07-21T16:56:30.492Z - Done responding to the client recordOutputsHash
[NX v21.3.0 Daemon Server] - 2025-07-21T16:56:30.493Z - Handled RECORD_OUTPUTS_HASH. Handling time: 1. Response time: 1.
[NX v21.3.0 Daemon Server] - 2025-07-21T16:56:30.495Z - [REQUEST]: Responding to the client. handleRecordTaskRuns
[NX v21.3.0 Daemon Server] - 2025-07-21T16:56:30.496Z - Done responding to the client handleRecordTaskRuns
[NX v21.3.0 Daemon Server] - 2025-07-21T16:56:30.496Z - Handled RECORD_TASK_RUNS. Handling time: 0. Response time: 1.
[NX v21.3.0 Daemon Server] - 2025-07-21T16:56:30.497Z - [REQUEST]: Responding to the client. handleGetFlakyTasks
[NX v21.3.0 Daemon Server] - 2025-07-21T16:56:30.497Z - Done responding to the client handleGetFlakyTasks
[NX v21.3.0 Daemon Server] - 2025-07-21T16:56:30.497Z - Handled GET_FLAKY_TASKS. Handling time: 0. Response time: 0.
[NX v21.3.0 Daemon Server] - 2025-07-21T16:56:31.058Z - [REQUEST]: Responding to the client. handleRunPostTasksExecution
[NX v21.3.0 Daemon Server] - 2025-07-21T16:56:31.059Z - Done responding to the client handleRunPostTasksExecution
[NX v21.3.0 Daemon Server] - 2025-07-21T16:56:31.059Z - Handled POST_TASKS_EXECUTION. Handling time: 0. Response time: 1.
[NX v21.3.0 Daemon Server] - 2025-07-21T16:56:31.059Z - Time taken for 'postTasksExecution' 0.14795900002354756ms
[NX v21.3.0 Daemon Server] - 2025-07-21T16:56:31.063Z - Closed a connection. Number of open connections: 3
[NX v21.3.0 Daemon Server] - 2025-07-21T16:56:39.003Z - Established a connection. Number of open connections: 4
[NX v21.3.0 Daemon Server] - 2025-07-21T16:56:39.004Z - Closed a connection. Number of open connections: 3
[NX v21.3.0 Daemon Server] - 2025-07-21T16:56:39.004Z - Established a connection. Number of open connections: 4
[NX v21.3.0 Daemon Server] - 2025-07-21T16:56:39.006Z - [REQUEST]: Client Request for Project Graph Received
[NX v21.3.0 Daemon Server] - 2025-07-21T16:56:39.007Z - Reusing in-memory cached project graph because no files changed.
[NX v21.3.0 Daemon Server] - 2025-07-21T16:56:39.007Z - [REQUEST]: Responding to the client. project-graph
[NX v21.3.0 Daemon Server] - 2025-07-21T16:56:39.007Z - Time taken for 'total for creating and serializing project graph' 0.28891699999803677ms
[NX v21.3.0 Daemon Server] - 2025-07-21T16:56:39.010Z - Done responding to the client project-graph
[NX v21.3.0 Daemon Server] - 2025-07-21T16:56:39.010Z - Handled REQUEST_PROJECT_GRAPH. Handling time: 1. Response time: 3.
[NX v21.3.0 Daemon Server] - 2025-07-21T16:56:39.015Z - [REQUEST]: Responding to the client. handleRunPreTasksExecution
[NX v21.3.0 Daemon Server] - 2025-07-21T16:56:39.015Z - Done responding to the client handleRunPreTasksExecution
[NX v21.3.0 Daemon Server] - 2025-07-21T16:56:39.015Z - Handled PRE_TASKS_EXECUTION. Handling time: 0. Response time: 0.
[NX v21.3.0 Daemon Server] - 2025-07-21T16:56:39.015Z - Time taken for 'preTasksExecution' 0.345166999992216ms
[NX v21.3.0 Daemon Server] - 2025-07-21T16:56:39.151Z - Reusing in-memory cached project graph because no files changed.
DEBUG nx::native::tasks::task_hasher: plan length: 1
[NX v21.3.0 Daemon Server] - 2025-07-21T16:56:39.164Z - [REQUEST]: Responding to the client. handleHashTasks
[NX v21.3.0 Daemon Server] - 2025-07-21T16:56:39.164Z - Done responding to the client handleHashTasks
[NX v21.3.0 Daemon Server] - 2025-07-21T16:56:39.164Z - Handled HASH_TASKS. Handling time: 13. Response time: 0.
[NX v21.3.0 Daemon Server] - 2025-07-21T16:56:39.204Z - [REQUEST]: Responding to the client. handleGetEstimatedTaskTimings
[NX v21.3.0 Daemon Server] - 2025-07-21T16:56:39.205Z - Done responding to the client handleGetEstimatedTaskTimings
[NX v21.3.0 Daemon Server] - 2025-07-21T16:56:39.205Z - Handled GET_ESTIMATED_TASK_TIMINGS. Handling time: 0. Response time: 1.
[NX v21.3.0 Daemon Server] - 2025-07-21T16:56:39.750Z - Established a connection. Number of open connections: 5
[NX v21.3.0 Daemon Server] - 2025-07-21T16:56:39.751Z - Closed a connection. Number of open connections: 4
[NX v21.3.0 Daemon Server] - 2025-07-21T16:56:39.751Z - Established a connection. Number of open connections: 5
[NX v21.3.0 Daemon Server] - 2025-07-21T16:56:39.752Z - [REQUEST]: Client Request for Project Graph Received
[NX v21.3.0 Daemon Server] - 2025-07-21T16:56:39.752Z - Reusing in-memory cached project graph because no files changed.
[NX v21.3.0 Daemon Server] - 2025-07-21T16:56:39.752Z - [REQUEST]: Responding to the client. project-graph
[NX v21.3.0 Daemon Server] - 2025-07-21T16:56:39.753Z - Time taken for 'total for creating and serializing project graph' 0.5590000000083819ms
[NX v21.3.0 Daemon Server] - 2025-07-21T16:56:39.758Z - Done responding to the client project-graph
[NX v21.3.0 Daemon Server] - 2025-07-21T16:56:39.758Z - Handled REQUEST_PROJECT_GRAPH. Handling time: 0. Response time: 6.
[NX v21.3.0 Daemon Server] - 2025-07-21T16:56:48.537Z - [WATCHER]: Processing file changes in outputs
[NX v21.3.0 Daemon Server] - 2025-07-21T16:56:48.770Z - [WATCHER]: Processing file changes in outputs
[NX v21.3.0 Daemon Server] - 2025-07-21T16:57:50.688Z - [WATCHER]: 0 file(s) created or restored, 1 file(s) modified, 1 file(s) deleted
[NX v21.3.0 Daemon Server] - 2025-07-21T16:57:50.690Z - [REQUEST]: Responding to the client. File watch changed
[NX v21.3.0 Daemon Server] - 2025-07-21T16:57:50.690Z - Done responding to the client File watch changed
[NX v21.3.0 Daemon Server] - 2025-07-21T16:57:50.690Z - Handled FILE-WATCH-CHANGED. Handling time: 0. Response time: 0.
[NX v21.3.0 Daemon Server] - 2025-07-21T16:57:50.690Z - [WATCHER]: Processing file changes in outputs
[NX v21.3.0 Daemon Server] - 2025-07-21T16:57:50.690Z - Time taken for 'changed-projects' 0.6867919999640435ms
[NX v21.3.0 Daemon Server] - 2025-07-21T16:57:50.806Z - [REQUEST]: Updated workspace context based on watched changes, recomputing project graph...
[NX v21.3.0 Daemon Server] - 2025-07-21T16:57:50.806Z - [REQUEST]: apps/new-panel/src/app/auth/login/login.component.html
[NX v21.3.0 Daemon Server] - 2025-07-21T16:57:50.806Z - [REQUEST]: apps/new-panel/src/app/auth/login.component.html
[NX v21.3.0 Daemon Server] - 2025-07-21T16:57:50.840Z - [WATCHER]: 2 file(s) created or restored, 1 file(s) modified, 3 file(s) deleted
[NX v21.3.0 Daemon Server] - 2025-07-21T16:57:50.840Z - [REQUEST]: Responding to the client. File watch changed
[NX v21.3.0 Daemon Server] - 2025-07-21T16:57:50.840Z - Done responding to the client File watch changed
[NX v21.3.0 Daemon Server] - 2025-07-21T16:57:50.840Z - Handled FILE-WATCH-CHANGED. Handling time: 0. Response time: 0.
[NX v21.3.0 Daemon Server] - 2025-07-21T16:57:50.840Z - [WATCHER]: Processing file changes in outputs
[NX v21.3.0 Daemon Server] - 2025-07-21T16:57:50.841Z - Time taken for 'hash changed files from watcher' 11.510249999992084ms
Time for 'nx/core/package-json:createNodes' 6.343624999979511
Time for 'nx/core/project-json:createNodes' 9.241917000035755
Time for 'nx/js/dependencies-and-lockfile:createNodes' 36.7635420000297
[NX v21.3.0 Daemon Server] - 2025-07-21T16:57:50.934Z - Time taken for 'build-project-configs' 72.40337499999441ms
[NX v21.3.0 Daemon Server] - 2025-07-21T16:57:50.950Z - [REQUEST]: Updated workspace context based on watched changes, recomputing project graph...
[NX v21.3.0 Daemon Server] - 2025-07-21T16:57:50.950Z - [REQUEST]: 
[NX v21.3.0 Daemon Server] - 2025-07-21T16:57:50.950Z - [REQUEST]: 
Time for 'nx/core/package-json:createNodes' 0.7292499999748543
Time for 'nx/core/project-json:createNodes' 0.9015420000068843
[NX v21.3.0 Daemon Server] - 2025-07-21T16:57:50.959Z - Time taken for 'hash changed files from watcher' 8.432334000011906ms
Time for 'build typescript dependencies' 20.666709000011906
Time for 'nx/js/dependencies-and-lockfile:createNodes' 42.59600000001956
[NX v21.3.0 Daemon Server] - 2025-07-21T16:57:51.191Z - Wrote project graph cache to /Users/mahdi.ketabdar/Developer/menno/monorepo/.nx/workspace-data/project-graph.json
[NX v21.3.0 Daemon Server] - 2025-07-21T16:57:51.191Z - [SYNC]: collect registered sync generators
[NX v21.3.0 Daemon Server] - 2025-07-21T16:57:51.192Z - [SYNC]: project graph hash is the same, not collecting task sync generators
[NX v21.3.0 Daemon Server] - 2025-07-21T16:57:51.192Z - [SYNC]: nx.json hash is the same, not collecting global sync generators
[NX v21.3.0 Daemon Server] - 2025-07-21T16:57:51.192Z - Time taken for 'createDependencies' 212.47000000003027ms
Time for 'build typescript dependencies' 11.071916999993846
[NX v21.3.0 Daemon Server] - 2025-07-21T16:57:51.272Z - Wrote project graph cache to /Users/mahdi.ketabdar/Developer/menno/monorepo/.nx/workspace-data/project-graph.json
[NX v21.3.0 Daemon Server] - 2025-07-21T16:57:51.272Z - [SYNC]: collect registered sync generators
[NX v21.3.0 Daemon Server] - 2025-07-21T16:57:51.273Z - [SYNC]: project graph hash is the same, not collecting task sync generators
[NX v21.3.0 Daemon Server] - 2025-07-21T16:57:51.274Z - [SYNC]: nx.json hash is the same, not collecting global sync generators
[NX v21.3.0 Daemon Server] - 2025-07-21T16:57:51.274Z - [REQUEST]: Responding to the client. File watch changed
[NX v21.3.0 Daemon Server] - 2025-07-21T16:57:51.274Z - Done responding to the client File watch changed
[NX v21.3.0 Daemon Server] - 2025-07-21T16:57:51.274Z - Handled FILE-WATCH-CHANGED. Handling time: 0. Response time: 0.
[NX v21.3.0 Daemon Server] - 2025-07-21T16:57:51.274Z - Time taken for 'total execution time for createProjectGraph()' 95.3002919999999ms
[NX v21.3.0 Daemon Server] - 2025-07-21T16:57:52.283Z - Established a connection. Number of open connections: 6
[NX v21.3.0 Daemon Server] - 2025-07-21T16:57:52.284Z - [REQUEST]: Client Request for Project Graph Received
[NX v21.3.0 Daemon Server] - 2025-07-21T16:57:52.284Z - Reusing in-memory cached project graph because no files changed.
[NX v21.3.0 Daemon Server] - 2025-07-21T16:57:52.285Z - [REQUEST]: Responding to the client. project-graph
[NX v21.3.0 Daemon Server] - 2025-07-21T16:57:52.286Z - Time taken for 'total for creating and serializing project graph' 0.2992920000106096ms
[NX v21.3.0 Daemon Server] - 2025-07-21T16:57:52.286Z - Closed a connection. Number of open connections: 5
[NX v21.3.0 Daemon Server] - 2025-07-21T16:57:52.316Z - Done responding to the client project-graph
[NX v21.3.0 Daemon Server] - 2025-07-21T16:57:52.316Z - Handled REQUEST_PROJECT_GRAPH. Handling time: 1. Response time: 31.
[NX v21.3.0 Daemon Server] - 2025-07-21T16:57:52.328Z - [REQUEST]: Responding to the client. handleContextFileData
[NX v21.3.0 Daemon Server] - 2025-07-21T16:57:52.332Z - Done responding to the client handleContextFileData
[NX v21.3.0 Daemon Server] - 2025-07-21T16:57:52.332Z - Handled GET_CONTEXT_FILE_DATA. Handling time: 3. Response time: 4.
[NX v21.3.0 Daemon Server] - 2025-07-21T16:57:52.339Z - Closed a connection. Number of open connections: 4
[NX v21.3.0 Daemon Server] - 2025-07-21T16:57:52.730Z - Closed a connection. Number of open connections: 3
[NX v21.3.0 Daemon Server] - 2025-07-21T16:57:52.733Z - Established a connection. Number of open connections: 4
[NX v21.3.0 Daemon Server] - 2025-07-21T16:57:52.733Z - Established a connection. Number of open connections: 5
[NX v21.3.0 Daemon Server] - 2025-07-21T16:57:52.733Z - Closed a connection. Number of open connections: 4
[NX v21.3.0 Daemon Server] - 2025-07-21T16:57:52.734Z - [REQUEST]: Client Request for Project Graph Received
[NX v21.3.0 Daemon Server] - 2025-07-21T16:57:52.734Z - Reusing in-memory cached project graph because no files changed.
[NX v21.3.0 Daemon Server] - 2025-07-21T16:57:52.734Z - [REQUEST]: Responding to the client. project-graph
[NX v21.3.0 Daemon Server] - 2025-07-21T16:57:52.734Z - Time taken for 'total for creating and serializing project graph' 0.20874999999068677ms
[NX v21.3.0 Daemon Server] - 2025-07-21T16:57:52.737Z - Done responding to the client project-graph
[NX v21.3.0 Daemon Server] - 2025-07-21T16:57:52.737Z - Handled REQUEST_PROJECT_GRAPH. Handling time: 0. Response time: 3.
[NX v21.3.0 Daemon Server] - 2025-07-21T16:57:52.746Z - [REQUEST]: Client Request for Project Graph Received
[NX v21.3.0 Daemon Server] - 2025-07-21T16:57:52.746Z - Reusing in-memory cached project graph because no files changed.
[NX v21.3.0 Daemon Server] - 2025-07-21T16:57:52.746Z - [REQUEST]: Responding to the client. project-graph
[NX v21.3.0 Daemon Server] - 2025-07-21T16:57:52.747Z - Time taken for 'total for creating and serializing project graph' 0.2667500000097789ms
[NX v21.3.0 Daemon Server] - 2025-07-21T16:57:52.750Z - Done responding to the client project-graph
[NX v21.3.0 Daemon Server] - 2025-07-21T16:57:52.750Z - Handled REQUEST_PROJECT_GRAPH. Handling time: 0. Response time: 4.
[NX v21.3.0 Daemon Server] - 2025-07-21T16:57:52.755Z - Established a connection. Number of open connections: 5
[NX v21.3.0 Daemon Server] - 2025-07-21T16:57:54.123Z - [WATCHER]: 0 file(s) created or restored, 3 file(s) modified, 0 file(s) deleted
[NX v21.3.0 Daemon Server] - 2025-07-21T16:57:54.125Z - [REQUEST]: Responding to the client. File watch changed
[NX v21.3.0 Daemon Server] - 2025-07-21T16:57:54.125Z - Done responding to the client File watch changed
[NX v21.3.0 Daemon Server] - 2025-07-21T16:57:54.125Z - Handled FILE-WATCH-CHANGED. Handling time: 0. Response time: 0.
[NX v21.3.0 Daemon Server] - 2025-07-21T16:57:54.125Z - [WATCHER]: Processing file changes in outputs
[NX v21.3.0 Daemon Server] - 2025-07-21T16:57:54.125Z - Time taken for 'changed-projects' 0.8662089999997988ms
[NX v21.3.0 Daemon Server] - 2025-07-21T16:57:54.225Z - [REQUEST]: Updated workspace context based on watched changes, recomputing project graph...
[NX v21.3.0 Daemon Server] - 2025-07-21T16:57:54.225Z - [REQUEST]: apps/new-panel/src/app/auth/login/login.component.ts,apps/new-panel/src/app/auth/auth.routes.ts,apps/new-panel/src/app/auth/login/login.component.spec.ts
[NX v21.3.0 Daemon Server] - 2025-07-21T16:57:54.225Z - [REQUEST]: 
[NX v21.3.0 Daemon Server] - 2025-07-21T16:57:54.229Z - Time taken for 'hash changed files from watcher' 1.8550410000025295ms
Time for 'nx/core/project-json:createNodes' 1.3148339999606833
Time for 'nx/core/package-json:createNodes' 3.319000000017695
Time for 'nx/js/dependencies-and-lockfile:createNodes' 8.421374999976251
[NX v21.3.0 Daemon Server] - 2025-07-21T16:57:54.257Z - Time taken for 'build-project-configs' 20.96520800003782ms
Time for 'build typescript dependencies' 16.01383299997542
[NX v21.3.0 Daemon Server] - 2025-07-21T16:57:54.308Z - Wrote project graph cache to /Users/mahdi.ketabdar/Developer/menno/monorepo/.nx/workspace-data/project-graph.json
[NX v21.3.0 Daemon Server] - 2025-07-21T16:57:54.308Z - [SYNC]: collect registered sync generators
[NX v21.3.0 Daemon Server] - 2025-07-21T16:57:54.308Z - [SYNC]: project graph hash is the same, not collecting task sync generators
[NX v21.3.0 Daemon Server] - 2025-07-21T16:57:54.308Z - [SYNC]: nx.json hash is the same, not collecting global sync generators
[NX v21.3.0 Daemon Server] - 2025-07-21T16:57:54.308Z - Time taken for 'total execution time for createProjectGraph()' 46.427957999985665ms
[NX v21.3.0 Daemon Server] - 2025-07-21T16:57:55.141Z - Established a connection. Number of open connections: 6
[NX v21.3.0 Daemon Server] - 2025-07-21T16:57:55.148Z - [REQUEST]: Client Request for Project Graph Received
[NX v21.3.0 Daemon Server] - 2025-07-21T16:57:55.149Z - Reusing in-memory cached project graph because no files changed.
[NX v21.3.0 Daemon Server] - 2025-07-21T16:57:55.150Z - [REQUEST]: Responding to the client. project-graph
[NX v21.3.0 Daemon Server] - 2025-07-21T16:57:55.153Z - Time taken for 'total for creating and serializing project graph' 2.1088330000056885ms
[NX v21.3.0 Daemon Server] - 2025-07-21T16:57:55.153Z - Closed a connection. Number of open connections: 5
[NX v21.3.0 Daemon Server] - 2025-07-21T16:57:55.156Z - Done responding to the client project-graph
[NX v21.3.0 Daemon Server] - 2025-07-21T16:57:55.156Z - Handled REQUEST_PROJECT_GRAPH. Handling time: 2. Response time: 6.
[NX v21.3.0 Daemon Server] - 2025-07-21T16:57:55.164Z - [REQUEST]: Responding to the client. handleContextFileData
[NX v21.3.0 Daemon Server] - 2025-07-21T16:57:55.165Z - Done responding to the client handleContextFileData
[NX v21.3.0 Daemon Server] - 2025-07-21T16:57:55.166Z - Handled GET_CONTEXT_FILE_DATA. Handling time: 2. Response time: 2.
[NX v21.3.0 Daemon Server] - 2025-07-21T16:57:55.168Z - Closed a connection. Number of open connections: 4
[NX v21.3.0 Daemon Server] - 2025-07-21T16:57:55.258Z - Closed a connection. Number of open connections: 3
[NX v21.3.0 Daemon Server] - 2025-07-21T16:57:55.261Z - Established a connection. Number of open connections: 4
[NX v21.3.0 Daemon Server] - 2025-07-21T16:57:55.261Z - Established a connection. Number of open connections: 5
[NX v21.3.0 Daemon Server] - 2025-07-21T16:57:55.262Z - Closed a connection. Number of open connections: 4
[NX v21.3.0 Daemon Server] - 2025-07-21T16:57:55.262Z - [REQUEST]: Client Request for Project Graph Received
[NX v21.3.0 Daemon Server] - 2025-07-21T16:57:55.263Z - Reusing in-memory cached project graph because no files changed.
[NX v21.3.0 Daemon Server] - 2025-07-21T16:57:55.263Z - [REQUEST]: Responding to the client. project-graph
[NX v21.3.0 Daemon Server] - 2025-07-21T16:57:55.263Z - Time taken for 'total for creating and serializing project graph' 0.5144590000272729ms
[NX v21.3.0 Daemon Server] - 2025-07-21T16:57:55.269Z - Done responding to the client project-graph
[NX v21.3.0 Daemon Server] - 2025-07-21T16:57:55.269Z - Handled REQUEST_PROJECT_GRAPH. Handling time: 1. Response time: 6.
[NX v21.3.0 Daemon Server] - 2025-07-21T16:57:55.275Z - [REQUEST]: Client Request for Project Graph Received
[NX v21.3.0 Daemon Server] - 2025-07-21T16:57:55.276Z - Reusing in-memory cached project graph because no files changed.
[NX v21.3.0 Daemon Server] - 2025-07-21T16:57:55.276Z - [REQUEST]: Responding to the client. project-graph
[NX v21.3.0 Daemon Server] - 2025-07-21T16:57:55.277Z - Time taken for 'total for creating and serializing project graph' 0.7151670000166632ms
[NX v21.3.0 Daemon Server] - 2025-07-21T16:57:55.290Z - Done responding to the client project-graph
[NX v21.3.0 Daemon Server] - 2025-07-21T16:57:55.291Z - Handled REQUEST_PROJECT_GRAPH. Handling time: 1. Response time: 15.
[NX v21.3.0 Daemon Server] - 2025-07-21T16:57:55.294Z - Established a connection. Number of open connections: 5
[NX v21.3.0 Daemon Server] - 2025-07-21T16:57:56.887Z - [WATCHER]: Processing file changes in outputs
[NX v21.3.0 Daemon Server] - 2025-07-21T16:57:56.938Z - [WATCHER]: Processing file changes in outputs
[NX v21.3.0 Daemon Server] - 2025-07-21T16:57:58.708Z - [WATCHER]: Processing file changes in outputs
[NX v21.3.0 Daemon Server] - 2025-07-21T16:57:59.016Z - [WATCHER]: Processing file changes in outputs
[NX v21.3.0 Daemon Server] - 2025-07-21T16:57:59.308Z - [WATCHER]: Processing file changes in outputs
[NX v21.3.0 Daemon Server] - 2025-07-21T16:58:08.955Z - [WATCHER]: 0 file(s) created or restored, 1 file(s) modified, 1 file(s) deleted
[NX v21.3.0 Daemon Server] - 2025-07-21T16:58:08.988Z - [REQUEST]: Responding to the client. File watch changed
[NX v21.3.0 Daemon Server] - 2025-07-21T16:58:08.988Z - Done responding to the client File watch changed
[NX v21.3.0 Daemon Server] - 2025-07-21T16:58:08.988Z - Handled FILE-WATCH-CHANGED. Handling time: 0. Response time: 0.
[NX v21.3.0 Daemon Server] - 2025-07-21T16:58:08.988Z - [WATCHER]: Processing file changes in outputs
[NX v21.3.0 Daemon Server] - 2025-07-21T16:58:08.989Z - Time taken for 'changed-projects' 32.31408400001237ms
[NX v21.3.0 Daemon Server] - 2025-07-21T16:58:09.035Z - [WATCHER]: 0 file(s) created or restored, 1 file(s) modified, 1 file(s) deleted
[NX v21.3.0 Daemon Server] - 2025-07-21T16:58:09.036Z - [REQUEST]: Responding to the client. File watch changed
[NX v21.3.0 Daemon Server] - 2025-07-21T16:58:09.036Z - Done responding to the client File watch changed
[NX v21.3.0 Daemon Server] - 2025-07-21T16:58:09.036Z - Handled FILE-WATCH-CHANGED. Handling time: 0. Response time: 0.
[NX v21.3.0 Daemon Server] - 2025-07-21T16:58:09.036Z - [WATCHER]: Processing file changes in outputs
[NX v21.3.0 Daemon Server] - 2025-07-21T16:58:09.036Z - Time taken for 'changed-projects' 0.23749999998835847ms
[NX v21.3.0 Daemon Server] - 2025-07-21T16:58:09.065Z - [REQUEST]: Updated workspace context based on watched changes, recomputing project graph...
[NX v21.3.0 Daemon Server] - 2025-07-21T16:58:09.065Z - [REQUEST]: apps/new-panel/src/app/auth/register/register.component.html,apps/new-panel/src/app/auth/register/register.component.scss
[NX v21.3.0 Daemon Server] - 2025-07-21T16:58:09.065Z - [REQUEST]: apps/new-panel/src/app/auth/register.component.html,apps/new-panel/src/app/auth/register.component.scss
[NX v21.3.0 Daemon Server] - 2025-07-21T16:58:09.072Z - Time taken for 'hash changed files from watcher' 7.459666999988258ms
Time for 'nx/core/project-json:createNodes' 3.3301250000367872
Time for 'nx/core/package-json:createNodes' 4.351208000036422
Time for 'nx/js/dependencies-and-lockfile:createNodes' 14.253957999986596
[NX v21.3.0 Daemon Server] - 2025-07-21T16:58:09.127Z - Time taken for 'build-project-configs' 46.22116700001061ms
Time for 'build typescript dependencies' 16.913208000012673
[NX v21.3.0 Daemon Server] - 2025-07-21T16:58:09.222Z - Wrote project graph cache to /Users/mahdi.ketabdar/Developer/menno/monorepo/.nx/workspace-data/project-graph.json
[NX v21.3.0 Daemon Server] - 2025-07-21T16:58:09.223Z - [SYNC]: collect registered sync generators
[NX v21.3.0 Daemon Server] - 2025-07-21T16:58:09.223Z - [SYNC]: project graph hash is the same, not collecting task sync generators
[NX v21.3.0 Daemon Server] - 2025-07-21T16:58:09.223Z - [SYNC]: nx.json hash is the same, not collecting global sync generators
[NX v21.3.0 Daemon Server] - 2025-07-21T16:58:09.223Z - Time taken for 'total execution time for createProjectGraph()' 79.65554200002225ms
[NX v21.3.0 Daemon Server] - 2025-07-21T16:58:09.232Z - [WATCHER]: 0 file(s) created or restored, 2 file(s) modified, 2 file(s) deleted
[NX v21.3.0 Daemon Server] - 2025-07-21T16:58:09.233Z - [REQUEST]: Responding to the client. File watch changed
[NX v21.3.0 Daemon Server] - 2025-07-21T16:58:09.233Z - Done responding to the client File watch changed
[NX v21.3.0 Daemon Server] - 2025-07-21T16:58:09.233Z - Handled FILE-WATCH-CHANGED. Handling time: 0. Response time: 0.
[NX v21.3.0 Daemon Server] - 2025-07-21T16:58:09.234Z - [WATCHER]: Processing file changes in outputs
[NX v21.3.0 Daemon Server] - 2025-07-21T16:58:09.234Z - Time taken for 'changed-projects' 0.45137500000419095ms
[NX v21.3.0 Daemon Server] - 2025-07-21T16:58:09.436Z - [REQUEST]: Updated workspace context based on watched changes, recomputing project graph...
[NX v21.3.0 Daemon Server] - 2025-07-21T16:58:09.436Z - [REQUEST]: apps/new-panel/src/app/auth/register/register.component.ts,apps/new-panel/src/app/auth/register/register.component.spec.ts
[NX v21.3.0 Daemon Server] - 2025-07-21T16:58:09.436Z - [REQUEST]: apps/new-panel/src/app/auth/register.component.ts,apps/new-panel/src/app/auth/register.component.spec.ts
[NX v21.3.0 Daemon Server] - 2025-07-21T16:58:09.439Z - Time taken for 'hash changed files from watcher' 3.4021659999853ms
Time for 'nx/core/project-json:createNodes' 1.2758340000291355
Time for 'nx/core/package-json:createNodes' 2.1855000000214204
Time for 'nx/js/dependencies-and-lockfile:createNodes' 8.164749999996275
[NX v21.3.0 Daemon Server] - 2025-07-21T16:58:09.490Z - Time taken for 'build-project-configs' 34.59250000002794ms
Time for 'build typescript dependencies' 12.446791999973357
[NX v21.3.0 Daemon Server] - 2025-07-21T16:58:09.591Z - Wrote project graph cache to /Users/mahdi.ketabdar/Developer/menno/monorepo/.nx/workspace-data/project-graph.json
[NX v21.3.0 Daemon Server] - 2025-07-21T16:58:09.591Z - [SYNC]: collect registered sync generators
[NX v21.3.0 Daemon Server] - 2025-07-21T16:58:09.591Z - [SYNC]: project graph hash is the same, not collecting task sync generators
[NX v21.3.0 Daemon Server] - 2025-07-21T16:58:09.591Z - [SYNC]: nx.json hash is the same, not collecting global sync generators
[NX v21.3.0 Daemon Server] - 2025-07-21T16:58:09.591Z - Time taken for 'total execution time for createProjectGraph()' 96.34741599997506ms
[NX v21.3.0 Daemon Server] - 2025-07-21T16:58:10.241Z - Established a connection. Number of open connections: 6
[NX v21.3.0 Daemon Server] - 2025-07-21T16:58:10.243Z - [REQUEST]: Client Request for Project Graph Received
[NX v21.3.0 Daemon Server] - 2025-07-21T16:58:10.244Z - Reusing in-memory cached project graph because no files changed.
[NX v21.3.0 Daemon Server] - 2025-07-21T16:58:10.245Z - [REQUEST]: Responding to the client. project-graph
[NX v21.3.0 Daemon Server] - 2025-07-21T16:58:10.248Z - Time taken for 'total for creating and serializing project graph' 2.306083000032231ms
[NX v21.3.0 Daemon Server] - 2025-07-21T16:58:10.248Z - Closed a connection. Number of open connections: 5
[NX v21.3.0 Daemon Server] - 2025-07-21T16:58:10.260Z - Done responding to the client project-graph
[NX v21.3.0 Daemon Server] - 2025-07-21T16:58:10.260Z - Handled REQUEST_PROJECT_GRAPH. Handling time: 3. Response time: 15.
[NX v21.3.0 Daemon Server] - 2025-07-21T16:58:10.272Z - [REQUEST]: Responding to the client. handleContextFileData
[NX v21.3.0 Daemon Server] - 2025-07-21T16:58:10.276Z - Done responding to the client handleContextFileData
[NX v21.3.0 Daemon Server] - 2025-07-21T16:58:10.276Z - Handled GET_CONTEXT_FILE_DATA. Handling time: 4. Response time: 4.
[NX v21.3.0 Daemon Server] - 2025-07-21T16:58:10.280Z - Closed a connection. Number of open connections: 4
[NX v21.3.0 Daemon Server] - 2025-07-21T16:58:10.578Z - Closed a connection. Number of open connections: 3
[NX v21.3.0 Daemon Server] - 2025-07-21T16:58:10.589Z - Established a connection. Number of open connections: 4
[NX v21.3.0 Daemon Server] - 2025-07-21T16:58:10.589Z - Established a connection. Number of open connections: 5
[NX v21.3.0 Daemon Server] - 2025-07-21T16:58:10.590Z - Closed a connection. Number of open connections: 4
[NX v21.3.0 Daemon Server] - 2025-07-21T16:58:10.592Z - [REQUEST]: Client Request for Project Graph Received
[NX v21.3.0 Daemon Server] - 2025-07-21T16:58:10.593Z - Reusing in-memory cached project graph because no files changed.
[NX v21.3.0 Daemon Server] - 2025-07-21T16:58:10.593Z - [REQUEST]: Responding to the client. project-graph
[NX v21.3.0 Daemon Server] - 2025-07-21T16:58:10.596Z - Time taken for 'total for creating and serializing project graph' 1.4278749999939464ms
[NX v21.3.0 Daemon Server] - 2025-07-21T16:58:10.607Z - Done responding to the client project-graph
[NX v21.3.0 Daemon Server] - 2025-07-21T16:58:10.608Z - Handled REQUEST_PROJECT_GRAPH. Handling time: 1. Response time: 15.
[NX v21.3.0 Daemon Server] - 2025-07-21T16:58:10.615Z - [REQUEST]: Client Request for Project Graph Received
[NX v21.3.0 Daemon Server] - 2025-07-21T16:58:10.615Z - Reusing in-memory cached project graph because no files changed.
[NX v21.3.0 Daemon Server] - 2025-07-21T16:58:10.615Z - [REQUEST]: Responding to the client. project-graph
[NX v21.3.0 Daemon Server] - 2025-07-21T16:58:10.616Z - Time taken for 'total for creating and serializing project graph' 0.3742919999640435ms
[NX v21.3.0 Daemon Server] - 2025-07-21T16:58:10.617Z - Done responding to the client project-graph
[NX v21.3.0 Daemon Server] - 2025-07-21T16:58:10.617Z - Handled REQUEST_PROJECT_GRAPH. Handling time: 0. Response time: 2.
[NX v21.3.0 Daemon Server] - 2025-07-21T16:58:10.620Z - Established a connection. Number of open connections: 5
[NX v21.3.0 Daemon Server] - 2025-07-21T16:58:11.453Z - [WATCHER]: 0 file(s) created or restored, 2 file(s) modified, 0 file(s) deleted
[NX v21.3.0 Daemon Server] - 2025-07-21T16:58:11.454Z - [REQUEST]: Responding to the client. File watch changed
[NX v21.3.0 Daemon Server] - 2025-07-21T16:58:11.454Z - Done responding to the client File watch changed
[NX v21.3.0 Daemon Server] - 2025-07-21T16:58:11.454Z - Handled FILE-WATCH-CHANGED. Handling time: 0. Response time: 0.
[NX v21.3.0 Daemon Server] - 2025-07-21T16:58:11.454Z - [WATCHER]: Processing file changes in outputs
[NX v21.3.0 Daemon Server] - 2025-07-21T16:58:11.454Z - Time taken for 'changed-projects' 0.34649999998509884ms
[NX v21.3.0 Daemon Server] - 2025-07-21T16:58:11.558Z - [REQUEST]: Updated workspace context based on watched changes, recomputing project graph...
[NX v21.3.0 Daemon Server] - 2025-07-21T16:58:11.558Z - [REQUEST]: apps/new-panel/src/app/auth/register/register.component.ts,apps/new-panel/src/app/auth/auth.routes.ts
[NX v21.3.0 Daemon Server] - 2025-07-21T16:58:11.558Z - [REQUEST]: 
[NX v21.3.0 Daemon Server] - 2025-07-21T16:58:11.563Z - Time taken for 'hash changed files from watcher' 3.919709000037983ms
Time for 'nx/core/package-json:createNodes' 1.6967920000315644
Time for 'nx/core/project-json:createNodes' 0.9268750000046566
Time for 'nx/js/dependencies-and-lockfile:createNodes' 10.264665999973658
[NX v21.3.0 Daemon Server] - 2025-07-21T16:58:11.602Z - Time taken for 'build-project-configs' 25.612957999983337ms
Time for 'build typescript dependencies' 3.9106659999815747
[NX v21.3.0 Daemon Server] - 2025-07-21T16:58:11.658Z - Wrote project graph cache to /Users/mahdi.ketabdar/Developer/menno/monorepo/.nx/workspace-data/project-graph.json
[NX v21.3.0 Daemon Server] - 2025-07-21T16:58:11.658Z - [SYNC]: collect registered sync generators
[NX v21.3.0 Daemon Server] - 2025-07-21T16:58:11.658Z - [SYNC]: project graph hash is the same, not collecting task sync generators
[NX v21.3.0 Daemon Server] - 2025-07-21T16:58:11.658Z - [SYNC]: nx.json hash is the same, not collecting global sync generators
[NX v21.3.0 Daemon Server] - 2025-07-21T16:58:11.658Z - Time taken for 'total execution time for createProjectGraph()' 60.59795899997698ms
[NX v21.3.0 Daemon Server] - 2025-07-21T16:58:12.310Z - [WATCHER]: Processing file changes in outputs
[NX v21.3.0 Daemon Server] - 2025-07-21T16:58:12.361Z - [WATCHER]: Processing file changes in outputs
[NX v21.3.0 Daemon Server] - 2025-07-21T16:58:12.458Z - Established a connection. Number of open connections: 6
[NX v21.3.0 Daemon Server] - 2025-07-21T16:58:12.459Z - [REQUEST]: Client Request for Project Graph Received
[NX v21.3.0 Daemon Server] - 2025-07-21T16:58:12.459Z - Reusing in-memory cached project graph because no files changed.
[NX v21.3.0 Daemon Server] - 2025-07-21T16:58:12.459Z - [REQUEST]: Responding to the client. project-graph
[NX v21.3.0 Daemon Server] - 2025-07-21T16:58:12.459Z - Time taken for 'total for creating and serializing project graph' 0.1794579999987036ms
[NX v21.3.0 Daemon Server] - 2025-07-21T16:58:12.459Z - Closed a connection. Number of open connections: 5
[NX v21.3.0 Daemon Server] - 2025-07-21T16:58:12.461Z - Done responding to the client project-graph
[NX v21.3.0 Daemon Server] - 2025-07-21T16:58:12.462Z - Handled REQUEST_PROJECT_GRAPH. Handling time: 0. Response time: 3.
[NX v21.3.0 Daemon Server] - 2025-07-21T16:58:12.468Z - [REQUEST]: Responding to the client. handleContextFileData
[NX v21.3.0 Daemon Server] - 2025-07-21T16:58:12.468Z - Done responding to the client handleContextFileData
[NX v21.3.0 Daemon Server] - 2025-07-21T16:58:12.468Z - Handled GET_CONTEXT_FILE_DATA. Handling time: 3. Response time: 0.
[NX v21.3.0 Daemon Server] - 2025-07-21T16:58:12.472Z - Closed a connection. Number of open connections: 4
[NX v21.3.0 Daemon Server] - 2025-07-21T16:58:12.550Z - Closed a connection. Number of open connections: 3
[NX v21.3.0 Daemon Server] - 2025-07-21T16:58:12.551Z - Established a connection. Number of open connections: 4
[NX v21.3.0 Daemon Server] - 2025-07-21T16:58:12.551Z - Established a connection. Number of open connections: 5
[NX v21.3.0 Daemon Server] - 2025-07-21T16:58:12.551Z - Closed a connection. Number of open connections: 4
[NX v21.3.0 Daemon Server] - 2025-07-21T16:58:12.551Z - [REQUEST]: Client Request for Project Graph Received
[NX v21.3.0 Daemon Server] - 2025-07-21T16:58:12.552Z - Reusing in-memory cached project graph because no files changed.
[NX v21.3.0 Daemon Server] - 2025-07-21T16:58:12.552Z - [REQUEST]: Responding to the client. project-graph
[NX v21.3.0 Daemon Server] - 2025-07-21T16:58:12.552Z - Time taken for 'total for creating and serializing project graph' 0.13733400002820417ms
[NX v21.3.0 Daemon Server] - 2025-07-21T16:58:12.554Z - Done responding to the client project-graph
[NX v21.3.0 Daemon Server] - 2025-07-21T16:58:12.554Z - Handled REQUEST_PROJECT_GRAPH. Handling time: 1. Response time: 2.
[NX v21.3.0 Daemon Server] - 2025-07-21T16:58:12.557Z - [REQUEST]: Client Request for Project Graph Received
[NX v21.3.0 Daemon Server] - 2025-07-21T16:58:12.557Z - Reusing in-memory cached project graph because no files changed.
[NX v21.3.0 Daemon Server] - 2025-07-21T16:58:12.557Z - [REQUEST]: Responding to the client. project-graph
[NX v21.3.0 Daemon Server] - 2025-07-21T16:58:12.557Z - Time taken for 'total for creating and serializing project graph' 0.22533399995882064ms
[NX v21.3.0 Daemon Server] - 2025-07-21T16:58:12.560Z - Done responding to the client project-graph
[NX v21.3.0 Daemon Server] - 2025-07-21T16:58:12.560Z - Handled REQUEST_PROJECT_GRAPH. Handling time: 0. Response time: 3.
[NX v21.3.0 Daemon Server] - 2025-07-21T16:58:12.565Z - Established a connection. Number of open connections: 5
[NX v21.3.0 Daemon Server] - 2025-07-21T16:58:13.864Z - [WATCHER]: Processing file changes in outputs
[NX v21.3.0 Daemon Server] - 2025-07-21T16:58:24.996Z - [WATCHER]: apps/new-panel/src/app/auth/login/login.component.html was modified
[NX v21.3.0 Daemon Server] - 2025-07-21T16:58:25.001Z - [REQUEST]: Responding to the client. File watch changed
[NX v21.3.0 Daemon Server] - 2025-07-21T16:58:25.001Z - Done responding to the client File watch changed
[NX v21.3.0 Daemon Server] - 2025-07-21T16:58:25.001Z - Handled FILE-WATCH-CHANGED. Handling time: 0. Response time: 0.
[NX v21.3.0 Daemon Server] - 2025-07-21T16:58:25.001Z - [WATCHER]: Processing file changes in outputs
[NX v21.3.0 Daemon Server] - 2025-07-21T16:58:25.001Z - Time taken for 'changed-projects' 0.3727499999804422ms
[NX v21.3.0 Daemon Server] - 2025-07-21T16:58:25.102Z - [REQUEST]: Updated workspace context based on watched changes, recomputing project graph...
[NX v21.3.0 Daemon Server] - 2025-07-21T16:58:25.102Z - [REQUEST]: apps/new-panel/src/app/auth/login/login.component.html
[NX v21.3.0 Daemon Server] - 2025-07-21T16:58:25.102Z - [REQUEST]: 
[NX v21.3.0 Daemon Server] - 2025-07-21T16:58:25.108Z - Time taken for 'hash changed files from watcher' 1.7141659999615513ms
Time for 'nx/core/project-json:createNodes' 7.519166999962181
Time for 'nx/core/package-json:createNodes' 8.070292000018526
Time for 'nx/js/dependencies-and-lockfile:createNodes' 16.501790999958757
[NX v21.3.0 Daemon Server] - 2025-07-21T16:58:25.142Z - Time taken for 'build-project-configs' 28.224667000002228ms
Time for 'build typescript dependencies' 4.15787499997532
[NX v21.3.0 Daemon Server] - 2025-07-21T16:58:25.181Z - Wrote project graph cache to /Users/mahdi.ketabdar/Developer/menno/monorepo/.nx/workspace-data/project-graph.json
[NX v21.3.0 Daemon Server] - 2025-07-21T16:58:25.181Z - [SYNC]: collect registered sync generators
[NX v21.3.0 Daemon Server] - 2025-07-21T16:58:25.181Z - [SYNC]: project graph hash is the same, not collecting task sync generators
[NX v21.3.0 Daemon Server] - 2025-07-21T16:58:25.181Z - [SYNC]: nx.json hash is the same, not collecting global sync generators
[NX v21.3.0 Daemon Server] - 2025-07-21T16:58:25.181Z - Time taken for 'total execution time for createProjectGraph()' 35.88258400000632ms
[NX v21.3.0 Daemon Server] - 2025-07-21T16:58:25.779Z - [WATCHER]: Processing file changes in outputs
[NX v21.3.0 Daemon Server] - 2025-07-21T16:58:26.010Z - Established a connection. Number of open connections: 6
[NX v21.3.0 Daemon Server] - 2025-07-21T16:58:26.012Z - [REQUEST]: Client Request for Project Graph Received
[NX v21.3.0 Daemon Server] - 2025-07-21T16:58:26.016Z - Reusing in-memory cached project graph because no files changed.
[NX v21.3.0 Daemon Server] - 2025-07-21T16:58:26.016Z - [REQUEST]: Responding to the client. project-graph
[NX v21.3.0 Daemon Server] - 2025-07-21T16:58:26.019Z - Time taken for 'total for creating and serializing project graph' 3.3955839999835007ms
[NX v21.3.0 Daemon Server] - 2025-07-21T16:58:26.019Z - Closed a connection. Number of open connections: 5
[NX v21.3.0 Daemon Server] - 2025-07-21T16:58:26.027Z - Done responding to the client project-graph
[NX v21.3.0 Daemon Server] - 2025-07-21T16:58:26.027Z - Handled REQUEST_PROJECT_GRAPH. Handling time: 4. Response time: 11.
[NX v21.3.0 Daemon Server] - 2025-07-21T16:58:26.041Z - [REQUEST]: Responding to the client. handleContextFileData
[NX v21.3.0 Daemon Server] - 2025-07-21T16:58:26.043Z - Done responding to the client handleContextFileData
[NX v21.3.0 Daemon Server] - 2025-07-21T16:58:26.043Z - Handled GET_CONTEXT_FILE_DATA. Handling time: 3. Response time: 2.
[NX v21.3.0 Daemon Server] - 2025-07-21T16:58:26.048Z - Closed a connection. Number of open connections: 4
[NX v21.3.0 Daemon Server] - 2025-07-21T16:58:26.450Z - Closed a connection. Number of open connections: 3
[NX v21.3.0 Daemon Server] - 2025-07-21T16:58:26.451Z - Established a connection. Number of open connections: 4
[NX v21.3.0 Daemon Server] - 2025-07-21T16:58:26.451Z - Established a connection. Number of open connections: 5
[NX v21.3.0 Daemon Server] - 2025-07-21T16:58:26.452Z - Closed a connection. Number of open connections: 4
[NX v21.3.0 Daemon Server] - 2025-07-21T16:58:26.452Z - [REQUEST]: Client Request for Project Graph Received
[NX v21.3.0 Daemon Server] - 2025-07-21T16:58:26.453Z - Reusing in-memory cached project graph because no files changed.
[NX v21.3.0 Daemon Server] - 2025-07-21T16:58:26.453Z - [REQUEST]: Responding to the client. project-graph
[NX v21.3.0 Daemon Server] - 2025-07-21T16:58:26.453Z - Time taken for 'total for creating and serializing project graph' 0.5515830000513233ms
[NX v21.3.0 Daemon Server] - 2025-07-21T16:58:26.454Z - Done responding to the client project-graph
[NX v21.3.0 Daemon Server] - 2025-07-21T16:58:26.455Z - Handled REQUEST_PROJECT_GRAPH. Handling time: 1. Response time: 2.
[NX v21.3.0 Daemon Server] - 2025-07-21T16:58:26.457Z - [REQUEST]: Client Request for Project Graph Received
[NX v21.3.0 Daemon Server] - 2025-07-21T16:58:26.457Z - Reusing in-memory cached project graph because no files changed.
[NX v21.3.0 Daemon Server] - 2025-07-21T16:58:26.457Z - [REQUEST]: Responding to the client. project-graph
[NX v21.3.0 Daemon Server] - 2025-07-21T16:58:26.458Z - Time taken for 'total for creating and serializing project graph' 0.09799999999813735ms
[NX v21.3.0 Daemon Server] - 2025-07-21T16:58:26.474Z - Done responding to the client project-graph
[NX v21.3.0 Daemon Server] - 2025-07-21T16:58:26.474Z - Handled REQUEST_PROJECT_GRAPH. Handling time: 0. Response time: 17.
[NX v21.3.0 Daemon Server] - 2025-07-21T16:58:26.477Z - Established a connection. Number of open connections: 5
[NX v21.3.0 Daemon Server] - 2025-07-21T16:58:33.915Z - [WATCHER]: apps/new-panel/src/app/auth/login/login.component.html was modified
[NX v21.3.0 Daemon Server] - 2025-07-21T16:58:33.916Z - [REQUEST]: Responding to the client. File watch changed
[NX v21.3.0 Daemon Server] - 2025-07-21T16:58:33.916Z - Done responding to the client File watch changed
[NX v21.3.0 Daemon Server] - 2025-07-21T16:58:33.916Z - Handled FILE-WATCH-CHANGED. Handling time: 0. Response time: 0.
[NX v21.3.0 Daemon Server] - 2025-07-21T16:58:33.916Z - [WATCHER]: Processing file changes in outputs
[NX v21.3.0 Daemon Server] - 2025-07-21T16:58:33.916Z - Time taken for 'changed-projects' 0.21754199999850243ms
[NX v21.3.0 Daemon Server] - 2025-07-21T16:58:34.017Z - [REQUEST]: Updated workspace context based on watched changes, recomputing project graph...
[NX v21.3.0 Daemon Server] - 2025-07-21T16:58:34.017Z - [REQUEST]: apps/new-panel/src/app/auth/login/login.component.html
[NX v21.3.0 Daemon Server] - 2025-07-21T16:58:34.017Z - [REQUEST]: 
[NX v21.3.0 Daemon Server] - 2025-07-21T16:58:34.020Z - Time taken for 'hash changed files from watcher' 1.7226669999654405ms
Time for 'nx/core/package-json:createNodes' 8.670541999978013
Time for 'nx/core/project-json:createNodes' 9.303500000038184
Time for 'nx/js/dependencies-and-lockfile:createNodes' 15.221958000038285
[NX v21.3.0 Daemon Server] - 2025-07-21T16:58:34.049Z - Time taken for 'build-project-configs' 23.24183399998583ms
Time for 'build typescript dependencies' 2.0295419999747537
[NX v21.3.0 Daemon Server] - 2025-07-21T16:58:34.082Z - Wrote project graph cache to /Users/mahdi.ketabdar/Developer/menno/monorepo/.nx/workspace-data/project-graph.json
[NX v21.3.0 Daemon Server] - 2025-07-21T16:58:34.082Z - [SYNC]: collect registered sync generators
[NX v21.3.0 Daemon Server] - 2025-07-21T16:58:34.082Z - [SYNC]: project graph hash is the same, not collecting task sync generators
[NX v21.3.0 Daemon Server] - 2025-07-21T16:58:34.082Z - [SYNC]: nx.json hash is the same, not collecting global sync generators
[NX v21.3.0 Daemon Server] - 2025-07-21T16:58:34.082Z - Time taken for 'total execution time for createProjectGraph()' 29.38558300002478ms
[NX v21.3.0 Daemon Server] - 2025-07-21T16:58:34.621Z - [WATCHER]: Processing file changes in outputs
[NX v21.3.0 Daemon Server] - 2025-07-21T16:58:34.931Z - Established a connection. Number of open connections: 6
[NX v21.3.0 Daemon Server] - 2025-07-21T16:58:34.932Z - Closed a connection. Number of open connections: 5
[NX v21.3.0 Daemon Server] - 2025-07-21T16:58:34.932Z - [REQUEST]: Client Request for Project Graph Received
[NX v21.3.0 Daemon Server] - 2025-07-21T16:58:34.932Z - Reusing in-memory cached project graph because no files changed.
[NX v21.3.0 Daemon Server] - 2025-07-21T16:58:34.933Z - [REQUEST]: Responding to the client. project-graph
[NX v21.3.0 Daemon Server] - 2025-07-21T16:58:34.933Z - Time taken for 'total for creating and serializing project graph' 0.22337500000139698ms
[NX v21.3.0 Daemon Server] - 2025-07-21T16:58:34.938Z - Done responding to the client project-graph
[NX v21.3.0 Daemon Server] - 2025-07-21T16:58:34.938Z - Handled REQUEST_PROJECT_GRAPH. Handling time: 1. Response time: 5.
[NX v21.3.0 Daemon Server] - 2025-07-21T16:58:34.959Z - [REQUEST]: Responding to the client. handleContextFileData
[NX v21.3.0 Daemon Server] - 2025-07-21T16:58:34.966Z - Done responding to the client handleContextFileData
[NX v21.3.0 Daemon Server] - 2025-07-21T16:58:34.966Z - Handled GET_CONTEXT_FILE_DATA. Handling time: 5. Response time: 7.
[NX v21.3.0 Daemon Server] - 2025-07-21T16:58:34.975Z - Closed a connection. Number of open connections: 4
[NX v21.3.0 Daemon Server] - 2025-07-21T16:58:35.283Z - Closed a connection. Number of open connections: 3
[NX v21.3.0 Daemon Server] - 2025-07-21T16:58:35.288Z - Established a connection. Number of open connections: 4
[NX v21.3.0 Daemon Server] - 2025-07-21T16:58:35.288Z - Established a connection. Number of open connections: 5
[NX v21.3.0 Daemon Server] - 2025-07-21T16:58:35.288Z - Closed a connection. Number of open connections: 4
[NX v21.3.0 Daemon Server] - 2025-07-21T16:58:35.288Z - [REQUEST]: Client Request for Project Graph Received
[NX v21.3.0 Daemon Server] - 2025-07-21T16:58:35.289Z - Reusing in-memory cached project graph because no files changed.
[NX v21.3.0 Daemon Server] - 2025-07-21T16:58:35.289Z - [REQUEST]: Responding to the client. project-graph
[NX v21.3.0 Daemon Server] - 2025-07-21T16:58:35.289Z - Time taken for 'total for creating and serializing project graph' 0.13716699997894466ms
[NX v21.3.0 Daemon Server] - 2025-07-21T16:58:35.290Z - Done responding to the client project-graph
[NX v21.3.0 Daemon Server] - 2025-07-21T16:58:35.290Z - Handled REQUEST_PROJECT_GRAPH. Handling time: 1. Response time: 1.
[NX v21.3.0 Daemon Server] - 2025-07-21T16:58:35.293Z - [REQUEST]: Client Request for Project Graph Received
[NX v21.3.0 Daemon Server] - 2025-07-21T16:58:35.293Z - Reusing in-memory cached project graph because no files changed.
[NX v21.3.0 Daemon Server] - 2025-07-21T16:58:35.293Z - [REQUEST]: Responding to the client. project-graph
[NX v21.3.0 Daemon Server] - 2025-07-21T16:58:35.293Z - Time taken for 'total for creating and serializing project graph' 0.09529199998360127ms
[NX v21.3.0 Daemon Server] - 2025-07-21T16:58:35.294Z - Done responding to the client project-graph
[NX v21.3.0 Daemon Server] - 2025-07-21T16:58:35.294Z - Handled REQUEST_PROJECT_GRAPH. Handling time: 0. Response time: 1.
[NX v21.3.0 Daemon Server] - 2025-07-21T16:58:35.297Z - Established a connection. Number of open connections: 5
[NX v21.3.0 Daemon Server] - 2025-07-21T16:58:36.111Z - [WATCHER]: Processing file changes in outputs
[NX v21.3.0 Daemon Server] - 2025-07-21T16:58:36.376Z - [WATCHER]: Processing file changes in outputs
[NX v21.3.0 Daemon Server] - 2025-07-21T16:58:50.772Z - Established a connection. Number of open connections: 6
[NX v21.3.0 Daemon Server] - 2025-07-21T16:58:50.773Z - Established a connection. Number of open connections: 7
[NX v21.3.0 Daemon Server] - 2025-07-21T16:58:50.773Z - Closed a connection. Number of open connections: 6
[NX v21.3.0 Daemon Server] - 2025-07-21T16:58:50.775Z - [REQUEST]: Client Request for Project Graph Received
[NX v21.3.0 Daemon Server] - 2025-07-21T16:58:50.775Z - Reusing in-memory cached project graph because no files changed.
[NX v21.3.0 Daemon Server] - 2025-07-21T16:58:50.775Z - [REQUEST]: Responding to the client. project-graph
[NX v21.3.0 Daemon Server] - 2025-07-21T16:58:50.776Z - Time taken for 'total for creating and serializing project graph' 0.24166599998716265ms
[NX v21.3.0 Daemon Server] - 2025-07-21T16:58:50.777Z - Done responding to the client project-graph
[NX v21.3.0 Daemon Server] - 2025-07-21T16:58:50.777Z - Handled REQUEST_PROJECT_GRAPH. Handling time: 0. Response time: 2.
[NX v21.3.0 Daemon Server] - 2025-07-21T16:58:51.032Z - Closed a connection. Number of open connections: 5
[NX v21.3.0 Daemon Server] - 2025-07-21T16:58:55.536Z - Established a connection. Number of open connections: 6
[NX v21.3.0 Daemon Server] - 2025-07-21T16:58:55.536Z - Closed a connection. Number of open connections: 5
[NX v21.3.0 Daemon Server] - 2025-07-21T16:58:55.537Z - Established a connection. Number of open connections: 6
[NX v21.3.0 Daemon Server] - 2025-07-21T16:58:55.538Z - [REQUEST]: Client Request for Project Graph Received
[NX v21.3.0 Daemon Server] - 2025-07-21T16:58:55.538Z - Reusing in-memory cached project graph because no files changed.
[NX v21.3.0 Daemon Server] - 2025-07-21T16:58:55.538Z - [REQUEST]: Responding to the client. project-graph
[NX v21.3.0 Daemon Server] - 2025-07-21T16:58:55.538Z - Time taken for 'total for creating and serializing project graph' 0.10029199998825788ms
[NX v21.3.0 Daemon Server] - 2025-07-21T16:58:55.540Z - Done responding to the client project-graph
[NX v21.3.0 Daemon Server] - 2025-07-21T16:58:55.540Z - Handled REQUEST_PROJECT_GRAPH. Handling time: 0. Response time: 2.
[NX v21.3.0 Daemon Server] - 2025-07-21T16:58:55.731Z - Closed a connection. Number of open connections: 5
[NX v21.3.0 Daemon Server] - 2025-07-21T16:58:55.786Z - [WATCHER]: 4 file(s) created or restored, 0 file(s) modified, 0 file(s) deleted
[NX v21.3.0 Daemon Server] - 2025-07-21T16:58:55.787Z - [WATCHER]: Processing file changes in outputs
[NX v21.3.0 Daemon Server] - 2025-07-21T16:58:55.888Z - [REQUEST]: Updated workspace context based on watched changes, recomputing project graph...
[NX v21.3.0 Daemon Server] - 2025-07-21T16:58:55.889Z - [REQUEST]: apps/new-panel/src/app/auth/auth.component.html,apps/new-panel/src/app/auth/auth.component.scss,apps/new-panel/src/app/auth/auth.component.spec.ts,apps/new-panel/src/app/auth/auth.component.ts
[NX v21.3.0 Daemon Server] - 2025-07-21T16:58:55.889Z - [REQUEST]: 
[NX v21.3.0 Daemon Server] - 2025-07-21T16:58:55.891Z - Time taken for 'hash changed files from watcher' 1.8527919999905862ms
Time for 'nx/core/project-json:createNodes' 0.7665419999975711
Time for 'nx/core/package-json:createNodes' 2.0519579999963753
Time for 'nx/js/dependencies-and-lockfile:createNodes' 6.968833999999333
[NX v21.3.0 Daemon Server] - 2025-07-21T16:58:55.911Z - Time taken for 'build-project-configs' 13.998833999969065ms
Time for 'build typescript dependencies' 3.9399580000317656
[NX v21.3.0 Daemon Server] - 2025-07-21T16:58:55.941Z - Wrote project graph cache to /Users/mahdi.ketabdar/Developer/menno/monorepo/.nx/workspace-data/project-graph.json
[NX v21.3.0 Daemon Server] - 2025-07-21T16:58:55.941Z - [SYNC]: collect registered sync generators
[NX v21.3.0 Daemon Server] - 2025-07-21T16:58:55.941Z - [SYNC]: project graph hash is the same, not collecting task sync generators
[NX v21.3.0 Daemon Server] - 2025-07-21T16:58:55.941Z - [SYNC]: nx.json hash is the same, not collecting global sync generators
[NX v21.3.0 Daemon Server] - 2025-07-21T16:58:55.941Z - [REQUEST]: Responding to the client. File watch changed
[NX v21.3.0 Daemon Server] - 2025-07-21T16:58:55.941Z - Done responding to the client File watch changed
[NX v21.3.0 Daemon Server] - 2025-07-21T16:58:55.941Z - Handled FILE-WATCH-CHANGED. Handling time: 0. Response time: 0.
[NX v21.3.0 Daemon Server] - 2025-07-21T16:58:55.941Z - Time taken for 'total execution time for createProjectGraph()' 26.78341700002784ms
[NX v21.3.0 Daemon Server] - 2025-07-21T16:58:56.950Z - Established a connection. Number of open connections: 6
[NX v21.3.0 Daemon Server] - 2025-07-21T16:58:56.953Z - [REQUEST]: Client Request for Project Graph Received
[NX v21.3.0 Daemon Server] - 2025-07-21T16:58:56.954Z - Reusing in-memory cached project graph because no files changed.
[NX v21.3.0 Daemon Server] - 2025-07-21T16:58:56.954Z - [REQUEST]: Responding to the client. project-graph
[NX v21.3.0 Daemon Server] - 2025-07-21T16:58:56.955Z - Time taken for 'total for creating and serializing project graph' 0.7274999999790452ms
[NX v21.3.0 Daemon Server] - 2025-07-21T16:58:56.955Z - Closed a connection. Number of open connections: 5
[NX v21.3.0 Daemon Server] - 2025-07-21T16:58:56.960Z - Done responding to the client project-graph
[NX v21.3.0 Daemon Server] - 2025-07-21T16:58:56.960Z - Handled REQUEST_PROJECT_GRAPH. Handling time: 1. Response time: 6.
[NX v21.3.0 Daemon Server] - 2025-07-21T16:58:56.973Z - [REQUEST]: Responding to the client. handleContextFileData
[NX v21.3.0 Daemon Server] - 2025-07-21T16:58:56.977Z - Done responding to the client handleContextFileData
[NX v21.3.0 Daemon Server] - 2025-07-21T16:58:56.978Z - Handled GET_CONTEXT_FILE_DATA. Handling time: 3. Response time: 5.
[NX v21.3.0 Daemon Server] - 2025-07-21T16:58:56.981Z - Closed a connection. Number of open connections: 4
[NX v21.3.0 Daemon Server] - 2025-07-21T16:58:57.155Z - Closed a connection. Number of open connections: 3
[NX v21.3.0 Daemon Server] - 2025-07-21T16:58:57.155Z - Established a connection. Number of open connections: 4
[NX v21.3.0 Daemon Server] - 2025-07-21T16:58:57.155Z - Established a connection. Number of open connections: 5
[NX v21.3.0 Daemon Server] - 2025-07-21T16:58:57.155Z - Closed a connection. Number of open connections: 4
[NX v21.3.0 Daemon Server] - 2025-07-21T16:58:57.156Z - [REQUEST]: Client Request for Project Graph Received
[NX v21.3.0 Daemon Server] - 2025-07-21T16:58:57.156Z - Reusing in-memory cached project graph because no files changed.
[NX v21.3.0 Daemon Server] - 2025-07-21T16:58:57.156Z - [REQUEST]: Responding to the client. project-graph
[NX v21.3.0 Daemon Server] - 2025-07-21T16:58:57.156Z - Time taken for 'total for creating and serializing project graph' 0.09008400002494454ms
[NX v21.3.0 Daemon Server] - 2025-07-21T16:58:57.157Z - Done responding to the client project-graph
[NX v21.3.0 Daemon Server] - 2025-07-21T16:58:57.157Z - Handled REQUEST_PROJECT_GRAPH. Handling time: 0. Response time: 1.
[NX v21.3.0 Daemon Server] - 2025-07-21T16:58:57.160Z - [REQUEST]: Client Request for Project Graph Received
[NX v21.3.0 Daemon Server] - 2025-07-21T16:58:57.160Z - Reusing in-memory cached project graph because no files changed.
[NX v21.3.0 Daemon Server] - 2025-07-21T16:58:57.160Z - [REQUEST]: Responding to the client. project-graph
[NX v21.3.0 Daemon Server] - 2025-07-21T16:58:57.160Z - Time taken for 'total for creating and serializing project graph' 0.1300000000046566ms
[NX v21.3.0 Daemon Server] - 2025-07-21T16:58:57.164Z - Done responding to the client project-graph
[NX v21.3.0 Daemon Server] - 2025-07-21T16:58:57.164Z - Handled REQUEST_PROJECT_GRAPH. Handling time: 0. Response time: 4.
[NX v21.3.0 Daemon Server] - 2025-07-21T16:58:57.167Z - Established a connection. Number of open connections: 5
[NX v21.3.0 Daemon Server] - 2025-07-21T16:59:18.173Z - [WATCHER]: apps/new-panel/src/app/auth/auth.routes.ts was modified
[NX v21.3.0 Daemon Server] - 2025-07-21T16:59:18.176Z - [REQUEST]: Responding to the client. File watch changed
[NX v21.3.0 Daemon Server] - 2025-07-21T16:59:18.176Z - Done responding to the client File watch changed
[NX v21.3.0 Daemon Server] - 2025-07-21T16:59:18.176Z - Handled FILE-WATCH-CHANGED. Handling time: 0. Response time: 0.
[NX v21.3.0 Daemon Server] - 2025-07-21T16:59:18.177Z - [WATCHER]: Processing file changes in outputs
[NX v21.3.0 Daemon Server] - 2025-07-21T16:59:18.177Z - Time taken for 'changed-projects' 0.8626659999717958ms
[NX v21.3.0 Daemon Server] - 2025-07-21T16:59:18.278Z - [REQUEST]: Updated workspace context based on watched changes, recomputing project graph...
[NX v21.3.0 Daemon Server] - 2025-07-21T16:59:18.278Z - [REQUEST]: apps/new-panel/src/app/auth/auth.routes.ts
[NX v21.3.0 Daemon Server] - 2025-07-21T16:59:18.278Z - [REQUEST]: 
[NX v21.3.0 Daemon Server] - 2025-07-21T16:59:18.281Z - Time taken for 'hash changed files from watcher' 2.187333999958355ms
Time for 'nx/core/package-json:createNodes' 5.084125000052154
Time for 'nx/core/project-json:createNodes' 5.269083999970462
Time for 'nx/js/dependencies-and-lockfile:createNodes' 8.022957999957725
[NX v21.3.0 Daemon Server] - 2025-07-21T16:59:18.304Z - Time taken for 'build-project-configs' 15.853375000006054ms
Time for 'build typescript dependencies' 1.930791999970097
[NX v21.3.0 Daemon Server] - 2025-07-21T16:59:18.345Z - Wrote project graph cache to /Users/mahdi.ketabdar/Developer/menno/monorepo/.nx/workspace-data/project-graph.json
[NX v21.3.0 Daemon Server] - 2025-07-21T16:59:18.345Z - [SYNC]: collect registered sync generators
[NX v21.3.0 Daemon Server] - 2025-07-21T16:59:18.345Z - [SYNC]: project graph hash is the same, not collecting task sync generators
[NX v21.3.0 Daemon Server] - 2025-07-21T16:59:18.345Z - [SYNC]: nx.json hash is the same, not collecting global sync generators
[NX v21.3.0 Daemon Server] - 2025-07-21T16:59:18.345Z - Time taken for 'total execution time for createProjectGraph()' 39.100000000034925ms
[NX v21.3.0 Daemon Server] - 2025-07-21T16:59:19.134Z - [WATCHER]: Processing file changes in outputs
[NX v21.3.0 Daemon Server] - 2025-07-21T16:59:19.190Z - Established a connection. Number of open connections: 6
[NX v21.3.0 Daemon Server] - 2025-07-21T16:59:19.191Z - [REQUEST]: Client Request for Project Graph Received
[NX v21.3.0 Daemon Server] - 2025-07-21T16:59:19.191Z - Reusing in-memory cached project graph because no files changed.
[NX v21.3.0 Daemon Server] - 2025-07-21T16:59:19.191Z - [REQUEST]: Responding to the client. project-graph
[NX v21.3.0 Daemon Server] - 2025-07-21T16:59:19.192Z - Time taken for 'total for creating and serializing project graph' 0.3827080000191927ms
[NX v21.3.0 Daemon Server] - 2025-07-21T16:59:19.192Z - Closed a connection. Number of open connections: 5
[NX v21.3.0 Daemon Server] - 2025-07-21T16:59:19.196Z - Done responding to the client project-graph
[NX v21.3.0 Daemon Server] - 2025-07-21T16:59:19.196Z - Handled REQUEST_PROJECT_GRAPH. Handling time: 0. Response time: 5.
[NX v21.3.0 Daemon Server] - 2025-07-21T16:59:19.222Z - [REQUEST]: Responding to the client. handleContextFileData
[NX v21.3.0 Daemon Server] - 2025-07-21T16:59:19.229Z - Done responding to the client handleContextFileData
[NX v21.3.0 Daemon Server] - 2025-07-21T16:59:19.229Z - Handled GET_CONTEXT_FILE_DATA. Handling time: 3. Response time: 7.
[NX v21.3.0 Daemon Server] - 2025-07-21T16:59:19.232Z - Closed a connection. Number of open connections: 4
[NX v21.3.0 Daemon Server] - 2025-07-21T16:59:19.603Z - Closed a connection. Number of open connections: 3
[NX v21.3.0 Daemon Server] - 2025-07-21T16:59:19.605Z - Established a connection. Number of open connections: 4
[NX v21.3.0 Daemon Server] - 2025-07-21T16:59:19.606Z - Established a connection. Number of open connections: 5
[NX v21.3.0 Daemon Server] - 2025-07-21T16:59:19.606Z - Closed a connection. Number of open connections: 4
[NX v21.3.0 Daemon Server] - 2025-07-21T16:59:19.607Z - [REQUEST]: Client Request for Project Graph Received
[NX v21.3.0 Daemon Server] - 2025-07-21T16:59:19.607Z - Reusing in-memory cached project graph because no files changed.
[NX v21.3.0 Daemon Server] - 2025-07-21T16:59:19.607Z - [REQUEST]: Responding to the client. project-graph
[NX v21.3.0 Daemon Server] - 2025-07-21T16:59:19.608Z - Time taken for 'total for creating and serializing project graph' 0.26779199996963143ms
[NX v21.3.0 Daemon Server] - 2025-07-21T16:59:19.610Z - Done responding to the client project-graph
[NX v21.3.0 Daemon Server] - 2025-07-21T16:59:19.610Z - Handled REQUEST_PROJECT_GRAPH. Handling time: 0. Response time: 3.
[NX v21.3.0 Daemon Server] - 2025-07-21T16:59:19.616Z - [REQUEST]: Client Request for Project Graph Received
[NX v21.3.0 Daemon Server] - 2025-07-21T16:59:19.617Z - Reusing in-memory cached project graph because no files changed.
[NX v21.3.0 Daemon Server] - 2025-07-21T16:59:19.617Z - [REQUEST]: Responding to the client. project-graph
[NX v21.3.0 Daemon Server] - 2025-07-21T16:59:19.618Z - Time taken for 'total for creating and serializing project graph' 0.45124999998370185ms
[NX v21.3.0 Daemon Server] - 2025-07-21T16:59:19.621Z - Done responding to the client project-graph
[NX v21.3.0 Daemon Server] - 2025-07-21T16:59:19.621Z - Handled REQUEST_PROJECT_GRAPH. Handling time: 1. Response time: 4.
[NX v21.3.0 Daemon Server] - 2025-07-21T16:59:19.628Z - Established a connection. Number of open connections: 5
[NX v21.3.0 Daemon Server] - 2025-07-21T17:00:09.868Z - [WATCHER]: 0 file(s) created or restored, 2 file(s) modified, 0 file(s) deleted
[NX v21.3.0 Daemon Server] - 2025-07-21T17:00:09.870Z - [REQUEST]: Responding to the client. File watch changed
[NX v21.3.0 Daemon Server] - 2025-07-21T17:00:09.870Z - Done responding to the client File watch changed
[NX v21.3.0 Daemon Server] - 2025-07-21T17:00:09.870Z - Handled FILE-WATCH-CHANGED. Handling time: 0. Response time: 0.
[NX v21.3.0 Daemon Server] - 2025-07-21T17:00:09.870Z - [WATCHER]: Processing file changes in outputs
[NX v21.3.0 Daemon Server] - 2025-07-21T17:00:09.870Z - Time taken for 'changed-projects' 0.4887910000397824ms
[NX v21.3.0 Daemon Server] - 2025-07-21T17:00:09.971Z - [REQUEST]: Updated workspace context based on watched changes, recomputing project graph...
[NX v21.3.0 Daemon Server] - 2025-07-21T17:00:09.971Z - [REQUEST]: apps/new-panel/src/app/auth/auth.component.html,apps/new-panel/src/app/auth/auth.component.ts
[NX v21.3.0 Daemon Server] - 2025-07-21T17:00:09.971Z - [REQUEST]: 
[NX v21.3.0 Daemon Server] - 2025-07-21T17:00:09.975Z - Time taken for 'hash changed files from watcher' 1.7695410000160336ms
Time for 'nx/core/package-json:createNodes' 2.99654099997133
Time for 'nx/core/project-json:createNodes' 3.376791000016965
Time for 'nx/js/dependencies-and-lockfile:createNodes' 8.630875000031665
[NX v21.3.0 Daemon Server] - 2025-07-21T17:00:09.997Z - Time taken for 'build-project-configs' 16.18883299996378ms
Time for 'build typescript dependencies' 6.1347919999971054
[NX v21.3.0 Daemon Server] - 2025-07-21T17:00:10.037Z - Wrote project graph cache to /Users/mahdi.ketabdar/Developer/menno/monorepo/.nx/workspace-data/project-graph.json
[NX v21.3.0 Daemon Server] - 2025-07-21T17:00:10.037Z - [SYNC]: collect registered sync generators
[NX v21.3.0 Daemon Server] - 2025-07-21T17:00:10.038Z - [SYNC]: project graph hash is the same, not collecting task sync generators
[NX v21.3.0 Daemon Server] - 2025-07-21T17:00:10.038Z - [SYNC]: nx.json hash is the same, not collecting global sync generators
[NX v21.3.0 Daemon Server] - 2025-07-21T17:00:10.038Z - Time taken for 'total execution time for createProjectGraph()' 36.92012500000419ms
[NX v21.3.0 Daemon Server] - 2025-07-21T17:00:10.655Z - [WATCHER]: Processing file changes in outputs
[NX v21.3.0 Daemon Server] - 2025-07-21T17:00:10.875Z - Established a connection. Number of open connections: 6
[NX v21.3.0 Daemon Server] - 2025-07-21T17:00:10.876Z - [REQUEST]: Client Request for Project Graph Received
[NX v21.3.0 Daemon Server] - 2025-07-21T17:00:10.876Z - Reusing in-memory cached project graph because no files changed.
[NX v21.3.0 Daemon Server] - 2025-07-21T17:00:10.876Z - [REQUEST]: Responding to the client. project-graph
[NX v21.3.0 Daemon Server] - 2025-07-21T17:00:10.876Z - Time taken for 'total for creating and serializing project graph' 0.17529199999989942ms
[NX v21.3.0 Daemon Server] - 2025-07-21T17:00:10.876Z - Closed a connection. Number of open connections: 5
[NX v21.3.0 Daemon Server] - 2025-07-21T17:00:10.882Z - Done responding to the client project-graph
[NX v21.3.0 Daemon Server] - 2025-07-21T17:00:10.882Z - Handled REQUEST_PROJECT_GRAPH. Handling time: 0. Response time: 6.
[NX v21.3.0 Daemon Server] - 2025-07-21T17:00:10.891Z - [REQUEST]: Responding to the client. handleContextFileData
[NX v21.3.0 Daemon Server] - 2025-07-21T17:00:10.891Z - Done responding to the client handleContextFileData
[NX v21.3.0 Daemon Server] - 2025-07-21T17:00:10.891Z - Handled GET_CONTEXT_FILE_DATA. Handling time: 3. Response time: 0.
[NX v21.3.0 Daemon Server] - 2025-07-21T17:00:10.896Z - Closed a connection. Number of open connections: 4
[NX v21.3.0 Daemon Server] - 2025-07-21T17:00:11.315Z - Closed a connection. Number of open connections: 3
[NX v21.3.0 Daemon Server] - 2025-07-21T17:00:11.320Z - Established a connection. Number of open connections: 4
[NX v21.3.0 Daemon Server] - 2025-07-21T17:00:11.320Z - Established a connection. Number of open connections: 5
[NX v21.3.0 Daemon Server] - 2025-07-21T17:00:11.320Z - Closed a connection. Number of open connections: 4
[NX v21.3.0 Daemon Server] - 2025-07-21T17:00:11.320Z - [REQUEST]: Client Request for Project Graph Received
[NX v21.3.0 Daemon Server] - 2025-07-21T17:00:11.322Z - Reusing in-memory cached project graph because no files changed.
[NX v21.3.0 Daemon Server] - 2025-07-21T17:00:11.322Z - [REQUEST]: Responding to the client. project-graph
[NX v21.3.0 Daemon Server] - 2025-07-21T17:00:11.323Z - Time taken for 'total for creating and serializing project graph' 1.5958329999702983ms
[NX v21.3.0 Daemon Server] - 2025-07-21T17:00:11.327Z - Done responding to the client project-graph
[NX v21.3.0 Daemon Server] - 2025-07-21T17:00:11.327Z - Handled REQUEST_PROJECT_GRAPH. Handling time: 2. Response time: 5.
[NX v21.3.0 Daemon Server] - 2025-07-21T17:00:11.336Z - [REQUEST]: Client Request for Project Graph Received
[NX v21.3.0 Daemon Server] - 2025-07-21T17:00:11.336Z - Reusing in-memory cached project graph because no files changed.
[NX v21.3.0 Daemon Server] - 2025-07-21T17:00:11.336Z - [REQUEST]: Responding to the client. project-graph
[NX v21.3.0 Daemon Server] - 2025-07-21T17:00:11.338Z - Time taken for 'total for creating and serializing project graph' 0.22637499996926636ms
[NX v21.3.0 Daemon Server] - 2025-07-21T17:00:11.341Z - Done responding to the client project-graph
[NX v21.3.0 Daemon Server] - 2025-07-21T17:00:11.341Z - Handled REQUEST_PROJECT_GRAPH. Handling time: 0. Response time: 5.
[NX v21.3.0 Daemon Server] - 2025-07-21T17:00:11.346Z - Established a connection. Number of open connections: 5
[NX v21.3.0 Daemon Server] - 2025-07-21T17:00:12.186Z - [WATCHER]: Processing file changes in outputs
[NX v21.3.0 Daemon Server] - 2025-07-21T17:00:12.258Z - [WATCHER]: Processing file changes in outputs
[NX v21.3.0 Daemon Server] - 2025-07-21T17:00:29.734Z - [WATCHER]: apps/new-panel/src/app/auth/auth.component.html was modified
[NX v21.3.0 Daemon Server] - 2025-07-21T17:00:29.736Z - [REQUEST]: Responding to the client. File watch changed
[NX v21.3.0 Daemon Server] - 2025-07-21T17:00:29.736Z - Done responding to the client File watch changed
[NX v21.3.0 Daemon Server] - 2025-07-21T17:00:29.736Z - Handled FILE-WATCH-CHANGED. Handling time: 0. Response time: 0.
[NX v21.3.0 Daemon Server] - 2025-07-21T17:00:29.737Z - [WATCHER]: Processing file changes in outputs
[NX v21.3.0 Daemon Server] - 2025-07-21T17:00:29.737Z - Time taken for 'changed-projects' 0.6291249999776483ms
[NX v21.3.0 Daemon Server] - 2025-07-21T17:00:29.838Z - [REQUEST]: Updated workspace context based on watched changes, recomputing project graph...
[NX v21.3.0 Daemon Server] - 2025-07-21T17:00:29.838Z - [REQUEST]: apps/new-panel/src/app/auth/auth.component.html
[NX v21.3.0 Daemon Server] - 2025-07-21T17:00:29.838Z - [REQUEST]: 
[NX v21.3.0 Daemon Server] - 2025-07-21T17:00:29.840Z - Time taken for 'hash changed files from watcher' 1.6995840000454336ms
Time for 'nx/core/package-json:createNodes' 2.8212080000084825
Time for 'nx/core/project-json:createNodes' 2.5160000000032596
Time for 'nx/js/dependencies-and-lockfile:createNodes' 11.296916999970563
[NX v21.3.0 Daemon Server] - 2025-07-21T17:00:29.872Z - Time taken for 'build-project-configs' 21.334250000014435ms
Time for 'build typescript dependencies' 1.8994580000289716
[NX v21.3.0 Daemon Server] - 2025-07-21T17:00:29.898Z - Wrote project graph cache to /Users/mahdi.ketabdar/Developer/menno/monorepo/.nx/workspace-data/project-graph.json
[NX v21.3.0 Daemon Server] - 2025-07-21T17:00:29.898Z - [SYNC]: collect registered sync generators
[NX v21.3.0 Daemon Server] - 2025-07-21T17:00:29.898Z - [SYNC]: project graph hash is the same, not collecting task sync generators
[NX v21.3.0 Daemon Server] - 2025-07-21T17:00:29.898Z - [SYNC]: nx.json hash is the same, not collecting global sync generators
[NX v21.3.0 Daemon Server] - 2025-07-21T17:00:29.898Z - Time taken for 'total execution time for createProjectGraph()' 24.371666999999434ms
[NX v21.3.0 Daemon Server] - 2025-07-21T17:00:30.377Z - [WATCHER]: Processing file changes in outputs
[NX v21.3.0 Daemon Server] - 2025-07-21T17:00:30.743Z - Established a connection. Number of open connections: 6
[NX v21.3.0 Daemon Server] - 2025-07-21T17:00:30.743Z - [REQUEST]: Client Request for Project Graph Received
[NX v21.3.0 Daemon Server] - 2025-07-21T17:00:30.744Z - Reusing in-memory cached project graph because no files changed.
[NX v21.3.0 Daemon Server] - 2025-07-21T17:00:30.744Z - [REQUEST]: Responding to the client. project-graph
[NX v21.3.0 Daemon Server] - 2025-07-21T17:00:30.744Z - Time taken for 'total for creating and serializing project graph' 0.1857080000336282ms
[NX v21.3.0 Daemon Server] - 2025-07-21T17:00:30.744Z - Closed a connection. Number of open connections: 5
[NX v21.3.0 Daemon Server] - 2025-07-21T17:00:30.755Z - Done responding to the client project-graph
[NX v21.3.0 Daemon Server] - 2025-07-21T17:00:30.755Z - Handled REQUEST_PROJECT_GRAPH. Handling time: 1. Response time: 11.
[NX v21.3.0 Daemon Server] - 2025-07-21T17:00:30.762Z - [REQUEST]: Responding to the client. handleContextFileData
[NX v21.3.0 Daemon Server] - 2025-07-21T17:00:30.765Z - Done responding to the client handleContextFileData
[NX v21.3.0 Daemon Server] - 2025-07-21T17:00:30.765Z - Handled GET_CONTEXT_FILE_DATA. Handling time: 3. Response time: 3.
[NX v21.3.0 Daemon Server] - 2025-07-21T17:00:30.773Z - Closed a connection. Number of open connections: 4
[NX v21.3.0 Daemon Server] - 2025-07-21T17:00:31.028Z - Closed a connection. Number of open connections: 3
[NX v21.3.0 Daemon Server] - 2025-07-21T17:00:31.032Z - Established a connection. Number of open connections: 4
[NX v21.3.0 Daemon Server] - 2025-07-21T17:00:31.033Z - Established a connection. Number of open connections: 5
[NX v21.3.0 Daemon Server] - 2025-07-21T17:00:31.033Z - Closed a connection. Number of open connections: 4
[NX v21.3.0 Daemon Server] - 2025-07-21T17:00:31.033Z - [REQUEST]: Client Request for Project Graph Received
[NX v21.3.0 Daemon Server] - 2025-07-21T17:00:31.033Z - Reusing in-memory cached project graph because no files changed.
[NX v21.3.0 Daemon Server] - 2025-07-21T17:00:31.033Z - [REQUEST]: Responding to the client. project-graph
[NX v21.3.0 Daemon Server] - 2025-07-21T17:00:31.034Z - Time taken for 'total for creating and serializing project graph' 0.330707999994047ms
[NX v21.3.0 Daemon Server] - 2025-07-21T17:00:31.035Z - Done responding to the client project-graph
[NX v21.3.0 Daemon Server] - 2025-07-21T17:00:31.035Z - Handled REQUEST_PROJECT_GRAPH. Handling time: 0. Response time: 2.
[NX v21.3.0 Daemon Server] - 2025-07-21T17:00:31.039Z - [REQUEST]: Client Request for Project Graph Received
[NX v21.3.0 Daemon Server] - 2025-07-21T17:00:31.039Z - Reusing in-memory cached project graph because no files changed.
[NX v21.3.0 Daemon Server] - 2025-07-21T17:00:31.039Z - [REQUEST]: Responding to the client. project-graph
[NX v21.3.0 Daemon Server] - 2025-07-21T17:00:31.039Z - Time taken for 'total for creating and serializing project graph' 0.14224999997531995ms
[NX v21.3.0 Daemon Server] - 2025-07-21T17:00:31.042Z - Done responding to the client project-graph
[NX v21.3.0 Daemon Server] - 2025-07-21T17:00:31.043Z - Handled REQUEST_PROJECT_GRAPH. Handling time: 0. Response time: 4.
[NX v21.3.0 Daemon Server] - 2025-07-21T17:00:31.047Z - Established a connection. Number of open connections: 5
[NX v21.3.0 Daemon Server] - 2025-07-21T17:01:10.868Z - [WATCHER]: Processing file changes in outputs
[NX v21.3.0 Daemon Server] - 2025-07-21T17:01:10.871Z - [WATCHER]: 0 file(s) created or restored, 2 file(s) modified, 0 file(s) deleted
[NX v21.3.0 Daemon Server] - 2025-07-21T17:01:10.872Z - [REQUEST]: Responding to the client. File watch changed
[NX v21.3.0 Daemon Server] - 2025-07-21T17:01:10.872Z - Done responding to the client File watch changed
[NX v21.3.0 Daemon Server] - 2025-07-21T17:01:10.872Z - Handled FILE-WATCH-CHANGED. Handling time: 0. Response time: 0.
[NX v21.3.0 Daemon Server] - 2025-07-21T17:01:10.872Z - Time taken for 'changed-projects' 0.3804999999701977ms
[NX v21.3.0 Daemon Server] - 2025-07-21T17:01:10.975Z - [REQUEST]: Updated workspace context based on watched changes, recomputing project graph...
[NX v21.3.0 Daemon Server] - 2025-07-21T17:01:10.975Z - [REQUEST]: apps/new-panel/src/app/auth/auth.component.scss,apps/new-panel/src/app/auth/auth.component.html
[NX v21.3.0 Daemon Server] - 2025-07-21T17:01:10.975Z - [REQUEST]: 
[NX v21.3.0 Daemon Server] - 2025-07-21T17:01:10.978Z - Time taken for 'hash changed files from watcher' 2.490457999985665ms
Time for 'nx/core/package-json:createNodes' 3.476542000018526
Time for 'nx/core/project-json:createNodes' 3.6541670000297017
Time for 'nx/js/dependencies-and-lockfile:createNodes' 9.183583999983966
[NX v21.3.0 Daemon Server] - 2025-07-21T17:01:11.004Z - Time taken for 'build-project-configs' 19.73449999996228ms
Time for 'build typescript dependencies' 3.0310000000172295
[NX v21.3.0 Daemon Server] - 2025-07-21T17:01:11.038Z - Wrote project graph cache to /Users/mahdi.ketabdar/Developer/menno/monorepo/.nx/workspace-data/project-graph.json
[NX v21.3.0 Daemon Server] - 2025-07-21T17:01:11.038Z - [SYNC]: collect registered sync generators
[NX v21.3.0 Daemon Server] - 2025-07-21T17:01:11.038Z - [SYNC]: project graph hash is the same, not collecting task sync generators
[NX v21.3.0 Daemon Server] - 2025-07-21T17:01:11.038Z - [SYNC]: nx.json hash is the same, not collecting global sync generators
[NX v21.3.0 Daemon Server] - 2025-07-21T17:01:11.038Z - Time taken for 'total execution time for createProjectGraph()' 30.56174999999348ms
[NX v21.3.0 Daemon Server] - 2025-07-21T17:01:11.604Z - [WATCHER]: Processing file changes in outputs
[NX v21.3.0 Daemon Server] - 2025-07-21T17:01:11.879Z - Established a connection. Number of open connections: 6
[NX v21.3.0 Daemon Server] - 2025-07-21T17:01:11.880Z - [REQUEST]: Client Request for Project Graph Received
[NX v21.3.0 Daemon Server] - 2025-07-21T17:01:11.881Z - Reusing in-memory cached project graph because no files changed.
[NX v21.3.0 Daemon Server] - 2025-07-21T17:01:11.881Z - [REQUEST]: Responding to the client. project-graph
[NX v21.3.0 Daemon Server] - 2025-07-21T17:01:11.881Z - Time taken for 'total for creating and serializing project graph' 0.33100000000558794ms
[NX v21.3.0 Daemon Server] - 2025-07-21T17:01:11.882Z - Closed a connection. Number of open connections: 5
[NX v21.3.0 Daemon Server] - 2025-07-21T17:01:11.884Z - Done responding to the client project-graph
[NX v21.3.0 Daemon Server] - 2025-07-21T17:01:11.884Z - Handled REQUEST_PROJECT_GRAPH. Handling time: 1. Response time: 3.
[NX v21.3.0 Daemon Server] - 2025-07-21T17:01:11.894Z - [REQUEST]: Responding to the client. handleContextFileData
[NX v21.3.0 Daemon Server] - 2025-07-21T17:01:11.895Z - Done responding to the client handleContextFileData
[NX v21.3.0 Daemon Server] - 2025-07-21T17:01:11.895Z - Handled GET_CONTEXT_FILE_DATA. Handling time: 3. Response time: 1.
[NX v21.3.0 Daemon Server] - 2025-07-21T17:01:11.898Z - Closed a connection. Number of open connections: 4
[NX v21.3.0 Daemon Server] - 2025-07-21T17:01:12.196Z - Closed a connection. Number of open connections: 3
[NX v21.3.0 Daemon Server] - 2025-07-21T17:01:12.201Z - Established a connection. Number of open connections: 4
[NX v21.3.0 Daemon Server] - 2025-07-21T17:01:12.201Z - Established a connection. Number of open connections: 5
[NX v21.3.0 Daemon Server] - 2025-07-21T17:01:12.201Z - Closed a connection. Number of open connections: 4
[NX v21.3.0 Daemon Server] - 2025-07-21T17:01:12.202Z - [REQUEST]: Client Request for Project Graph Received
[NX v21.3.0 Daemon Server] - 2025-07-21T17:01:12.202Z - Reusing in-memory cached project graph because no files changed.
[NX v21.3.0 Daemon Server] - 2025-07-21T17:01:12.202Z - [REQUEST]: Responding to the client. project-graph
[NX v21.3.0 Daemon Server] - 2025-07-21T17:01:12.202Z - Time taken for 'total for creating and serializing project graph' 0.17995799996424466ms
[NX v21.3.0 Daemon Server] - 2025-07-21T17:01:12.204Z - Done responding to the client project-graph
[NX v21.3.0 Daemon Server] - 2025-07-21T17:01:12.204Z - Handled REQUEST_PROJECT_GRAPH. Handling time: 0. Response time: 2.
[NX v21.3.0 Daemon Server] - 2025-07-21T17:01:12.207Z - [REQUEST]: Client Request for Project Graph Received
[NX v21.3.0 Daemon Server] - 2025-07-21T17:01:12.207Z - Reusing in-memory cached project graph because no files changed.
[NX v21.3.0 Daemon Server] - 2025-07-21T17:01:12.207Z - [REQUEST]: Responding to the client. project-graph
[NX v21.3.0 Daemon Server] - 2025-07-21T17:01:12.208Z - Time taken for 'total for creating and serializing project graph' 0.13279200001852587ms
[NX v21.3.0 Daemon Server] - 2025-07-21T17:01:12.209Z - Done responding to the client project-graph
[NX v21.3.0 Daemon Server] - 2025-07-21T17:01:12.209Z - Handled REQUEST_PROJECT_GRAPH. Handling time: 0. Response time: 2.
[NX v21.3.0 Daemon Server] - 2025-07-21T17:01:12.211Z - Established a connection. Number of open connections: 5
[NX v21.3.0 Daemon Server] - 2025-07-21T17:01:12.932Z - [WATCHER]: Processing file changes in outputs
[NX v21.3.0 Daemon Server] - 2025-07-21T17:01:22.914Z - [WATCHER]: apps/new-panel/src/app/auth/auth.component.scss was modified
[NX v21.3.0 Daemon Server] - 2025-07-21T17:01:22.915Z - [REQUEST]: Responding to the client. File watch changed
[NX v21.3.0 Daemon Server] - 2025-07-21T17:01:22.916Z - Done responding to the client File watch changed
[NX v21.3.0 Daemon Server] - 2025-07-21T17:01:22.916Z - Handled FILE-WATCH-CHANGED. Handling time: 0. Response time: 1.
[NX v21.3.0 Daemon Server] - 2025-07-21T17:01:22.916Z - [WATCHER]: Processing file changes in outputs
[NX v21.3.0 Daemon Server] - 2025-07-21T17:01:22.916Z - Time taken for 'changed-projects' 0.3849579999805428ms
[NX v21.3.0 Daemon Server] - 2025-07-21T17:01:23.018Z - [REQUEST]: Updated workspace context based on watched changes, recomputing project graph...
[NX v21.3.0 Daemon Server] - 2025-07-21T17:01:23.018Z - [REQUEST]: apps/new-panel/src/app/auth/auth.component.scss
[NX v21.3.0 Daemon Server] - 2025-07-21T17:01:23.018Z - [REQUEST]: 
[NX v21.3.0 Daemon Server] - 2025-07-21T17:01:23.023Z - Time taken for 'hash changed files from watcher' 2.526207999966573ms
Time for 'nx/core/project-json:createNodes' 3.179582999960985
Time for 'nx/core/package-json:createNodes' 4.296708000008948
Time for 'nx/js/dependencies-and-lockfile:createNodes' 12.010500000033062
[NX v21.3.0 Daemon Server] - 2025-07-21T17:01:23.051Z - Time taken for 'build-project-configs' 23.089291000040248ms
Time for 'build typescript dependencies' 2.7961249999934807
[NX v21.3.0 Daemon Server] - 2025-07-21T17:01:23.078Z - Wrote project graph cache to /Users/mahdi.ketabdar/Developer/menno/monorepo/.nx/workspace-data/project-graph.json
[NX v21.3.0 Daemon Server] - 2025-07-21T17:01:23.078Z - [SYNC]: collect registered sync generators
[NX v21.3.0 Daemon Server] - 2025-07-21T17:01:23.078Z - [SYNC]: project graph hash is the same, not collecting task sync generators
[NX v21.3.0 Daemon Server] - 2025-07-21T17:01:23.078Z - [SYNC]: nx.json hash is the same, not collecting global sync generators
[NX v21.3.0 Daemon Server] - 2025-07-21T17:01:23.078Z - Time taken for 'total execution time for createProjectGraph()' 24.97087499999907ms
[NX v21.3.0 Daemon Server] - 2025-07-21T17:01:23.639Z - [WATCHER]: Processing file changes in outputs
[NX v21.3.0 Daemon Server] - 2025-07-21T17:01:23.921Z - Established a connection. Number of open connections: 6
[NX v21.3.0 Daemon Server] - 2025-07-21T17:01:23.922Z - [REQUEST]: Client Request for Project Graph Received
[NX v21.3.0 Daemon Server] - 2025-07-21T17:01:23.922Z - Reusing in-memory cached project graph because no files changed.
[NX v21.3.0 Daemon Server] - 2025-07-21T17:01:23.922Z - [REQUEST]: Responding to the client. project-graph
[NX v21.3.0 Daemon Server] - 2025-07-21T17:01:23.923Z - Time taken for 'total for creating and serializing project graph' 0.3592499999795109ms
[NX v21.3.0 Daemon Server] - 2025-07-21T17:01:23.923Z - Closed a connection. Number of open connections: 5
[NX v21.3.0 Daemon Server] - 2025-07-21T17:01:23.927Z - Done responding to the client project-graph
[NX v21.3.0 Daemon Server] - 2025-07-21T17:01:23.927Z - Handled REQUEST_PROJECT_GRAPH. Handling time: 0. Response time: 5.
[NX v21.3.0 Daemon Server] - 2025-07-21T17:01:23.937Z - [REQUEST]: Responding to the client. handleContextFileData
[NX v21.3.0 Daemon Server] - 2025-07-21T17:01:23.937Z - Done responding to the client handleContextFileData
[NX v21.3.0 Daemon Server] - 2025-07-21T17:01:23.937Z - Handled GET_CONTEXT_FILE_DATA. Handling time: 3. Response time: 0.
[NX v21.3.0 Daemon Server] - 2025-07-21T17:01:23.940Z - Closed a connection. Number of open connections: 4
[NX v21.3.0 Daemon Server] - 2025-07-21T17:01:24.219Z - Closed a connection. Number of open connections: 3
[NX v21.3.0 Daemon Server] - 2025-07-21T17:01:24.220Z - Established a connection. Number of open connections: 4
[NX v21.3.0 Daemon Server] - 2025-07-21T17:01:24.221Z - Established a connection. Number of open connections: 5
[NX v21.3.0 Daemon Server] - 2025-07-21T17:01:24.221Z - Closed a connection. Number of open connections: 4
[NX v21.3.0 Daemon Server] - 2025-07-21T17:01:24.221Z - [REQUEST]: Client Request for Project Graph Received
[NX v21.3.0 Daemon Server] - 2025-07-21T17:01:24.221Z - Reusing in-memory cached project graph because no files changed.
[NX v21.3.0 Daemon Server] - 2025-07-21T17:01:24.221Z - [REQUEST]: Responding to the client. project-graph
[NX v21.3.0 Daemon Server] - 2025-07-21T17:01:24.222Z - Time taken for 'total for creating and serializing project graph' 0.18416600005002692ms
[NX v21.3.0 Daemon Server] - 2025-07-21T17:01:24.223Z - Done responding to the client project-graph
[NX v21.3.0 Daemon Server] - 2025-07-21T17:01:24.223Z - Handled REQUEST_PROJECT_GRAPH. Handling time: 0. Response time: 2.
[NX v21.3.0 Daemon Server] - 2025-07-21T17:01:24.225Z - [REQUEST]: Client Request for Project Graph Received
[NX v21.3.0 Daemon Server] - 2025-07-21T17:01:24.225Z - Reusing in-memory cached project graph because no files changed.
[NX v21.3.0 Daemon Server] - 2025-07-21T17:01:24.225Z - [REQUEST]: Responding to the client. project-graph
[NX v21.3.0 Daemon Server] - 2025-07-21T17:01:24.226Z - Time taken for 'total for creating and serializing project graph' 0.12579099996946752ms
[NX v21.3.0 Daemon Server] - 2025-07-21T17:01:24.226Z - Done responding to the client project-graph
[NX v21.3.0 Daemon Server] - 2025-07-21T17:01:24.226Z - Handled REQUEST_PROJECT_GRAPH. Handling time: 0. Response time: 1.
[NX v21.3.0 Daemon Server] - 2025-07-21T17:01:24.229Z - Established a connection. Number of open connections: 5
[NX v21.3.0 Daemon Server] - 2025-07-21T17:02:05.988Z - [WATCHER]: apps/new-panel/src/app/auth/auth.component.scss was modified
[NX v21.3.0 Daemon Server] - 2025-07-21T17:02:05.989Z - [REQUEST]: Responding to the client. File watch changed
[NX v21.3.0 Daemon Server] - 2025-07-21T17:02:05.989Z - Done responding to the client File watch changed
[NX v21.3.0 Daemon Server] - 2025-07-21T17:02:05.989Z - Handled FILE-WATCH-CHANGED. Handling time: 0. Response time: 0.
[NX v21.3.0 Daemon Server] - 2025-07-21T17:02:05.989Z - [WATCHER]: Processing file changes in outputs
[NX v21.3.0 Daemon Server] - 2025-07-21T17:02:05.989Z - Time taken for 'changed-projects' 0.36533400003099814ms
[NX v21.3.0 Daemon Server] - 2025-07-21T17:02:06.091Z - [REQUEST]: Updated workspace context based on watched changes, recomputing project graph...
[NX v21.3.0 Daemon Server] - 2025-07-21T17:02:06.091Z - [REQUEST]: apps/new-panel/src/app/auth/auth.component.scss
[NX v21.3.0 Daemon Server] - 2025-07-21T17:02:06.091Z - [REQUEST]: 
[NX v21.3.0 Daemon Server] - 2025-07-21T17:02:06.094Z - Time taken for 'hash changed files from watcher' 2.291709000011906ms
Time for 'nx/core/package-json:createNodes' 3.6772500000079162
Time for 'nx/core/project-json:createNodes' 4.17020799999591
Time for 'nx/js/dependencies-and-lockfile:createNodes' 10.877083000028506
[NX v21.3.0 Daemon Server] - 2025-07-21T17:02:06.122Z - Time taken for 'build-project-configs' 22.284375000046566ms
Time for 'build typescript dependencies' 3.9264169999514706
[NX v21.3.0 Daemon Server] - 2025-07-21T17:02:06.154Z - Wrote project graph cache to /Users/mahdi.ketabdar/Developer/menno/monorepo/.nx/workspace-data/project-graph.json
[NX v21.3.0 Daemon Server] - 2025-07-21T17:02:06.154Z - [SYNC]: collect registered sync generators
[NX v21.3.0 Daemon Server] - 2025-07-21T17:02:06.154Z - [SYNC]: project graph hash is the same, not collecting task sync generators
[NX v21.3.0 Daemon Server] - 2025-07-21T17:02:06.154Z - [SYNC]: nx.json hash is the same, not collecting global sync generators
[NX v21.3.0 Daemon Server] - 2025-07-21T17:02:06.154Z - Time taken for 'total execution time for createProjectGraph()' 28.803249999997206ms
[NX v21.3.0 Daemon Server] - 2025-07-21T17:02:06.491Z - [WATCHER]: Processing file changes in outputs
[NX v21.3.0 Daemon Server] - 2025-07-21T17:02:07.009Z - Established a connection. Number of open connections: 6
[NX v21.3.0 Daemon Server] - 2025-07-21T17:02:07.051Z - [REQUEST]: Client Request for Project Graph Received
[NX v21.3.0 Daemon Server] - 2025-07-21T17:02:07.051Z - Reusing in-memory cached project graph because no files changed.
[NX v21.3.0 Daemon Server] - 2025-07-21T17:02:07.051Z - [REQUEST]: Responding to the client. project-graph
[NX v21.3.0 Daemon Server] - 2025-07-21T17:02:07.052Z - Time taken for 'total for creating and serializing project graph' 0.4304579999879934ms
[NX v21.3.0 Daemon Server] - 2025-07-21T17:02:07.052Z - Closed a connection. Number of open connections: 5
[NX v21.3.0 Daemon Server] - 2025-07-21T17:02:07.055Z - Done responding to the client project-graph
[NX v21.3.0 Daemon Server] - 2025-07-21T17:02:07.055Z - Handled REQUEST_PROJECT_GRAPH. Handling time: 0. Response time: 4.
[NX v21.3.0 Daemon Server] - 2025-07-21T17:02:07.070Z - [REQUEST]: Responding to the client. handleContextFileData
[NX v21.3.0 Daemon Server] - 2025-07-21T17:02:07.072Z - Done responding to the client handleContextFileData
[NX v21.3.0 Daemon Server] - 2025-07-21T17:02:07.072Z - Handled GET_CONTEXT_FILE_DATA. Handling time: 4. Response time: 2.
[NX v21.3.0 Daemon Server] - 2025-07-21T17:02:07.076Z - Closed a connection. Number of open connections: 4
[NX v21.3.0 Daemon Server] - 2025-07-21T17:02:07.425Z - Closed a connection. Number of open connections: 3
[NX v21.3.0 Daemon Server] - 2025-07-21T17:02:07.427Z - Established a connection. Number of open connections: 4
[NX v21.3.0 Daemon Server] - 2025-07-21T17:02:07.427Z - Established a connection. Number of open connections: 5
[NX v21.3.0 Daemon Server] - 2025-07-21T17:02:07.427Z - Closed a connection. Number of open connections: 4
[NX v21.3.0 Daemon Server] - 2025-07-21T17:02:07.427Z - [REQUEST]: Client Request for Project Graph Received
[NX v21.3.0 Daemon Server] - 2025-07-21T17:02:07.427Z - Reusing in-memory cached project graph because no files changed.
[NX v21.3.0 Daemon Server] - 2025-07-21T17:02:07.428Z - [REQUEST]: Responding to the client. project-graph
[NX v21.3.0 Daemon Server] - 2025-07-21T17:02:07.428Z - Time taken for 'total for creating and serializing project graph' 0.12116700003389269ms
[NX v21.3.0 Daemon Server] - 2025-07-21T17:02:07.429Z - Done responding to the client project-graph
[NX v21.3.0 Daemon Server] - 2025-07-21T17:02:07.429Z - Handled REQUEST_PROJECT_GRAPH. Handling time: 1. Response time: 1.
[NX v21.3.0 Daemon Server] - 2025-07-21T17:02:07.432Z - [REQUEST]: Client Request for Project Graph Received
[NX v21.3.0 Daemon Server] - 2025-07-21T17:02:07.432Z - Reusing in-memory cached project graph because no files changed.
[NX v21.3.0 Daemon Server] - 2025-07-21T17:02:07.432Z - [REQUEST]: Responding to the client. project-graph
[NX v21.3.0 Daemon Server] - 2025-07-21T17:02:07.432Z - Time taken for 'total for creating and serializing project graph' 0.11712499998975545ms
[NX v21.3.0 Daemon Server] - 2025-07-21T17:02:07.433Z - Done responding to the client project-graph
[NX v21.3.0 Daemon Server] - 2025-07-21T17:02:07.433Z - Handled REQUEST_PROJECT_GRAPH. Handling time: 0. Response time: 1.
[NX v21.3.0 Daemon Server] - 2025-07-21T17:02:07.435Z - Established a connection. Number of open connections: 5
[NX v21.3.0 Daemon Server] - 2025-07-21T17:02:08.002Z - [WATCHER]: Processing file changes in outputs
[NX v21.3.0 Daemon Server] - 2025-07-21T17:02:24.821Z - [WATCHER]: apps/new-panel/src/app/auth/auth.component.scss was modified
[NX v21.3.0 Daemon Server] - 2025-07-21T17:02:24.821Z - [REQUEST]: Responding to the client. File watch changed
[NX v21.3.0 Daemon Server] - 2025-07-21T17:02:24.822Z - Done responding to the client File watch changed
[NX v21.3.0 Daemon Server] - 2025-07-21T17:02:24.822Z - Handled FILE-WATCH-CHANGED. Handling time: 0. Response time: 1.
[NX v21.3.0 Daemon Server] - 2025-07-21T17:02:24.822Z - [WATCHER]: Processing file changes in outputs
[NX v21.3.0 Daemon Server] - 2025-07-21T17:02:24.822Z - Time taken for 'changed-projects' 0.39629199996124953ms
[NX v21.3.0 Daemon Server] - 2025-07-21T17:02:24.923Z - [REQUEST]: Updated workspace context based on watched changes, recomputing project graph...
[NX v21.3.0 Daemon Server] - 2025-07-21T17:02:24.923Z - [REQUEST]: apps/new-panel/src/app/auth/auth.component.scss
[NX v21.3.0 Daemon Server] - 2025-07-21T17:02:24.923Z - [REQUEST]: 
[NX v21.3.0 Daemon Server] - 2025-07-21T17:02:24.925Z - Time taken for 'hash changed files from watcher' 1.8380410000681877ms
Time for 'nx/core/package-json:createNodes' 3.321457999991253
Time for 'nx/core/project-json:createNodes' 2.9579590000212193
Time for 'nx/js/dependencies-and-lockfile:createNodes' 10.179500000085682
[NX v21.3.0 Daemon Server] - 2025-07-21T17:02:24.950Z - Time taken for 'build-project-configs' 19.152374999946915ms
Time for 'build typescript dependencies' 2.8873330000787973
[NX v21.3.0 Daemon Server] - 2025-07-21T17:02:24.979Z - Wrote project graph cache to /Users/mahdi.ketabdar/Developer/menno/monorepo/.nx/workspace-data/project-graph.json
[NX v21.3.0 Daemon Server] - 2025-07-21T17:02:24.979Z - [SYNC]: collect registered sync generators
[NX v21.3.0 Daemon Server] - 2025-07-21T17:02:24.979Z - [SYNC]: project graph hash is the same, not collecting task sync generators
[NX v21.3.0 Daemon Server] - 2025-07-21T17:02:24.979Z - [SYNC]: nx.json hash is the same, not collecting global sync generators
[NX v21.3.0 Daemon Server] - 2025-07-21T17:02:24.979Z - Time taken for 'total execution time for createProjectGraph()' 25.585375000024214ms
[NX v21.3.0 Daemon Server] - 2025-07-21T17:02:25.475Z - [WATCHER]: Processing file changes in outputs
[NX v21.3.0 Daemon Server] - 2025-07-21T17:02:25.843Z - Established a connection. Number of open connections: 6
[NX v21.3.0 Daemon Server] - 2025-07-21T17:02:25.845Z - [REQUEST]: Client Request for Project Graph Received
[NX v21.3.0 Daemon Server] - 2025-07-21T17:02:25.845Z - Reusing in-memory cached project graph because no files changed.
[NX v21.3.0 Daemon Server] - 2025-07-21T17:02:25.845Z - [REQUEST]: Responding to the client. project-graph
[NX v21.3.0 Daemon Server] - 2025-07-21T17:02:25.846Z - Time taken for 'total for creating and serializing project graph' 0.516791999922134ms
[NX v21.3.0 Daemon Server] - 2025-07-21T17:02:25.846Z - Closed a connection. Number of open connections: 5
[NX v21.3.0 Daemon Server] - 2025-07-21T17:02:25.848Z - Done responding to the client project-graph
[NX v21.3.0 Daemon Server] - 2025-07-21T17:02:25.848Z - Handled REQUEST_PROJECT_GRAPH. Handling time: 0. Response time: 3.
[NX v21.3.0 Daemon Server] - 2025-07-21T17:02:25.860Z - [REQUEST]: Responding to the client. handleContextFileData
[NX v21.3.0 Daemon Server] - 2025-07-21T17:02:25.861Z - Done responding to the client handleContextFileData
[NX v21.3.0 Daemon Server] - 2025-07-21T17:02:25.861Z - Handled GET_CONTEXT_FILE_DATA. Handling time: 4. Response time: 1.
[NX v21.3.0 Daemon Server] - 2025-07-21T17:02:25.866Z - Closed a connection. Number of open connections: 4
[NX v21.3.0 Daemon Server] - 2025-07-21T17:02:26.100Z - Closed a connection. Number of open connections: 3
[NX v21.3.0 Daemon Server] - 2025-07-21T17:02:26.102Z - Established a connection. Number of open connections: 4
[NX v21.3.0 Daemon Server] - 2025-07-21T17:02:26.103Z - Established a connection. Number of open connections: 5
[NX v21.3.0 Daemon Server] - 2025-07-21T17:02:26.103Z - Closed a connection. Number of open connections: 4
[NX v21.3.0 Daemon Server] - 2025-07-21T17:02:26.103Z - [REQUEST]: Client Request for Project Graph Received
[NX v21.3.0 Daemon Server] - 2025-07-21T17:02:26.103Z - Reusing in-memory cached project graph because no files changed.
[NX v21.3.0 Daemon Server] - 2025-07-21T17:02:26.103Z - [REQUEST]: Responding to the client. project-graph
[NX v21.3.0 Daemon Server] - 2025-07-21T17:02:26.104Z - Time taken for 'total for creating and serializing project graph' 0.12916599994059652ms
[NX v21.3.0 Daemon Server] - 2025-07-21T17:02:26.105Z - Done responding to the client project-graph
[NX v21.3.0 Daemon Server] - 2025-07-21T17:02:26.105Z - Handled REQUEST_PROJECT_GRAPH. Handling time: 0. Response time: 2.
[NX v21.3.0 Daemon Server] - 2025-07-21T17:02:26.108Z - [REQUEST]: Client Request for Project Graph Received
[NX v21.3.0 Daemon Server] - 2025-07-21T17:02:26.108Z - Reusing in-memory cached project graph because no files changed.
[NX v21.3.0 Daemon Server] - 2025-07-21T17:02:26.108Z - [REQUEST]: Responding to the client. project-graph
[NX v21.3.0 Daemon Server] - 2025-07-21T17:02:26.108Z - Time taken for 'total for creating and serializing project graph' 0.0813749999506399ms
[NX v21.3.0 Daemon Server] - 2025-07-21T17:02:26.109Z - Done responding to the client project-graph
[NX v21.3.0 Daemon Server] - 2025-07-21T17:02:26.109Z - Handled REQUEST_PROJECT_GRAPH. Handling time: 0. Response time: 1.
[NX v21.3.0 Daemon Server] - 2025-07-21T17:02:26.111Z - Established a connection. Number of open connections: 5
[NX v21.3.0 Daemon Server] - 2025-07-21T17:02:56.654Z - [WATCHER]: apps/new-panel/src/app/auth/auth.component.scss was modified
[NX v21.3.0 Daemon Server] - 2025-07-21T17:02:56.655Z - [REQUEST]: Responding to the client. File watch changed
[NX v21.3.0 Daemon Server] - 2025-07-21T17:02:56.655Z - Done responding to the client File watch changed
[NX v21.3.0 Daemon Server] - 2025-07-21T17:02:56.655Z - Handled FILE-WATCH-CHANGED. Handling time: 0. Response time: 0.
[NX v21.3.0 Daemon Server] - 2025-07-21T17:02:56.655Z - [WATCHER]: Processing file changes in outputs
[NX v21.3.0 Daemon Server] - 2025-07-21T17:02:56.655Z - Time taken for 'changed-projects' 0.33787500008475035ms
[NX v21.3.0 Daemon Server] - 2025-07-21T17:02:56.758Z - [REQUEST]: Updated workspace context based on watched changes, recomputing project graph...
[NX v21.3.0 Daemon Server] - 2025-07-21T17:02:56.758Z - [REQUEST]: apps/new-panel/src/app/auth/auth.component.scss
[NX v21.3.0 Daemon Server] - 2025-07-21T17:02:56.758Z - [REQUEST]: 
[NX v21.3.0 Daemon Server] - 2025-07-21T17:02:56.761Z - Time taken for 'hash changed files from watcher' 1.719416999956593ms
Time for 'nx/core/package-json:createNodes' 3.201790999970399
Time for 'nx/core/project-json:createNodes' 4.0428749999264255
Time for 'nx/js/dependencies-and-lockfile:createNodes' 16.051875000004657
[NX v21.3.0 Daemon Server] - 2025-07-21T17:02:56.794Z - Time taken for 'build-project-configs' 26.4246249999851ms
Time for 'build typescript dependencies' 2.8663330000126734
[NX v21.3.0 Daemon Server] - 2025-07-21T17:02:56.825Z - Wrote project graph cache to /Users/mahdi.ketabdar/Developer/menno/monorepo/.nx/workspace-data/project-graph.json
[NX v21.3.0 Daemon Server] - 2025-07-21T17:02:56.825Z - [SYNC]: collect registered sync generators
[NX v21.3.0 Daemon Server] - 2025-07-21T17:02:56.825Z - [SYNC]: project graph hash is the same, not collecting task sync generators
[NX v21.3.0 Daemon Server] - 2025-07-21T17:02:56.825Z - [SYNC]: nx.json hash is the same, not collecting global sync generators
[NX v21.3.0 Daemon Server] - 2025-07-21T17:02:56.825Z - Time taken for 'total execution time for createProjectGraph()' 26.570249999989755ms
[NX v21.3.0 Daemon Server] - 2025-07-21T17:02:57.233Z - [WATCHER]: Processing file changes in outputs
[NX v21.3.0 Daemon Server] - 2025-07-21T17:02:57.663Z - Established a connection. Number of open connections: 6
[NX v21.3.0 Daemon Server] - 2025-07-21T17:02:57.663Z - Closed a connection. Number of open connections: 5
[NX v21.3.0 Daemon Server] - 2025-07-21T17:02:57.664Z - [REQUEST]: Client Request for Project Graph Received
[NX v21.3.0 Daemon Server] - 2025-07-21T17:02:57.664Z - Reusing in-memory cached project graph because no files changed.
[NX v21.3.0 Daemon Server] - 2025-07-21T17:02:57.664Z - [REQUEST]: Responding to the client. project-graph
[NX v21.3.0 Daemon Server] - 2025-07-21T17:02:57.664Z - Time taken for 'total for creating and serializing project graph' 0.1679999999469146ms
[NX v21.3.0 Daemon Server] - 2025-07-21T17:02:57.670Z - Done responding to the client project-graph
[NX v21.3.0 Daemon Server] - 2025-07-21T17:02:57.670Z - Handled REQUEST_PROJECT_GRAPH. Handling time: 0. Response time: 6.
[NX v21.3.0 Daemon Server] - 2025-07-21T17:02:57.689Z - [REQUEST]: Responding to the client. handleContextFileData
[NX v21.3.0 Daemon Server] - 2025-07-21T17:02:57.691Z - Done responding to the client handleContextFileData
[NX v21.3.0 Daemon Server] - 2025-07-21T17:02:57.691Z - Handled GET_CONTEXT_FILE_DATA. Handling time: 4. Response time: 2.
[NX v21.3.0 Daemon Server] - 2025-07-21T17:02:57.696Z - Closed a connection. Number of open connections: 4
[NX v21.3.0 Daemon Server] - 2025-07-21T17:02:58.039Z - Closed a connection. Number of open connections: 3
[NX v21.3.0 Daemon Server] - 2025-07-21T17:02:58.041Z - Established a connection. Number of open connections: 4
[NX v21.3.0 Daemon Server] - 2025-07-21T17:02:58.042Z - Established a connection. Number of open connections: 5
[NX v21.3.0 Daemon Server] - 2025-07-21T17:02:58.042Z - Closed a connection. Number of open connections: 4
[NX v21.3.0 Daemon Server] - 2025-07-21T17:02:58.042Z - [REQUEST]: Client Request for Project Graph Received
[NX v21.3.0 Daemon Server] - 2025-07-21T17:02:58.042Z - Reusing in-memory cached project graph because no files changed.
[NX v21.3.0 Daemon Server] - 2025-07-21T17:02:58.042Z - [REQUEST]: Responding to the client. project-graph
[NX v21.3.0 Daemon Server] - 2025-07-21T17:02:58.043Z - Time taken for 'total for creating and serializing project graph' 0.13520799996331334ms
[NX v21.3.0 Daemon Server] - 2025-07-21T17:02:58.044Z - Done responding to the client project-graph
[NX v21.3.0 Daemon Server] - 2025-07-21T17:02:58.044Z - Handled REQUEST_PROJECT_GRAPH. Handling time: 0. Response time: 2.
[NX v21.3.0 Daemon Server] - 2025-07-21T17:02:58.047Z - [REQUEST]: Client Request for Project Graph Received
[NX v21.3.0 Daemon Server] - 2025-07-21T17:02:58.047Z - Reusing in-memory cached project graph because no files changed.
[NX v21.3.0 Daemon Server] - 2025-07-21T17:02:58.047Z - [REQUEST]: Responding to the client. project-graph
[NX v21.3.0 Daemon Server] - 2025-07-21T17:02:58.047Z - Time taken for 'total for creating and serializing project graph' 0.08866699994541705ms
[NX v21.3.0 Daemon Server] - 2025-07-21T17:02:58.048Z - Done responding to the client project-graph
[NX v21.3.0 Daemon Server] - 2025-07-21T17:02:58.048Z - Handled REQUEST_PROJECT_GRAPH. Handling time: 0. Response time: 1.
[NX v21.3.0 Daemon Server] - 2025-07-21T17:02:58.050Z - Established a connection. Number of open connections: 5
[NX v21.3.0 Daemon Server] - 2025-07-21T17:02:58.731Z - [WATCHER]: Processing file changes in outputs
[NX v21.3.0 Daemon Server] - 2025-07-21T17:03:57.501Z - [WATCHER]: apps/new-panel/src/app/auth/auth.component.scss was modified
[NX v21.3.0 Daemon Server] - 2025-07-21T17:03:57.503Z - [REQUEST]: Responding to the client. File watch changed
[NX v21.3.0 Daemon Server] - 2025-07-21T17:03:57.503Z - Done responding to the client File watch changed
[NX v21.3.0 Daemon Server] - 2025-07-21T17:03:57.503Z - Handled FILE-WATCH-CHANGED. Handling time: 0. Response time: 0.
[NX v21.3.0 Daemon Server] - 2025-07-21T17:03:57.503Z - [WATCHER]: Processing file changes in outputs
[NX v21.3.0 Daemon Server] - 2025-07-21T17:03:57.504Z - Time taken for 'changed-projects' 0.4420420000096783ms
[NX v21.3.0 Daemon Server] - 2025-07-21T17:03:57.606Z - [REQUEST]: Updated workspace context based on watched changes, recomputing project graph...
[NX v21.3.0 Daemon Server] - 2025-07-21T17:03:57.606Z - [REQUEST]: apps/new-panel/src/app/auth/auth.component.scss
[NX v21.3.0 Daemon Server] - 2025-07-21T17:03:57.606Z - [REQUEST]: 
[NX v21.3.0 Daemon Server] - 2025-07-21T17:03:57.610Z - Time taken for 'hash changed files from watcher' 2.3924579999875277ms
Time for 'nx/core/package-json:createNodes' 4.016582999960519
Time for 'nx/core/project-json:createNodes' 4.20920899999328
Time for 'nx/js/dependencies-and-lockfile:createNodes' 10.403374999994412
[NX v21.3.0 Daemon Server] - 2025-07-21T17:03:57.641Z - Time taken for 'build-project-configs' 24.24970799998846ms
Time for 'build typescript dependencies' 2.9389159999554977
[NX v21.3.0 Daemon Server] - 2025-07-21T17:03:57.676Z - Wrote project graph cache to /Users/mahdi.ketabdar/Developer/menno/monorepo/.nx/workspace-data/project-graph.json
[NX v21.3.0 Daemon Server] - 2025-07-21T17:03:57.676Z - [SYNC]: collect registered sync generators
[NX v21.3.0 Daemon Server] - 2025-07-21T17:03:57.676Z - [SYNC]: project graph hash is the same, not collecting task sync generators
[NX v21.3.0 Daemon Server] - 2025-07-21T17:03:57.676Z - [SYNC]: nx.json hash is the same, not collecting global sync generators
[NX v21.3.0 Daemon Server] - 2025-07-21T17:03:57.676Z - Time taken for 'total execution time for createProjectGraph()' 30.79737499996554ms
[NX v21.3.0 Daemon Server] - 2025-07-21T17:03:58.152Z - [WATCHER]: Processing file changes in outputs
[NX v21.3.0 Daemon Server] - 2025-07-21T17:03:58.524Z - Established a connection. Number of open connections: 6
[NX v21.3.0 Daemon Server] - 2025-07-21T17:03:58.524Z - Closed a connection. Number of open connections: 5
[NX v21.3.0 Daemon Server] - 2025-07-21T17:03:58.525Z - [REQUEST]: Client Request for Project Graph Received
[NX v21.3.0 Daemon Server] - 2025-07-21T17:03:58.525Z - Reusing in-memory cached project graph because no files changed.
[NX v21.3.0 Daemon Server] - 2025-07-21T17:03:58.526Z - [REQUEST]: Responding to the client. project-graph
[NX v21.3.0 Daemon Server] - 2025-07-21T17:03:58.526Z - Time taken for 'total for creating and serializing project graph' 0.4835409999359399ms
[NX v21.3.0 Daemon Server] - 2025-07-21T17:03:58.536Z - Done responding to the client project-graph
[NX v21.3.0 Daemon Server] - 2025-07-21T17:03:58.537Z - Handled REQUEST_PROJECT_GRAPH. Handling time: 1. Response time: 11.
[NX v21.3.0 Daemon Server] - 2025-07-21T17:03:58.553Z - [REQUEST]: Responding to the client. handleContextFileData
[NX v21.3.0 Daemon Server] - 2025-07-21T17:03:58.557Z - Done responding to the client handleContextFileData
[NX v21.3.0 Daemon Server] - 2025-07-21T17:03:58.557Z - Handled GET_CONTEXT_FILE_DATA. Handling time: 3. Response time: 4.
[NX v21.3.0 Daemon Server] - 2025-07-21T17:03:58.561Z - Closed a connection. Number of open connections: 4
[NX v21.3.0 Daemon Server] - 2025-07-21T17:03:59.093Z - Closed a connection. Number of open connections: 3
[NX v21.3.0 Daemon Server] - 2025-07-21T17:03:59.099Z - Established a connection. Number of open connections: 4
[NX v21.3.0 Daemon Server] - 2025-07-21T17:03:59.099Z - Established a connection. Number of open connections: 5
[NX v21.3.0 Daemon Server] - 2025-07-21T17:03:59.099Z - Closed a connection. Number of open connections: 4
[NX v21.3.0 Daemon Server] - 2025-07-21T17:03:59.100Z - [REQUEST]: Client Request for Project Graph Received
[NX v21.3.0 Daemon Server] - 2025-07-21T17:03:59.100Z - Reusing in-memory cached project graph because no files changed.
[NX v21.3.0 Daemon Server] - 2025-07-21T17:03:59.100Z - [REQUEST]: Responding to the client. project-graph
[NX v21.3.0 Daemon Server] - 2025-07-21T17:03:59.101Z - Time taken for 'total for creating and serializing project graph' 0.18091699993237853ms
[NX v21.3.0 Daemon Server] - 2025-07-21T17:03:59.102Z - Done responding to the client project-graph
[NX v21.3.0 Daemon Server] - 2025-07-21T17:03:59.102Z - Handled REQUEST_PROJECT_GRAPH. Handling time: 0. Response time: 2.
[NX v21.3.0 Daemon Server] - 2025-07-21T17:03:59.106Z - [REQUEST]: Client Request for Project Graph Received
[NX v21.3.0 Daemon Server] - 2025-07-21T17:03:59.106Z - Reusing in-memory cached project graph because no files changed.
[NX v21.3.0 Daemon Server] - 2025-07-21T17:03:59.107Z - [REQUEST]: Responding to the client. project-graph
[NX v21.3.0 Daemon Server] - 2025-07-21T17:03:59.107Z - Time taken for 'total for creating and serializing project graph' 0.1301250000251457ms
[NX v21.3.0 Daemon Server] - 2025-07-21T17:03:59.109Z - Done responding to the client project-graph
[NX v21.3.0 Daemon Server] - 2025-07-21T17:03:59.109Z - Handled REQUEST_PROJECT_GRAPH. Handling time: 1. Response time: 2.
[NX v21.3.0 Daemon Server] - 2025-07-21T17:03:59.111Z - Established a connection. Number of open connections: 5
[NX v21.3.0 Daemon Server] - 2025-07-21T17:04:47.340Z - [WATCHER]: apps/new-panel/src/app/auth/auth.component.html was modified
[NX v21.3.0 Daemon Server] - 2025-07-21T17:04:47.341Z - [REQUEST]: Responding to the client. File watch changed
[NX v21.3.0 Daemon Server] - 2025-07-21T17:04:47.341Z - Done responding to the client File watch changed
[NX v21.3.0 Daemon Server] - 2025-07-21T17:04:47.341Z - Handled FILE-WATCH-CHANGED. Handling time: 0. Response time: 0.
[NX v21.3.0 Daemon Server] - 2025-07-21T17:04:47.341Z - [WATCHER]: Processing file changes in outputs
[NX v21.3.0 Daemon Server] - 2025-07-21T17:04:47.342Z - Time taken for 'changed-projects' 0.45087500009685755ms
[NX v21.3.0 Daemon Server] - 2025-07-21T17:04:47.443Z - [REQUEST]: Updated workspace context based on watched changes, recomputing project graph...
[NX v21.3.0 Daemon Server] - 2025-07-21T17:04:47.443Z - [REQUEST]: apps/new-panel/src/app/auth/auth.component.html
[NX v21.3.0 Daemon Server] - 2025-07-21T17:04:47.443Z - [REQUEST]: 
[NX v21.3.0 Daemon Server] - 2025-07-21T17:04:47.446Z - Time taken for 'hash changed files from watcher' 1.8156250000465661ms
Time for 'nx/core/package-json:createNodes' 7.6652089999988675
Time for 'nx/core/project-json:createNodes' 5.645167000009678
Time for 'nx/js/dependencies-and-lockfile:createNodes' 18.37408300000243
[NX v21.3.0 Daemon Server] - 2025-07-21T17:04:47.480Z - Time taken for 'build-project-configs' 27.469333999906667ms
Time for 'build typescript dependencies' 2.5076249999692664
[NX v21.3.0 Daemon Server] - 2025-07-21T17:04:47.515Z - Wrote project graph cache to /Users/mahdi.ketabdar/Developer/menno/monorepo/.nx/workspace-data/project-graph.json
[NX v21.3.0 Daemon Server] - 2025-07-21T17:04:47.515Z - [SYNC]: collect registered sync generators
[NX v21.3.0 Daemon Server] - 2025-07-21T17:04:47.515Z - [SYNC]: project graph hash is the same, not collecting task sync generators
[NX v21.3.0 Daemon Server] - 2025-07-21T17:04:47.515Z - [SYNC]: nx.json hash is the same, not collecting global sync generators
[NX v21.3.0 Daemon Server] - 2025-07-21T17:04:47.515Z - Time taken for 'total execution time for createProjectGraph()' 31.990375000052154ms
[NX v21.3.0 Daemon Server] - 2025-07-21T17:04:47.847Z - [WATCHER]: Processing file changes in outputs
[NX v21.3.0 Daemon Server] - 2025-07-21T17:04:48.347Z - Established a connection. Number of open connections: 6
[NX v21.3.0 Daemon Server] - 2025-07-21T17:04:48.347Z - [REQUEST]: Client Request for Project Graph Received
[NX v21.3.0 Daemon Server] - 2025-07-21T17:04:48.348Z - Reusing in-memory cached project graph because no files changed.
[NX v21.3.0 Daemon Server] - 2025-07-21T17:04:48.348Z - [REQUEST]: Responding to the client. project-graph
[NX v21.3.0 Daemon Server] - 2025-07-21T17:04:48.348Z - Time taken for 'total for creating and serializing project graph' 0.398791000014171ms
[NX v21.3.0 Daemon Server] - 2025-07-21T17:04:48.348Z - Closed a connection. Number of open connections: 5
[NX v21.3.0 Daemon Server] - 2025-07-21T17:04:48.351Z - Done responding to the client project-graph
[NX v21.3.0 Daemon Server] - 2025-07-21T17:04:48.351Z - Handled REQUEST_PROJECT_GRAPH. Handling time: 1. Response time: 3.
[NX v21.3.0 Daemon Server] - 2025-07-21T17:04:48.361Z - [REQUEST]: Responding to the client. handleContextFileData
[NX v21.3.0 Daemon Server] - 2025-07-21T17:04:48.362Z - Done responding to the client handleContextFileData
[NX v21.3.0 Daemon Server] - 2025-07-21T17:04:48.362Z - Handled GET_CONTEXT_FILE_DATA. Handling time: 3. Response time: 1.
[NX v21.3.0 Daemon Server] - 2025-07-21T17:04:48.365Z - Closed a connection. Number of open connections: 4
[NX v21.3.0 Daemon Server] - 2025-07-21T17:04:48.621Z - Closed a connection. Number of open connections: 3
[NX v21.3.0 Daemon Server] - 2025-07-21T17:04:48.630Z - Established a connection. Number of open connections: 4
[NX v21.3.0 Daemon Server] - 2025-07-21T17:04:48.630Z - Established a connection. Number of open connections: 5
[NX v21.3.0 Daemon Server] - 2025-07-21T17:04:48.630Z - Closed a connection. Number of open connections: 4
[NX v21.3.0 Daemon Server] - 2025-07-21T17:04:48.631Z - [REQUEST]: Client Request for Project Graph Received
[NX v21.3.0 Daemon Server] - 2025-07-21T17:04:48.631Z - Reusing in-memory cached project graph because no files changed.
[NX v21.3.0 Daemon Server] - 2025-07-21T17:04:48.631Z - [REQUEST]: Responding to the client. project-graph
[NX v21.3.0 Daemon Server] - 2025-07-21T17:04:48.631Z - Time taken for 'total for creating and serializing project graph' 0.14404100005049258ms
[NX v21.3.0 Daemon Server] - 2025-07-21T17:04:48.632Z - Done responding to the client project-graph
[NX v21.3.0 Daemon Server] - 2025-07-21T17:04:48.632Z - Handled REQUEST_PROJECT_GRAPH. Handling time: 0. Response time: 1.
[NX v21.3.0 Daemon Server] - 2025-07-21T17:04:48.635Z - [REQUEST]: Client Request for Project Graph Received
[NX v21.3.0 Daemon Server] - 2025-07-21T17:04:48.635Z - Reusing in-memory cached project graph because no files changed.
[NX v21.3.0 Daemon Server] - 2025-07-21T17:04:48.635Z - [REQUEST]: Responding to the client. project-graph
[NX v21.3.0 Daemon Server] - 2025-07-21T17:04:48.635Z - Time taken for 'total for creating and serializing project graph' 0.10545899998396635ms
[NX v21.3.0 Daemon Server] - 2025-07-21T17:04:48.637Z - Done responding to the client project-graph
[NX v21.3.0 Daemon Server] - 2025-07-21T17:04:48.637Z - Handled REQUEST_PROJECT_GRAPH. Handling time: 0. Response time: 2.
[NX v21.3.0 Daemon Server] - 2025-07-21T17:04:48.639Z - Established a connection. Number of open connections: 5
[NX v21.3.0 Daemon Server] - 2025-07-21T17:04:49.289Z - [WATCHER]: Processing file changes in outputs
[NX v21.3.0 Daemon Server] - 2025-07-21T17:05:28.865Z - [WATCHER]: 0 file(s) created or restored, 2 file(s) modified, 0 file(s) deleted
[NX v21.3.0 Daemon Server] - 2025-07-21T17:05:28.867Z - [REQUEST]: Responding to the client. File watch changed
[NX v21.3.0 Daemon Server] - 2025-07-21T17:05:28.867Z - Done responding to the client File watch changed
[NX v21.3.0 Daemon Server] - 2025-07-21T17:05:28.867Z - Handled FILE-WATCH-CHANGED. Handling time: 0. Response time: 0.
[NX v21.3.0 Daemon Server] - 2025-07-21T17:05:28.867Z - [WATCHER]: Processing file changes in outputs
[NX v21.3.0 Daemon Server] - 2025-07-21T17:05:28.867Z - Time taken for 'changed-projects' 0.7227920000441372ms
[NX v21.3.0 Daemon Server] - 2025-07-21T17:05:28.969Z - [REQUEST]: Updated workspace context based on watched changes, recomputing project graph...
[NX v21.3.0 Daemon Server] - 2025-07-21T17:05:28.969Z - [REQUEST]: apps/new-panel/src/app/auth/auth.component.html,apps/new-panel/src/app/auth/auth.component.scss
[NX v21.3.0 Daemon Server] - 2025-07-21T17:05:28.969Z - [REQUEST]: 
[NX v21.3.0 Daemon Server] - 2025-07-21T17:05:28.972Z - Time taken for 'hash changed files from watcher' 2.2238750000251457ms
Time for 'nx/core/package-json:createNodes' 4.729916000040248
Time for 'nx/core/project-json:createNodes' 7.817957999999635
Time for 'nx/js/dependencies-and-lockfile:createNodes' 13.318250000011176
[NX v21.3.0 Daemon Server] - 2025-07-21T17:05:29.003Z - Time taken for 'build-project-configs' 24.53170799999498ms
Time for 'build typescript dependencies' 2.853417000034824
[NX v21.3.0 Daemon Server] - 2025-07-21T17:05:29.040Z - Wrote project graph cache to /Users/mahdi.ketabdar/Developer/menno/monorepo/.nx/workspace-data/project-graph.json
[NX v21.3.0 Daemon Server] - 2025-07-21T17:05:29.041Z - [SYNC]: collect registered sync generators
[NX v21.3.0 Daemon Server] - 2025-07-21T17:05:29.041Z - [SYNC]: project graph hash is the same, not collecting task sync generators
[NX v21.3.0 Daemon Server] - 2025-07-21T17:05:29.041Z - [SYNC]: nx.json hash is the same, not collecting global sync generators
[NX v21.3.0 Daemon Server] - 2025-07-21T17:05:29.041Z - Time taken for 'total execution time for createProjectGraph()' 31.204124999931082ms
[NX v21.3.0 Daemon Server] - 2025-07-21T17:05:29.751Z - [WATCHER]: Processing file changes in outputs
[NX v21.3.0 Daemon Server] - 2025-07-21T17:05:29.876Z - Established a connection. Number of open connections: 6
[NX v21.3.0 Daemon Server] - 2025-07-21T17:05:29.883Z - [REQUEST]: Client Request for Project Graph Received
[NX v21.3.0 Daemon Server] - 2025-07-21T17:05:29.884Z - Reusing in-memory cached project graph because no files changed.
[NX v21.3.0 Daemon Server] - 2025-07-21T17:05:29.884Z - [REQUEST]: Responding to the client. project-graph
[NX v21.3.0 Daemon Server] - 2025-07-21T17:05:29.885Z - Time taken for 'total for creating and serializing project graph' 0.6042499999748543ms
[NX v21.3.0 Daemon Server] - 2025-07-21T17:05:29.885Z - Closed a connection. Number of open connections: 5
[NX v21.3.0 Daemon Server] - 2025-07-21T17:05:29.889Z - Done responding to the client project-graph
[NX v21.3.0 Daemon Server] - 2025-07-21T17:05:29.889Z - Handled REQUEST_PROJECT_GRAPH. Handling time: 1. Response time: 5.
[NX v21.3.0 Daemon Server] - 2025-07-21T17:05:29.896Z - [REQUEST]: Responding to the client. handleContextFileData
[NX v21.3.0 Daemon Server] - 2025-07-21T17:05:29.897Z - Done responding to the client handleContextFileData
[NX v21.3.0 Daemon Server] - 2025-07-21T17:05:29.897Z - Handled GET_CONTEXT_FILE_DATA. Handling time: 3. Response time: 1.
[NX v21.3.0 Daemon Server] - 2025-07-21T17:05:29.901Z - Closed a connection. Number of open connections: 4
[NX v21.3.0 Daemon Server] - 2025-07-21T17:05:30.160Z - Closed a connection. Number of open connections: 3
[NX v21.3.0 Daemon Server] - 2025-07-21T17:05:30.167Z - Established a connection. Number of open connections: 4
[NX v21.3.0 Daemon Server] - 2025-07-21T17:05:30.167Z - Established a connection. Number of open connections: 5
[NX v21.3.0 Daemon Server] - 2025-07-21T17:05:30.167Z - Closed a connection. Number of open connections: 4
[NX v21.3.0 Daemon Server] - 2025-07-21T17:05:30.168Z - [REQUEST]: Client Request for Project Graph Received
[NX v21.3.0 Daemon Server] - 2025-07-21T17:05:30.168Z - Reusing in-memory cached project graph because no files changed.
[NX v21.3.0 Daemon Server] - 2025-07-21T17:05:30.168Z - [REQUEST]: Responding to the client. project-graph
[NX v21.3.0 Daemon Server] - 2025-07-21T17:05:30.171Z - Time taken for 'total for creating and serializing project graph' 0.19487499992828816ms
[NX v21.3.0 Daemon Server] - 2025-07-21T17:05:30.172Z - Done responding to the client project-graph
[NX v21.3.0 Daemon Server] - 2025-07-21T17:05:30.172Z - Handled REQUEST_PROJECT_GRAPH. Handling time: 0. Response time: 4.
[NX v21.3.0 Daemon Server] - 2025-07-21T17:05:30.175Z - [REQUEST]: Client Request for Project Graph Received
[NX v21.3.0 Daemon Server] - 2025-07-21T17:05:30.176Z - Reusing in-memory cached project graph because no files changed.
[NX v21.3.0 Daemon Server] - 2025-07-21T17:05:30.176Z - [REQUEST]: Responding to the client. project-graph
[NX v21.3.0 Daemon Server] - 2025-07-21T17:05:30.176Z - Time taken for 'total for creating and serializing project graph' 0.354666999890469ms
[NX v21.3.0 Daemon Server] - 2025-07-21T17:05:30.183Z - Done responding to the client project-graph
[NX v21.3.0 Daemon Server] - 2025-07-21T17:05:30.183Z - Handled REQUEST_PROJECT_GRAPH. Handling time: 1. Response time: 7.
[NX v21.3.0 Daemon Server] - 2025-07-21T17:05:30.192Z - Established a connection. Number of open connections: 5
[NX v21.3.0 Daemon Server] - 2025-07-21T17:05:31.349Z - [WATCHER]: Processing file changes in outputs
[NX v21.3.0 Daemon Server] - 2025-07-21T17:06:17.450Z - [WATCHER]: apps/new-panel/src/app/auth/auth.component.html was modified
[NX v21.3.0 Daemon Server] - 2025-07-21T17:06:17.451Z - [REQUEST]: Responding to the client. File watch changed
[NX v21.3.0 Daemon Server] - 2025-07-21T17:06:17.451Z - Done responding to the client File watch changed
[NX v21.3.0 Daemon Server] - 2025-07-21T17:06:17.451Z - Handled FILE-WATCH-CHANGED. Handling time: 0. Response time: 0.
[NX v21.3.0 Daemon Server] - 2025-07-21T17:06:17.452Z - [WATCHER]: Processing file changes in outputs
[NX v21.3.0 Daemon Server] - 2025-07-21T17:06:17.452Z - Time taken for 'changed-projects' 0.4345000000903383ms
[NX v21.3.0 Daemon Server] - 2025-07-21T17:06:17.554Z - [REQUEST]: Updated workspace context based on watched changes, recomputing project graph...
[NX v21.3.0 Daemon Server] - 2025-07-21T17:06:17.554Z - [REQUEST]: apps/new-panel/src/app/auth/auth.component.html
[NX v21.3.0 Daemon Server] - 2025-07-21T17:06:17.554Z - [REQUEST]: 
[NX v21.3.0 Daemon Server] - 2025-07-21T17:06:17.557Z - Time taken for 'hash changed files from watcher' 1.8775410000234842ms
Time for 'nx/core/package-json:createNodes' 2.6808339999988675
Time for 'nx/core/project-json:createNodes' 3.276916000060737
Time for 'nx/js/dependencies-and-lockfile:createNodes' 12.48770900000818
[NX v21.3.0 Daemon Server] - 2025-07-21T17:06:17.588Z - Time taken for 'build-project-configs' 21.961167000001296ms
Time for 'build typescript dependencies' 2.1831670000683516
[NX v21.3.0 Daemon Server] - 2025-07-21T17:06:17.621Z - Wrote project graph cache to /Users/mahdi.ketabdar/Developer/menno/monorepo/.nx/workspace-data/project-graph.json
[NX v21.3.0 Daemon Server] - 2025-07-21T17:06:17.621Z - [SYNC]: collect registered sync generators
[NX v21.3.0 Daemon Server] - 2025-07-21T17:06:17.621Z - [SYNC]: project graph hash is the same, not collecting task sync generators
[NX v21.3.0 Daemon Server] - 2025-07-21T17:06:17.621Z - [SYNC]: nx.json hash is the same, not collecting global sync generators
[NX v21.3.0 Daemon Server] - 2025-07-21T17:06:17.621Z - Time taken for 'total execution time for createProjectGraph()' 31.72883300005924ms
[NX v21.3.0 Daemon Server] - 2025-07-21T17:06:18.087Z - [WATCHER]: Processing file changes in outputs
[NX v21.3.0 Daemon Server] - 2025-07-21T17:06:18.471Z - Established a connection. Number of open connections: 6
[NX v21.3.0 Daemon Server] - 2025-07-21T17:06:18.471Z - [REQUEST]: Client Request for Project Graph Received
[NX v21.3.0 Daemon Server] - 2025-07-21T17:06:18.471Z - Reusing in-memory cached project graph because no files changed.
[NX v21.3.0 Daemon Server] - 2025-07-21T17:06:18.471Z - [REQUEST]: Responding to the client. project-graph
[NX v21.3.0 Daemon Server] - 2025-07-21T17:06:18.473Z - Time taken for 'total for creating and serializing project graph' 0.18612500000745058ms
[NX v21.3.0 Daemon Server] - 2025-07-21T17:06:18.473Z - Closed a connection. Number of open connections: 5
[NX v21.3.0 Daemon Server] - 2025-07-21T17:06:18.485Z - Done responding to the client project-graph
[NX v21.3.0 Daemon Server] - 2025-07-21T17:06:18.486Z - Handled REQUEST_PROJECT_GRAPH. Handling time: 0. Response time: 15.
[NX v21.3.0 Daemon Server] - 2025-07-21T17:06:18.504Z - [REQUEST]: Responding to the client. handleContextFileData
[NX v21.3.0 Daemon Server] - 2025-07-21T17:06:18.507Z - Done responding to the client handleContextFileData
[NX v21.3.0 Daemon Server] - 2025-07-21T17:06:18.508Z - Handled GET_CONTEXT_FILE_DATA. Handling time: 4. Response time: 4.
[NX v21.3.0 Daemon Server] - 2025-07-21T17:06:18.512Z - Closed a connection. Number of open connections: 4
[NX v21.3.0 Daemon Server] - 2025-07-21T17:06:19.151Z - Closed a connection. Number of open connections: 3
[NX v21.3.0 Daemon Server] - 2025-07-21T17:06:19.156Z - Established a connection. Number of open connections: 4
[NX v21.3.0 Daemon Server] - 2025-07-21T17:06:19.156Z - Established a connection. Number of open connections: 5
[NX v21.3.0 Daemon Server] - 2025-07-21T17:06:19.157Z - Closed a connection. Number of open connections: 4
[NX v21.3.0 Daemon Server] - 2025-07-21T17:06:19.157Z - [REQUEST]: Client Request for Project Graph Received
[NX v21.3.0 Daemon Server] - 2025-07-21T17:06:19.157Z - Reusing in-memory cached project graph because no files changed.
[NX v21.3.0 Daemon Server] - 2025-07-21T17:06:19.157Z - [REQUEST]: Responding to the client. project-graph
[NX v21.3.0 Daemon Server] - 2025-07-21T17:06:19.158Z - Time taken for 'total for creating and serializing project graph' 0.213958999956958ms
[NX v21.3.0 Daemon Server] - 2025-07-21T17:06:19.159Z - Done responding to the client project-graph
[NX v21.3.0 Daemon Server] - 2025-07-21T17:06:19.159Z - Handled REQUEST_PROJECT_GRAPH. Handling time: 0. Response time: 2.
[NX v21.3.0 Daemon Server] - 2025-07-21T17:06:19.165Z - [REQUEST]: Client Request for Project Graph Received
[NX v21.3.0 Daemon Server] - 2025-07-21T17:06:19.165Z - Reusing in-memory cached project graph because no files changed.
[NX v21.3.0 Daemon Server] - 2025-07-21T17:06:19.165Z - [REQUEST]: Responding to the client. project-graph
[NX v21.3.0 Daemon Server] - 2025-07-21T17:06:19.167Z - Time taken for 'total for creating and serializing project graph' 0.20520800002850592ms
[NX v21.3.0 Daemon Server] - 2025-07-21T17:06:19.169Z - Done responding to the client project-graph
[NX v21.3.0 Daemon Server] - 2025-07-21T17:06:19.169Z - Handled REQUEST_PROJECT_GRAPH. Handling time: 0. Response time: 4.
[NX v21.3.0 Daemon Server] - 2025-07-21T17:06:19.172Z - Established a connection. Number of open connections: 5
[NX v21.3.0 Daemon Server] - 2025-07-21T17:06:30.867Z - [WATCHER]: apps/new-panel/src/app/auth/auth.component.html was modified
[NX v21.3.0 Daemon Server] - 2025-07-21T17:06:30.868Z - [REQUEST]: Responding to the client. File watch changed
[NX v21.3.0 Daemon Server] - 2025-07-21T17:06:30.868Z - Done responding to the client File watch changed
[NX v21.3.0 Daemon Server] - 2025-07-21T17:06:30.868Z - Handled FILE-WATCH-CHANGED. Handling time: 0. Response time: 0.
[NX v21.3.0 Daemon Server] - 2025-07-21T17:06:30.868Z - [WATCHER]: Processing file changes in outputs
[NX v21.3.0 Daemon Server] - 2025-07-21T17:06:30.869Z - Time taken for 'changed-projects' 0.3291670000180602ms
[NX v21.3.0 Daemon Server] - 2025-07-21T17:06:30.970Z - [REQUEST]: Updated workspace context based on watched changes, recomputing project graph...
[NX v21.3.0 Daemon Server] - 2025-07-21T17:06:30.970Z - [REQUEST]: apps/new-panel/src/app/auth/auth.component.html
[NX v21.3.0 Daemon Server] - 2025-07-21T17:06:30.970Z - [REQUEST]: 
[NX v21.3.0 Daemon Server] - 2025-07-21T17:06:30.972Z - Time taken for 'hash changed files from watcher' 1.6457500000251457ms
Time for 'nx/core/package-json:createNodes' 2.912791999988258
Time for 'nx/core/project-json:createNodes' 2.568500000052154
Time for 'nx/js/dependencies-and-lockfile:createNodes' 8.778458000044338
[NX v21.3.0 Daemon Server] - 2025-07-21T17:06:30.999Z - Time taken for 'build-project-configs' 18.894500000053085ms
Time for 'build typescript dependencies' 2.812792000011541
[NX v21.3.0 Daemon Server] - 2025-07-21T17:06:31.031Z - Wrote project graph cache to /Users/mahdi.ketabdar/Developer/menno/monorepo/.nx/workspace-data/project-graph.json
[NX v21.3.0 Daemon Server] - 2025-07-21T17:06:31.031Z - [SYNC]: collect registered sync generators
[NX v21.3.0 Daemon Server] - 2025-07-21T17:06:31.031Z - [SYNC]: project graph hash is the same, not collecting task sync generators
[NX v21.3.0 Daemon Server] - 2025-07-21T17:06:31.031Z - [SYNC]: nx.json hash is the same, not collecting global sync generators
[NX v21.3.0 Daemon Server] - 2025-07-21T17:06:31.031Z - Time taken for 'total execution time for createProjectGraph()' 30.00945899996441ms
[NX v21.3.0 Daemon Server] - 2025-07-21T17:06:31.431Z - [WATCHER]: Processing file changes in outputs
[NX v21.3.0 Daemon Server] - 2025-07-21T17:06:31.888Z - Established a connection. Number of open connections: 6
[NX v21.3.0 Daemon Server] - 2025-07-21T17:06:31.890Z - [REQUEST]: Client Request for Project Graph Received
[NX v21.3.0 Daemon Server] - 2025-07-21T17:06:31.890Z - Reusing in-memory cached project graph because no files changed.
[NX v21.3.0 Daemon Server] - 2025-07-21T17:06:31.890Z - [REQUEST]: Responding to the client. project-graph
[NX v21.3.0 Daemon Server] - 2025-07-21T17:06:31.892Z - Time taken for 'total for creating and serializing project graph' 0.25650000001769513ms
[NX v21.3.0 Daemon Server] - 2025-07-21T17:06:31.892Z - Closed a connection. Number of open connections: 5
[NX v21.3.0 Daemon Server] - 2025-07-21T17:06:31.915Z - Done responding to the client project-graph
[NX v21.3.0 Daemon Server] - 2025-07-21T17:06:31.915Z - Handled REQUEST_PROJECT_GRAPH. Handling time: 0. Response time: 25.
[NX v21.3.0 Daemon Server] - 2025-07-21T17:06:31.930Z - [REQUEST]: Responding to the client. handleContextFileData
[NX v21.3.0 Daemon Server] - 2025-07-21T17:06:31.938Z - Done responding to the client handleContextFileData
[NX v21.3.0 Daemon Server] - 2025-07-21T17:06:31.938Z - Handled GET_CONTEXT_FILE_DATA. Handling time: 4. Response time: 8.
[NX v21.3.0 Daemon Server] - 2025-07-21T17:06:31.954Z - Closed a connection. Number of open connections: 4
[NX v21.3.0 Daemon Server] - 2025-07-21T17:06:32.323Z - Closed a connection. Number of open connections: 3
[NX v21.3.0 Daemon Server] - 2025-07-21T17:06:32.329Z - Established a connection. Number of open connections: 4
[NX v21.3.0 Daemon Server] - 2025-07-21T17:06:32.330Z - Established a connection. Number of open connections: 5
[NX v21.3.0 Daemon Server] - 2025-07-21T17:06:32.330Z - Closed a connection. Number of open connections: 4
[NX v21.3.0 Daemon Server] - 2025-07-21T17:06:32.331Z - [REQUEST]: Client Request for Project Graph Received
[NX v21.3.0 Daemon Server] - 2025-07-21T17:06:32.332Z - Reusing in-memory cached project graph because no files changed.
[NX v21.3.0 Daemon Server] - 2025-07-21T17:06:32.332Z - [REQUEST]: Responding to the client. project-graph
[NX v21.3.0 Daemon Server] - 2025-07-21T17:06:32.332Z - Time taken for 'total for creating and serializing project graph' 0.4310830000322312ms
[NX v21.3.0 Daemon Server] - 2025-07-21T17:06:32.336Z - Done responding to the client project-graph
[NX v21.3.0 Daemon Server] - 2025-07-21T17:06:32.336Z - Handled REQUEST_PROJECT_GRAPH. Handling time: 1. Response time: 4.
[NX v21.3.0 Daemon Server] - 2025-07-21T17:06:32.396Z - [REQUEST]: Client Request for Project Graph Received
[NX v21.3.0 Daemon Server] - 2025-07-21T17:06:32.396Z - Reusing in-memory cached project graph because no files changed.
[NX v21.3.0 Daemon Server] - 2025-07-21T17:06:32.396Z - [REQUEST]: Responding to the client. project-graph
[NX v21.3.0 Daemon Server] - 2025-07-21T17:06:32.397Z - Time taken for 'total for creating and serializing project graph' 0.7295409999787807ms
[NX v21.3.0 Daemon Server] - 2025-07-21T17:06:32.400Z - Done responding to the client project-graph
[NX v21.3.0 Daemon Server] - 2025-07-21T17:06:32.401Z - Handled REQUEST_PROJECT_GRAPH. Handling time: 0. Response time: 5.
[NX v21.3.0 Daemon Server] - 2025-07-21T17:06:32.405Z - Established a connection. Number of open connections: 5
[NX v21.3.0 Daemon Server] - 2025-07-21T17:06:32.970Z - [WATCHER]: Processing file changes in outputs
[NX v21.3.0 Daemon Server] - 2025-07-21T17:06:33.022Z - [WATCHER]: Processing file changes in outputs
[NX v21.3.0 Daemon Server] - 2025-07-21T17:06:55.788Z - [WATCHER]: Processing file changes in outputs
[NX v21.3.0 Daemon Server] - 2025-07-21T17:06:55.791Z - [WATCHER]: apps/new-panel/src/app/auth/auth.component.scss was modified
[NX v21.3.0 Daemon Server] - 2025-07-21T17:06:55.792Z - [REQUEST]: Responding to the client. File watch changed
[NX v21.3.0 Daemon Server] - 2025-07-21T17:06:55.792Z - Done responding to the client File watch changed
[NX v21.3.0 Daemon Server] - 2025-07-21T17:06:55.792Z - Handled FILE-WATCH-CHANGED. Handling time: 0. Response time: 0.
[NX v21.3.0 Daemon Server] - 2025-07-21T17:06:55.792Z - Time taken for 'changed-projects' 0.6847500000149012ms
[NX v21.3.0 Daemon Server] - 2025-07-21T17:06:55.893Z - [REQUEST]: Updated workspace context based on watched changes, recomputing project graph...
[NX v21.3.0 Daemon Server] - 2025-07-21T17:06:55.893Z - [REQUEST]: apps/new-panel/src/app/auth/auth.component.scss
[NX v21.3.0 Daemon Server] - 2025-07-21T17:06:55.893Z - [REQUEST]: 
[NX v21.3.0 Daemon Server] - 2025-07-21T17:06:55.896Z - Time taken for 'hash changed files from watcher' 1.790792000014335ms
Time for 'nx/core/package-json:createNodes' 3.794833999942057
Time for 'nx/core/project-json:createNodes' 4.842875000089407
Time for 'nx/js/dependencies-and-lockfile:createNodes' 13.782665999955498
[NX v21.3.0 Daemon Server] - 2025-07-21T17:06:55.928Z - Time taken for 'build-project-configs' 24.14904100005515ms
Time for 'build typescript dependencies' 2.603417000034824
[NX v21.3.0 Daemon Server] - 2025-07-21T17:06:55.969Z - Wrote project graph cache to /Users/mahdi.ketabdar/Developer/menno/monorepo/.nx/workspace-data/project-graph.json
[NX v21.3.0 Daemon Server] - 2025-07-21T17:06:55.969Z - [SYNC]: collect registered sync generators
[NX v21.3.0 Daemon Server] - 2025-07-21T17:06:55.969Z - [SYNC]: project graph hash is the same, not collecting task sync generators
[NX v21.3.0 Daemon Server] - 2025-07-21T17:06:55.969Z - [SYNC]: nx.json hash is the same, not collecting global sync generators
[NX v21.3.0 Daemon Server] - 2025-07-21T17:06:55.969Z - Time taken for 'total execution time for createProjectGraph()' 37.882582999998704ms
[NX v21.3.0 Daemon Server] - 2025-07-21T17:06:56.392Z - [WATCHER]: Processing file changes in outputs
[NX v21.3.0 Daemon Server] - 2025-07-21T17:06:56.829Z - Established a connection. Number of open connections: 6
[NX v21.3.0 Daemon Server] - 2025-07-21T17:06:56.830Z - [REQUEST]: Client Request for Project Graph Received
[NX v21.3.0 Daemon Server] - 2025-07-21T17:06:56.830Z - Reusing in-memory cached project graph because no files changed.
[NX v21.3.0 Daemon Server] - 2025-07-21T17:06:56.830Z - [REQUEST]: Responding to the client. project-graph
[NX v21.3.0 Daemon Server] - 2025-07-21T17:06:56.832Z - Time taken for 'total for creating and serializing project graph' 0.19500000006519258ms
[NX v21.3.0 Daemon Server] - 2025-07-21T17:06:56.832Z - Closed a connection. Number of open connections: 5
[NX v21.3.0 Daemon Server] - 2025-07-21T17:06:56.849Z - Done responding to the client project-graph
[NX v21.3.0 Daemon Server] - 2025-07-21T17:06:56.849Z - Handled REQUEST_PROJECT_GRAPH. Handling time: 0. Response time: 19.
[NX v21.3.0 Daemon Server] - 2025-07-21T17:06:56.860Z - [REQUEST]: Responding to the client. handleContextFileData
[NX v21.3.0 Daemon Server] - 2025-07-21T17:06:56.861Z - Done responding to the client handleContextFileData
[NX v21.3.0 Daemon Server] - 2025-07-21T17:06:56.861Z - Handled GET_CONTEXT_FILE_DATA. Handling time: 2. Response time: 1.
[NX v21.3.0 Daemon Server] - 2025-07-21T17:06:56.868Z - Closed a connection. Number of open connections: 4
[NX v21.3.0 Daemon Server] - 2025-07-21T17:06:57.402Z - Closed a connection. Number of open connections: 3
[NX v21.3.0 Daemon Server] - 2025-07-21T17:06:57.405Z - Established a connection. Number of open connections: 4
[NX v21.3.0 Daemon Server] - 2025-07-21T17:06:57.406Z - Established a connection. Number of open connections: 5
[NX v21.3.0 Daemon Server] - 2025-07-21T17:06:57.406Z - Closed a connection. Number of open connections: 4
[NX v21.3.0 Daemon Server] - 2025-07-21T17:06:57.406Z - [REQUEST]: Client Request for Project Graph Received
[NX v21.3.0 Daemon Server] - 2025-07-21T17:06:57.406Z - Reusing in-memory cached project graph because no files changed.
[NX v21.3.0 Daemon Server] - 2025-07-21T17:06:57.407Z - [REQUEST]: Responding to the client. project-graph
[NX v21.3.0 Daemon Server] - 2025-07-21T17:06:57.407Z - Time taken for 'total for creating and serializing project graph' 0.13387499994132668ms
[NX v21.3.0 Daemon Server] - 2025-07-21T17:06:57.408Z - Done responding to the client project-graph
[NX v21.3.0 Daemon Server] - 2025-07-21T17:06:57.408Z - Handled REQUEST_PROJECT_GRAPH. Handling time: 1. Response time: 1.
[NX v21.3.0 Daemon Server] - 2025-07-21T17:06:57.411Z - [REQUEST]: Client Request for Project Graph Received
[NX v21.3.0 Daemon Server] - 2025-07-21T17:06:57.411Z - Reusing in-memory cached project graph because no files changed.
[NX v21.3.0 Daemon Server] - 2025-07-21T17:06:57.411Z - [REQUEST]: Responding to the client. project-graph
[NX v21.3.0 Daemon Server] - 2025-07-21T17:06:57.411Z - Time taken for 'total for creating and serializing project graph' 0.10829200001899153ms
[NX v21.3.0 Daemon Server] - 2025-07-21T17:06:57.412Z - Done responding to the client project-graph
[NX v21.3.0 Daemon Server] - 2025-07-21T17:06:57.412Z - Handled REQUEST_PROJECT_GRAPH. Handling time: 0. Response time: 1.
[NX v21.3.0 Daemon Server] - 2025-07-21T17:06:57.415Z - Established a connection. Number of open connections: 5
[NX v21.3.0 Daemon Server] - 2025-07-21T17:07:07.715Z - [WATCHER]: Processing file changes in outputs
[NX v21.3.0 Daemon Server] - 2025-07-21T17:07:07.723Z - [WATCHER]: apps/new-panel/src/app/auth/auth.component.scss was modified
[NX v21.3.0 Daemon Server] - 2025-07-21T17:07:07.724Z - [REQUEST]: Responding to the client. File watch changed
[NX v21.3.0 Daemon Server] - 2025-07-21T17:07:07.724Z - Done responding to the client File watch changed
[NX v21.3.0 Daemon Server] - 2025-07-21T17:07:07.724Z - Handled FILE-WATCH-CHANGED. Handling time: 0. Response time: 0.
[NX v21.3.0 Daemon Server] - 2025-07-21T17:07:07.724Z - Time taken for 'changed-projects' 0.26045800000429153ms
[NX v21.3.0 Daemon Server] - 2025-07-21T17:07:07.826Z - [REQUEST]: Updated workspace context based on watched changes, recomputing project graph...
[NX v21.3.0 Daemon Server] - 2025-07-21T17:07:07.826Z - [REQUEST]: apps/new-panel/src/app/auth/auth.component.scss
[NX v21.3.0 Daemon Server] - 2025-07-21T17:07:07.826Z - [REQUEST]: 
[NX v21.3.0 Daemon Server] - 2025-07-21T17:07:07.828Z - Time taken for 'hash changed files from watcher' 1.8374589999439195ms
Time for 'nx/core/package-json:createNodes' 7.783082999987528
Time for 'nx/core/project-json:createNodes' 7.2210419999901205
Time for 'nx/js/dependencies-and-lockfile:createNodes' 12.70008300000336
[NX v21.3.0 Daemon Server] - 2025-07-21T17:07:07.857Z - Time taken for 'build-project-configs' 21.06662499997765ms
Time for 'build typescript dependencies' 2.7288750000298023
[NX v21.3.0 Daemon Server] - 2025-07-21T17:07:07.887Z - Wrote project graph cache to /Users/mahdi.ketabdar/Developer/menno/monorepo/.nx/workspace-data/project-graph.json
[NX v21.3.0 Daemon Server] - 2025-07-21T17:07:07.887Z - [SYNC]: collect registered sync generators
[NX v21.3.0 Daemon Server] - 2025-07-21T17:07:07.888Z - [SYNC]: project graph hash is the same, not collecting task sync generators
[NX v21.3.0 Daemon Server] - 2025-07-21T17:07:07.888Z - [SYNC]: nx.json hash is the same, not collecting global sync generators
[NX v21.3.0 Daemon Server] - 2025-07-21T17:07:07.888Z - Time taken for 'total execution time for createProjectGraph()' 29.28125ms
[NX v21.3.0 Daemon Server] - 2025-07-21T17:07:08.272Z - [WATCHER]: Processing file changes in outputs
[NX v21.3.0 Daemon Server] - 2025-07-21T17:07:08.732Z - Established a connection. Number of open connections: 6
[NX v21.3.0 Daemon Server] - 2025-07-21T17:07:08.734Z - [REQUEST]: Client Request for Project Graph Received
[NX v21.3.0 Daemon Server] - 2025-07-21T17:07:08.734Z - Reusing in-memory cached project graph because no files changed.
[NX v21.3.0 Daemon Server] - 2025-07-21T17:07:08.735Z - [REQUEST]: Responding to the client. project-graph
[NX v21.3.0 Daemon Server] - 2025-07-21T17:07:08.737Z - Time taken for 'total for creating and serializing project graph' 1.6852499999804422ms
[NX v21.3.0 Daemon Server] - 2025-07-21T17:07:08.737Z - Closed a connection. Number of open connections: 5
[NX v21.3.0 Daemon Server] - 2025-07-21T17:07:08.765Z - Done responding to the client project-graph
[NX v21.3.0 Daemon Server] - 2025-07-21T17:07:08.766Z - Handled REQUEST_PROJECT_GRAPH. Handling time: 2. Response time: 31.
[NX v21.3.0 Daemon Server] - 2025-07-21T17:07:08.780Z - [REQUEST]: Responding to the client. handleContextFileData
[NX v21.3.0 Daemon Server] - 2025-07-21T17:07:08.782Z - Done responding to the client handleContextFileData
[NX v21.3.0 Daemon Server] - 2025-07-21T17:07:08.782Z - Handled GET_CONTEXT_FILE_DATA. Handling time: 6. Response time: 2.
[NX v21.3.0 Daemon Server] - 2025-07-21T17:07:08.798Z - Closed a connection. Number of open connections: 4
[NX v21.3.0 Daemon Server] - 2025-07-21T17:07:09.370Z - Closed a connection. Number of open connections: 3
[NX v21.3.0 Daemon Server] - 2025-07-21T17:07:09.371Z - Established a connection. Number of open connections: 4
[NX v21.3.0 Daemon Server] - 2025-07-21T17:07:09.371Z - Established a connection. Number of open connections: 5
[NX v21.3.0 Daemon Server] - 2025-07-21T17:07:09.371Z - Closed a connection. Number of open connections: 4
[NX v21.3.0 Daemon Server] - 2025-07-21T17:07:09.372Z - [REQUEST]: Client Request for Project Graph Received
[NX v21.3.0 Daemon Server] - 2025-07-21T17:07:09.373Z - Reusing in-memory cached project graph because no files changed.
[NX v21.3.0 Daemon Server] - 2025-07-21T17:07:09.373Z - [REQUEST]: Responding to the client. project-graph
[NX v21.3.0 Daemon Server] - 2025-07-21T17:07:09.374Z - Time taken for 'total for creating and serializing project graph' 0.8949579999316484ms
[NX v21.3.0 Daemon Server] - 2025-07-21T17:07:09.376Z - Done responding to the client project-graph
[NX v21.3.0 Daemon Server] - 2025-07-21T17:07:09.376Z - Handled REQUEST_PROJECT_GRAPH. Handling time: 1. Response time: 3.
[NX v21.3.0 Daemon Server] - 2025-07-21T17:07:09.387Z - [REQUEST]: Client Request for Project Graph Received
[NX v21.3.0 Daemon Server] - 2025-07-21T17:07:09.387Z - Reusing in-memory cached project graph because no files changed.
[NX v21.3.0 Daemon Server] - 2025-07-21T17:07:09.387Z - [REQUEST]: Responding to the client. project-graph
[NX v21.3.0 Daemon Server] - 2025-07-21T17:07:09.387Z - Time taken for 'total for creating and serializing project graph' 0.21795900003053248ms
[NX v21.3.0 Daemon Server] - 2025-07-21T17:07:09.390Z - Done responding to the client project-graph
[NX v21.3.0 Daemon Server] - 2025-07-21T17:07:09.390Z - Handled REQUEST_PROJECT_GRAPH. Handling time: 0. Response time: 3.
[NX v21.3.0 Daemon Server] - 2025-07-21T17:07:09.394Z - Established a connection. Number of open connections: 5
[NX v21.3.0 Daemon Server] - 2025-07-21T17:07:09.844Z - [WATCHER]: Processing file changes in outputs
[NX v21.3.0 Daemon Server] - 2025-07-21T17:07:17.573Z - [WATCHER]: apps/new-panel/src/app/auth/auth.component.scss was modified
[NX v21.3.0 Daemon Server] - 2025-07-21T17:07:17.575Z - [REQUEST]: Responding to the client. File watch changed
[NX v21.3.0 Daemon Server] - 2025-07-21T17:07:17.575Z - Done responding to the client File watch changed
[NX v21.3.0 Daemon Server] - 2025-07-21T17:07:17.575Z - Handled FILE-WATCH-CHANGED. Handling time: 0. Response time: 0.
[NX v21.3.0 Daemon Server] - 2025-07-21T17:07:17.575Z - [WATCHER]: Processing file changes in outputs
[NX v21.3.0 Daemon Server] - 2025-07-21T17:07:17.575Z - Time taken for 'changed-projects' 0.7280830000527203ms
[NX v21.3.0 Daemon Server] - 2025-07-21T17:07:17.677Z - [REQUEST]: Updated workspace context based on watched changes, recomputing project graph...
[NX v21.3.0 Daemon Server] - 2025-07-21T17:07:17.677Z - [REQUEST]: apps/new-panel/src/app/auth/auth.component.scss
[NX v21.3.0 Daemon Server] - 2025-07-21T17:07:17.677Z - [REQUEST]: 
[NX v21.3.0 Daemon Server] - 2025-07-21T17:07:17.681Z - Time taken for 'hash changed files from watcher' 3.0843340000137687ms
Time for 'nx/core/package-json:createNodes' 1.615375000052154
Time for 'nx/core/project-json:createNodes' 2.0267920000478625
Time for 'nx/js/dependencies-and-lockfile:createNodes' 9.61912500008475
[NX v21.3.0 Daemon Server] - 2025-07-21T17:07:17.703Z - Time taken for 'build-project-configs' 17.927499999990687ms
Time for 'build typescript dependencies' 2.899875000002794
[NX v21.3.0 Daemon Server] - 2025-07-21T17:07:17.731Z - Wrote project graph cache to /Users/mahdi.ketabdar/Developer/menno/monorepo/.nx/workspace-data/project-graph.json
[NX v21.3.0 Daemon Server] - 2025-07-21T17:07:17.731Z - [SYNC]: collect registered sync generators
[NX v21.3.0 Daemon Server] - 2025-07-21T17:07:17.731Z - [SYNC]: project graph hash is the same, not collecting task sync generators
[NX v21.3.0 Daemon Server] - 2025-07-21T17:07:17.731Z - [SYNC]: nx.json hash is the same, not collecting global sync generators
[NX v21.3.0 Daemon Server] - 2025-07-21T17:07:17.731Z - Time taken for 'total execution time for createProjectGraph()' 21.43845799996052ms
[NX v21.3.0 Daemon Server] - 2025-07-21T17:07:18.681Z - Established a connection. Number of open connections: 6
[NX v21.3.0 Daemon Server] - 2025-07-21T17:07:18.688Z - [REQUEST]: Client Request for Project Graph Received
[NX v21.3.0 Daemon Server] - 2025-07-21T17:07:18.694Z - Reusing in-memory cached project graph because no files changed.
[NX v21.3.0 Daemon Server] - 2025-07-21T17:07:18.704Z - [REQUEST]: Responding to the client. project-graph
[NX v21.3.0 Daemon Server] - 2025-07-21T17:07:18.707Z - Time taken for 'total for creating and serializing project graph' 8.219958000001498ms
[NX v21.3.0 Daemon Server] - 2025-07-21T17:07:18.707Z - Closed a connection. Number of open connections: 5
[NX v21.3.0 Daemon Server] - 2025-07-21T17:07:18.714Z - Done responding to the client project-graph
[NX v21.3.0 Daemon Server] - 2025-07-21T17:07:18.714Z - Handled REQUEST_PROJECT_GRAPH. Handling time: 18. Response time: 10.
[NX v21.3.0 Daemon Server] - 2025-07-21T17:07:18.738Z - [REQUEST]: Responding to the client. handleContextFileData
[NX v21.3.0 Daemon Server] - 2025-07-21T17:07:18.743Z - Done responding to the client handleContextFileData
[NX v21.3.0 Daemon Server] - 2025-07-21T17:07:18.744Z - Handled GET_CONTEXT_FILE_DATA. Handling time: 7. Response time: 6.
[NX v21.3.0 Daemon Server] - 2025-07-21T17:07:18.759Z - Closed a connection. Number of open connections: 4
[NX v21.3.0 Daemon Server] - 2025-07-21T17:07:19.102Z - Closed a connection. Number of open connections: 3
[NX v21.3.0 Daemon Server] - 2025-07-21T17:07:19.110Z - Established a connection. Number of open connections: 4
[NX v21.3.0 Daemon Server] - 2025-07-21T17:07:19.115Z - Established a connection. Number of open connections: 5
[NX v21.3.0 Daemon Server] - 2025-07-21T17:07:19.115Z - Closed a connection. Number of open connections: 4
[NX v21.3.0 Daemon Server] - 2025-07-21T17:07:19.115Z - [REQUEST]: Client Request for Project Graph Received
[NX v21.3.0 Daemon Server] - 2025-07-21T17:07:19.116Z - Reusing in-memory cached project graph because no files changed.
[NX v21.3.0 Daemon Server] - 2025-07-21T17:07:19.116Z - [REQUEST]: Responding to the client. project-graph
[NX v21.3.0 Daemon Server] - 2025-07-21T17:07:19.116Z - Time taken for 'total for creating and serializing project graph' 0.1520419999724254ms
[NX v21.3.0 Daemon Server] - 2025-07-21T17:07:19.121Z - Done responding to the client project-graph
[NX v21.3.0 Daemon Server] - 2025-07-21T17:07:19.121Z - Handled REQUEST_PROJECT_GRAPH. Handling time: 1. Response time: 5.
[NX v21.3.0 Daemon Server] - 2025-07-21T17:07:19.127Z - [REQUEST]: Client Request for Project Graph Received
[NX v21.3.0 Daemon Server] - 2025-07-21T17:07:19.127Z - Reusing in-memory cached project graph because no files changed.
[NX v21.3.0 Daemon Server] - 2025-07-21T17:07:19.127Z - [REQUEST]: Responding to the client. project-graph
[NX v21.3.0 Daemon Server] - 2025-07-21T17:07:19.129Z - Time taken for 'total for creating and serializing project graph' 0.2982499999925494ms
[NX v21.3.0 Daemon Server] - 2025-07-21T17:07:19.132Z - Done responding to the client project-graph
[NX v21.3.0 Daemon Server] - 2025-07-21T17:07:19.132Z - Handled REQUEST_PROJECT_GRAPH. Handling time: 0. Response time: 5.
[NX v21.3.0 Daemon Server] - 2025-07-21T17:07:19.150Z - Established a connection. Number of open connections: 5
[NX v21.3.0 Daemon Server] - 2025-07-21T17:07:19.692Z - [WATCHER]: Processing file changes in outputs
[NX v21.3.0 Daemon Server] - 2025-07-21T17:07:33.149Z - [WATCHER]: apps/new-panel/src/app/auth/auth.component.scss was modified
[NX v21.3.0 Daemon Server] - 2025-07-21T17:07:33.150Z - [REQUEST]: Responding to the client. File watch changed
[NX v21.3.0 Daemon Server] - 2025-07-21T17:07:33.150Z - Done responding to the client File watch changed
[NX v21.3.0 Daemon Server] - 2025-07-21T17:07:33.150Z - Handled FILE-WATCH-CHANGED. Handling time: 0. Response time: 0.
[NX v21.3.0 Daemon Server] - 2025-07-21T17:07:33.151Z - [WATCHER]: Processing file changes in outputs
[NX v21.3.0 Daemon Server] - 2025-07-21T17:07:33.151Z - Time taken for 'changed-projects' 0.44712500006426126ms
[NX v21.3.0 Daemon Server] - 2025-07-21T17:07:33.253Z - [REQUEST]: Updated workspace context based on watched changes, recomputing project graph...
[NX v21.3.0 Daemon Server] - 2025-07-21T17:07:33.253Z - [REQUEST]: apps/new-panel/src/app/auth/auth.component.scss
[NX v21.3.0 Daemon Server] - 2025-07-21T17:07:33.253Z - [REQUEST]: 
[NX v21.3.0 Daemon Server] - 2025-07-21T17:07:33.256Z - Time taken for 'hash changed files from watcher' 2.8238750000018626ms
Time for 'nx/core/package-json:createNodes' 2.543249999987893
Time for 'nx/core/project-json:createNodes' 3.3602909999899566
Time for 'nx/js/dependencies-and-lockfile:createNodes' 9.387458999990486
[NX v21.3.0 Daemon Server] - 2025-07-21T17:07:33.283Z - Time taken for 'build-project-configs' 21.13950000004843ms
Time for 'build typescript dependencies' 2.595333999954164
[NX v21.3.0 Daemon Server] - 2025-07-21T17:07:33.314Z - Wrote project graph cache to /Users/mahdi.ketabdar/Developer/menno/monorepo/.nx/workspace-data/project-graph.json
[NX v21.3.0 Daemon Server] - 2025-07-21T17:07:33.314Z - [SYNC]: collect registered sync generators
[NX v21.3.0 Daemon Server] - 2025-07-21T17:07:33.314Z - [SYNC]: project graph hash is the same, not collecting task sync generators
[NX v21.3.0 Daemon Server] - 2025-07-21T17:07:33.314Z - [SYNC]: nx.json hash is the same, not collecting global sync generators
[NX v21.3.0 Daemon Server] - 2025-07-21T17:07:33.314Z - Time taken for 'total execution time for createProjectGraph()' 26.974582999944687ms
[NX v21.3.0 Daemon Server] - 2025-07-21T17:07:33.756Z - [WATCHER]: Processing file changes in outputs
[NX v21.3.0 Daemon Server] - 2025-07-21T17:07:34.168Z - Established a connection. Number of open connections: 6
[NX v21.3.0 Daemon Server] - 2025-07-21T17:07:34.170Z - [REQUEST]: Client Request for Project Graph Received
[NX v21.3.0 Daemon Server] - 2025-07-21T17:07:34.171Z - Reusing in-memory cached project graph because no files changed.
[NX v21.3.0 Daemon Server] - 2025-07-21T17:07:34.171Z - [REQUEST]: Responding to the client. project-graph
[NX v21.3.0 Daemon Server] - 2025-07-21T17:07:34.172Z - Time taken for 'total for creating and serializing project graph' 0.6083339999895543ms
[NX v21.3.0 Daemon Server] - 2025-07-21T17:07:34.172Z - Closed a connection. Number of open connections: 5
[NX v21.3.0 Daemon Server] - 2025-07-21T17:07:34.178Z - Done responding to the client project-graph
[NX v21.3.0 Daemon Server] - 2025-07-21T17:07:34.178Z - Handled REQUEST_PROJECT_GRAPH. Handling time: 1. Response time: 7.
[NX v21.3.0 Daemon Server] - 2025-07-21T17:07:34.204Z - [REQUEST]: Responding to the client. handleContextFileData
[NX v21.3.0 Daemon Server] - 2025-07-21T17:07:34.207Z - Done responding to the client handleContextFileData
[NX v21.3.0 Daemon Server] - 2025-07-21T17:07:34.208Z - Handled GET_CONTEXT_FILE_DATA. Handling time: 3. Response time: 4.
[NX v21.3.0 Daemon Server] - 2025-07-21T17:07:34.212Z - Closed a connection. Number of open connections: 4
[NX v21.3.0 Daemon Server] - 2025-07-21T17:07:34.696Z - Closed a connection. Number of open connections: 3
[NX v21.3.0 Daemon Server] - 2025-07-21T17:07:34.697Z - Established a connection. Number of open connections: 4
[NX v21.3.0 Daemon Server] - 2025-07-21T17:07:34.698Z - Closed a connection. Number of open connections: 3
[NX v21.3.0 Daemon Server] - 2025-07-21T17:07:34.698Z - Established a connection. Number of open connections: 4
[NX v21.3.0 Daemon Server] - 2025-07-21T17:07:34.700Z - [REQUEST]: Client Request for Project Graph Received
[NX v21.3.0 Daemon Server] - 2025-07-21T17:07:34.700Z - Reusing in-memory cached project graph because no files changed.
[NX v21.3.0 Daemon Server] - 2025-07-21T17:07:34.700Z - [REQUEST]: Responding to the client. project-graph
[NX v21.3.0 Daemon Server] - 2025-07-21T17:07:34.701Z - Time taken for 'total for creating and serializing project graph' 0.3662499999627471ms
[NX v21.3.0 Daemon Server] - 2025-07-21T17:07:34.703Z - Done responding to the client project-graph
[NX v21.3.0 Daemon Server] - 2025-07-21T17:07:34.703Z - Handled REQUEST_PROJECT_GRAPH. Handling time: 0. Response time: 3.
[NX v21.3.0 Daemon Server] - 2025-07-21T17:07:34.706Z - [REQUEST]: Client Request for Project Graph Received
[NX v21.3.0 Daemon Server] - 2025-07-21T17:07:34.706Z - Reusing in-memory cached project graph because no files changed.
[NX v21.3.0 Daemon Server] - 2025-07-21T17:07:34.706Z - [REQUEST]: Responding to the client. project-graph
[NX v21.3.0 Daemon Server] - 2025-07-21T17:07:34.706Z - Time taken for 'total for creating and serializing project graph' 0.14408300002105534ms
[NX v21.3.0 Daemon Server] - 2025-07-21T17:07:34.709Z - Done responding to the client project-graph
[NX v21.3.0 Daemon Server] - 2025-07-21T17:07:34.709Z - Handled REQUEST_PROJECT_GRAPH. Handling time: 0. Response time: 3.
[NX v21.3.0 Daemon Server] - 2025-07-21T17:07:34.712Z - Established a connection. Number of open connections: 5
[NX v21.3.0 Daemon Server] - 2025-07-21T17:07:35.242Z - [WATCHER]: Processing file changes in outputs
[NX v21.3.0 Daemon Server] - 2025-07-21T17:07:38.138Z - [WATCHER]: apps/new-panel/src/app/auth/auth.component.scss was modified
[NX v21.3.0 Daemon Server] - 2025-07-21T17:07:38.139Z - [REQUEST]: Responding to the client. File watch changed
[NX v21.3.0 Daemon Server] - 2025-07-21T17:07:38.139Z - Done responding to the client File watch changed
[NX v21.3.0 Daemon Server] - 2025-07-21T17:07:38.139Z - Handled FILE-WATCH-CHANGED. Handling time: 0. Response time: 0.
[NX v21.3.0 Daemon Server] - 2025-07-21T17:07:38.139Z - [WATCHER]: Processing file changes in outputs
[NX v21.3.0 Daemon Server] - 2025-07-21T17:07:38.140Z - Time taken for 'changed-projects' 0.5369170000776649ms
[NX v21.3.0 Daemon Server] - 2025-07-21T17:07:38.240Z - [REQUEST]: Updated workspace context based on watched changes, recomputing project graph...
[NX v21.3.0 Daemon Server] - 2025-07-21T17:07:38.240Z - [REQUEST]: apps/new-panel/src/app/auth/auth.component.scss
[NX v21.3.0 Daemon Server] - 2025-07-21T17:07:38.240Z - [REQUEST]: 
[NX v21.3.0 Daemon Server] - 2025-07-21T17:07:38.244Z - Time taken for 'hash changed files from watcher' 1.6120419999351725ms
Time for 'nx/core/package-json:createNodes' 1.317957999999635
Time for 'nx/core/project-json:createNodes' 0.9079170000040904
Time for 'nx/js/dependencies-and-lockfile:createNodes' 7.870540999923833
[NX v21.3.0 Daemon Server] - 2025-07-21T17:07:38.269Z - Time taken for 'build-project-configs' 17.33474999992177ms
Time for 'build typescript dependencies' 4.084124999935739
[NX v21.3.0 Daemon Server] - 2025-07-21T17:07:38.300Z - Wrote project graph cache to /Users/mahdi.ketabdar/Developer/menno/monorepo/.nx/workspace-data/project-graph.json
[NX v21.3.0 Daemon Server] - 2025-07-21T17:07:38.300Z - [SYNC]: collect registered sync generators
[NX v21.3.0 Daemon Server] - 2025-07-21T17:07:38.300Z - [SYNC]: project graph hash is the same, not collecting task sync generators
[NX v21.3.0 Daemon Server] - 2025-07-21T17:07:38.300Z - [SYNC]: nx.json hash is the same, not collecting global sync generators
[NX v21.3.0 Daemon Server] - 2025-07-21T17:07:38.300Z - Time taken for 'total execution time for createProjectGraph()' 29.041166999959387ms
[NX v21.3.0 Daemon Server] - 2025-07-21T17:07:38.665Z - [WATCHER]: Processing file changes in outputs
[NX v21.3.0 Daemon Server] - 2025-07-21T17:07:39.153Z - Established a connection. Number of open connections: 6
[NX v21.3.0 Daemon Server] - 2025-07-21T17:07:39.154Z - [REQUEST]: Client Request for Project Graph Received
[NX v21.3.0 Daemon Server] - 2025-07-21T17:07:39.154Z - Reusing in-memory cached project graph because no files changed.
[NX v21.3.0 Daemon Server] - 2025-07-21T17:07:39.154Z - [REQUEST]: Responding to the client. project-graph
[NX v21.3.0 Daemon Server] - 2025-07-21T17:07:39.157Z - Time taken for 'total for creating and serializing project graph' 0.1930840000277385ms
[NX v21.3.0 Daemon Server] - 2025-07-21T17:07:39.157Z - Closed a connection. Number of open connections: 5
[NX v21.3.0 Daemon Server] - 2025-07-21T17:07:39.161Z - Done responding to the client project-graph
[NX v21.3.0 Daemon Server] - 2025-07-21T17:07:39.161Z - Handled REQUEST_PROJECT_GRAPH. Handling time: 0. Response time: 7.
[NX v21.3.0 Daemon Server] - 2025-07-21T17:07:39.178Z - [REQUEST]: Responding to the client. handleContextFileData
[NX v21.3.0 Daemon Server] - 2025-07-21T17:07:39.180Z - Done responding to the client handleContextFileData
[NX v21.3.0 Daemon Server] - 2025-07-21T17:07:39.180Z - Handled GET_CONTEXT_FILE_DATA. Handling time: 9. Response time: 2.
[NX v21.3.0 Daemon Server] - 2025-07-21T17:07:39.184Z - Closed a connection. Number of open connections: 4
[NX v21.3.0 Daemon Server] - 2025-07-21T17:07:39.319Z - Closed a connection. Number of open connections: 3
[NX v21.3.0 Daemon Server] - 2025-07-21T17:07:39.322Z - Established a connection. Number of open connections: 4
[NX v21.3.0 Daemon Server] - 2025-07-21T17:07:39.322Z - Established a connection. Number of open connections: 5
[NX v21.3.0 Daemon Server] - 2025-07-21T17:07:39.322Z - Closed a connection. Number of open connections: 4
[NX v21.3.0 Daemon Server] - 2025-07-21T17:07:39.322Z - [REQUEST]: Client Request for Project Graph Received
[NX v21.3.0 Daemon Server] - 2025-07-21T17:07:39.323Z - Reusing in-memory cached project graph because no files changed.
[NX v21.3.0 Daemon Server] - 2025-07-21T17:07:39.323Z - [REQUEST]: Responding to the client. project-graph
[NX v21.3.0 Daemon Server] - 2025-07-21T17:07:39.325Z - Time taken for 'total for creating and serializing project graph' 0.13437500002328306ms
[NX v21.3.0 Daemon Server] - 2025-07-21T17:07:39.332Z - Done responding to the client project-graph
[NX v21.3.0 Daemon Server] - 2025-07-21T17:07:39.332Z - Handled REQUEST_PROJECT_GRAPH. Handling time: 1. Response time: 9.
[NX v21.3.0 Daemon Server] - 2025-07-21T17:07:39.335Z - [REQUEST]: Client Request for Project Graph Received
[NX v21.3.0 Daemon Server] - 2025-07-21T17:07:39.335Z - Reusing in-memory cached project graph because no files changed.
[NX v21.3.0 Daemon Server] - 2025-07-21T17:07:39.335Z - [REQUEST]: Responding to the client. project-graph
[NX v21.3.0 Daemon Server] - 2025-07-21T17:07:39.337Z - Time taken for 'total for creating and serializing project graph' 0.19533400004729629ms
[NX v21.3.0 Daemon Server] - 2025-07-21T17:07:39.340Z - Done responding to the client project-graph
[NX v21.3.0 Daemon Server] - 2025-07-21T17:07:39.340Z - Handled REQUEST_PROJECT_GRAPH. Handling time: 0. Response time: 5.
[NX v21.3.0 Daemon Server] - 2025-07-21T17:07:39.344Z - Established a connection. Number of open connections: 5
[NX v21.3.0 Daemon Server] - 2025-07-21T17:07:40.078Z - [WATCHER]: Processing file changes in outputs
[NX v21.3.0 Daemon Server] - 2025-07-21T17:07:49.016Z - [WATCHER]: Processing file changes in outputs
[NX v21.3.0 Daemon Server] - 2025-07-21T17:07:49.017Z - [WATCHER]: apps/new-panel/src/app/auth/auth.component.scss was modified
[NX v21.3.0 Daemon Server] - 2025-07-21T17:07:49.018Z - [REQUEST]: Responding to the client. File watch changed
[NX v21.3.0 Daemon Server] - 2025-07-21T17:07:49.018Z - Done responding to the client File watch changed
[NX v21.3.0 Daemon Server] - 2025-07-21T17:07:49.018Z - Handled FILE-WATCH-CHANGED. Handling time: 0. Response time: 0.
[NX v21.3.0 Daemon Server] - 2025-07-21T17:07:49.018Z - Time taken for 'changed-projects' 0.7349999999860302ms
[NX v21.3.0 Daemon Server] - 2025-07-21T17:07:49.121Z - [REQUEST]: Updated workspace context based on watched changes, recomputing project graph...
[NX v21.3.0 Daemon Server] - 2025-07-21T17:07:49.121Z - [REQUEST]: apps/new-panel/src/app/auth/auth.component.scss
[NX v21.3.0 Daemon Server] - 2025-07-21T17:07:49.121Z - [REQUEST]: 
[NX v21.3.0 Daemon Server] - 2025-07-21T17:07:49.125Z - Time taken for 'hash changed files from watcher' 2.402750000008382ms
Time for 'nx/core/package-json:createNodes' 3.3462920000310987
Time for 'nx/core/project-json:createNodes' 2.834499999997206
Time for 'nx/js/dependencies-and-lockfile:createNodes' 8.303958000033163
[NX v21.3.0 Daemon Server] - 2025-07-21T17:07:49.145Z - Time taken for 'build-project-configs' 15.500208000070415ms
Time for 'build typescript dependencies' 1.7748340000398457
[NX v21.3.0 Daemon Server] - 2025-07-21T17:07:49.177Z - Wrote project graph cache to /Users/mahdi.ketabdar/Developer/menno/monorepo/.nx/workspace-data/project-graph.json
[NX v21.3.0 Daemon Server] - 2025-07-21T17:07:49.177Z - [SYNC]: collect registered sync generators
[NX v21.3.0 Daemon Server] - 2025-07-21T17:07:49.177Z - [SYNC]: project graph hash is the same, not collecting task sync generators
[NX v21.3.0 Daemon Server] - 2025-07-21T17:07:49.177Z - [SYNC]: nx.json hash is the same, not collecting global sync generators
[NX v21.3.0 Daemon Server] - 2025-07-21T17:07:49.177Z - Time taken for 'total execution time for createProjectGraph()' 27.500790999969468ms
[NX v21.3.0 Daemon Server] - 2025-07-21T17:07:49.615Z - [WATCHER]: Processing file changes in outputs
[NX v21.3.0 Daemon Server] - 2025-07-21T17:07:50.099Z - Established a connection. Number of open connections: 6
[NX v21.3.0 Daemon Server] - 2025-07-21T17:07:50.099Z - Closed a connection. Number of open connections: 5
[NX v21.3.0 Daemon Server] - 2025-07-21T17:07:50.101Z - [REQUEST]: Client Request for Project Graph Received
[NX v21.3.0 Daemon Server] - 2025-07-21T17:07:50.102Z - Reusing in-memory cached project graph because no files changed.
[NX v21.3.0 Daemon Server] - 2025-07-21T17:07:50.102Z - [REQUEST]: Responding to the client. project-graph
[NX v21.3.0 Daemon Server] - 2025-07-21T17:07:50.106Z - Time taken for 'total for creating and serializing project graph' 0.5545419999398291ms
[NX v21.3.0 Daemon Server] - 2025-07-21T17:07:50.119Z - Done responding to the client project-graph
[NX v21.3.0 Daemon Server] - 2025-07-21T17:07:50.119Z - Handled REQUEST_PROJECT_GRAPH. Handling time: 1. Response time: 17.
[NX v21.3.0 Daemon Server] - 2025-07-21T17:07:50.149Z - [REQUEST]: Responding to the client. handleContextFileData
[NX v21.3.0 Daemon Server] - 2025-07-21T17:07:50.151Z - Done responding to the client handleContextFileData
[NX v21.3.0 Daemon Server] - 2025-07-21T17:07:50.151Z - Handled GET_CONTEXT_FILE_DATA. Handling time: 11. Response time: 2.
[NX v21.3.0 Daemon Server] - 2025-07-21T17:07:50.180Z - Closed a connection. Number of open connections: 4
[NX v21.3.0 Daemon Server] - 2025-07-21T17:07:50.721Z - Closed a connection. Number of open connections: 3
[NX v21.3.0 Daemon Server] - 2025-07-21T17:07:50.722Z - Established a connection. Number of open connections: 4
[NX v21.3.0 Daemon Server] - 2025-07-21T17:07:50.722Z - Established a connection. Number of open connections: 5
[NX v21.3.0 Daemon Server] - 2025-07-21T17:07:50.722Z - Closed a connection. Number of open connections: 4
[NX v21.3.0 Daemon Server] - 2025-07-21T17:07:50.723Z - [REQUEST]: Client Request for Project Graph Received
[NX v21.3.0 Daemon Server] - 2025-07-21T17:07:50.723Z - Reusing in-memory cached project graph because no files changed.
[NX v21.3.0 Daemon Server] - 2025-07-21T17:07:50.723Z - [REQUEST]: Responding to the client. project-graph
[NX v21.3.0 Daemon Server] - 2025-07-21T17:07:50.726Z - Time taken for 'total for creating and serializing project graph' 0.2026670000050217ms
[NX v21.3.0 Daemon Server] - 2025-07-21T17:07:50.728Z - Done responding to the client project-graph
[NX v21.3.0 Daemon Server] - 2025-07-21T17:07:50.728Z - Handled REQUEST_PROJECT_GRAPH. Handling time: 0. Response time: 5.
[NX v21.3.0 Daemon Server] - 2025-07-21T17:07:50.732Z - [REQUEST]: Client Request for Project Graph Received
[NX v21.3.0 Daemon Server] - 2025-07-21T17:07:50.733Z - Reusing in-memory cached project graph because no files changed.
[NX v21.3.0 Daemon Server] - 2025-07-21T17:07:50.733Z - [REQUEST]: Responding to the client. project-graph
[NX v21.3.0 Daemon Server] - 2025-07-21T17:07:50.736Z - Time taken for 'total for creating and serializing project graph' 0.14849999989382923ms
[NX v21.3.0 Daemon Server] - 2025-07-21T17:07:50.748Z - Done responding to the client project-graph
[NX v21.3.0 Daemon Server] - 2025-07-21T17:07:50.749Z - Handled REQUEST_PROJECT_GRAPH. Handling time: 1. Response time: 16.
[NX v21.3.0 Daemon Server] - 2025-07-21T17:07:50.754Z - Established a connection. Number of open connections: 5
[NX v21.3.0 Daemon Server] - 2025-07-21T17:07:51.073Z - [WATCHER]: Processing file changes in outputs
[NX v21.3.0 Daemon Server] - 2025-07-21T17:08:15.519Z - [WATCHER]: apps/new-panel/src/app/auth/auth.component.html was modified
[NX v21.3.0 Daemon Server] - 2025-07-21T17:08:15.520Z - [REQUEST]: Responding to the client. File watch changed
[NX v21.3.0 Daemon Server] - 2025-07-21T17:08:15.520Z - Done responding to the client File watch changed
[NX v21.3.0 Daemon Server] - 2025-07-21T17:08:15.520Z - Handled FILE-WATCH-CHANGED. Handling time: 0. Response time: 0.
[NX v21.3.0 Daemon Server] - 2025-07-21T17:08:15.520Z - [WATCHER]: Processing file changes in outputs
[NX v21.3.0 Daemon Server] - 2025-07-21T17:08:15.520Z - Time taken for 'changed-projects' 0.42695800005458295ms
[NX v21.3.0 Daemon Server] - 2025-07-21T17:08:15.623Z - [REQUEST]: Updated workspace context based on watched changes, recomputing project graph...
[NX v21.3.0 Daemon Server] - 2025-07-21T17:08:15.623Z - [REQUEST]: apps/new-panel/src/app/auth/auth.component.html
[NX v21.3.0 Daemon Server] - 2025-07-21T17:08:15.623Z - [REQUEST]: 
[NX v21.3.0 Daemon Server] - 2025-07-21T17:08:15.626Z - Time taken for 'hash changed files from watcher' 1.6189579999772832ms
Time for 'nx/core/package-json:createNodes' 1.8947080000070855
Time for 'nx/core/project-json:createNodes' 3.431374999927357
Time for 'nx/js/dependencies-and-lockfile:createNodes' 7.840333999949507
[NX v21.3.0 Daemon Server] - 2025-07-21T17:08:15.646Z - Time taken for 'build-project-configs' 15.039250000030734ms
Time for 'build typescript dependencies' 3.4021249999059364
[NX v21.3.0 Daemon Server] - 2025-07-21T17:08:15.678Z - Wrote project graph cache to /Users/mahdi.ketabdar/Developer/menno/monorepo/.nx/workspace-data/project-graph.json
[NX v21.3.0 Daemon Server] - 2025-07-21T17:08:15.678Z - [SYNC]: collect registered sync generators
[NX v21.3.0 Daemon Server] - 2025-07-21T17:08:15.678Z - [SYNC]: project graph hash is the same, not collecting task sync generators
[NX v21.3.0 Daemon Server] - 2025-07-21T17:08:15.678Z - [SYNC]: nx.json hash is the same, not collecting global sync generators
[NX v21.3.0 Daemon Server] - 2025-07-21T17:08:15.678Z - Time taken for 'total execution time for createProjectGraph()' 29.04625000001397ms
[NX v21.3.0 Daemon Server] - 2025-07-21T17:08:16.228Z - [WATCHER]: Processing file changes in outputs
[NX v21.3.0 Daemon Server] - 2025-07-21T17:08:16.524Z - Established a connection. Number of open connections: 6
[NX v21.3.0 Daemon Server] - 2025-07-21T17:08:16.525Z - [REQUEST]: Client Request for Project Graph Received
[NX v21.3.0 Daemon Server] - 2025-07-21T17:08:16.526Z - Reusing in-memory cached project graph because no files changed.
[NX v21.3.0 Daemon Server] - 2025-07-21T17:08:16.526Z - [REQUEST]: Responding to the client. project-graph
[NX v21.3.0 Daemon Server] - 2025-07-21T17:08:16.528Z - Time taken for 'total for creating and serializing project graph' 0.8457920000655577ms
[NX v21.3.0 Daemon Server] - 2025-07-21T17:08:16.529Z - Closed a connection. Number of open connections: 5
[NX v21.3.0 Daemon Server] - 2025-07-21T17:08:16.533Z - Done responding to the client project-graph
[NX v21.3.0 Daemon Server] - 2025-07-21T17:08:16.533Z - Handled REQUEST_PROJECT_GRAPH. Handling time: 1. Response time: 7.
[NX v21.3.0 Daemon Server] - 2025-07-21T17:08:16.546Z - [REQUEST]: Responding to the client. handleContextFileData
[NX v21.3.0 Daemon Server] - 2025-07-21T17:08:16.547Z - Done responding to the client handleContextFileData
[NX v21.3.0 Daemon Server] - 2025-07-21T17:08:16.547Z - Handled GET_CONTEXT_FILE_DATA. Handling time: 2. Response time: 1.
[NX v21.3.0 Daemon Server] - 2025-07-21T17:08:16.550Z - Closed a connection. Number of open connections: 4
[NX v21.3.0 Daemon Server] - 2025-07-21T17:08:17.095Z - Closed a connection. Number of open connections: 3
[NX v21.3.0 Daemon Server] - 2025-07-21T17:08:17.127Z - Established a connection. Number of open connections: 4
[NX v21.3.0 Daemon Server] - 2025-07-21T17:08:17.127Z - Established a connection. Number of open connections: 5
[NX v21.3.0 Daemon Server] - 2025-07-21T17:08:17.127Z - Closed a connection. Number of open connections: 4
[NX v21.3.0 Daemon Server] - 2025-07-21T17:08:17.128Z - [REQUEST]: Client Request for Project Graph Received
[NX v21.3.0 Daemon Server] - 2025-07-21T17:08:17.128Z - Reusing in-memory cached project graph because no files changed.
[NX v21.3.0 Daemon Server] - 2025-07-21T17:08:17.129Z - [REQUEST]: Responding to the client. project-graph
[NX v21.3.0 Daemon Server] - 2025-07-21T17:08:17.143Z - Time taken for 'total for creating and serializing project graph' 0.489166000043042ms
[NX v21.3.0 Daemon Server] - 2025-07-21T17:08:17.146Z - Done responding to the client project-graph
[NX v21.3.0 Daemon Server] - 2025-07-21T17:08:17.147Z - Handled REQUEST_PROJECT_GRAPH. Handling time: 1. Response time: 18.
[NX v21.3.0 Daemon Server] - 2025-07-21T17:08:17.157Z - [REQUEST]: Client Request for Project Graph Received
[NX v21.3.0 Daemon Server] - 2025-07-21T17:08:17.157Z - Reusing in-memory cached project graph because no files changed.
[NX v21.3.0 Daemon Server] - 2025-07-21T17:08:17.157Z - [REQUEST]: Responding to the client. project-graph
[NX v21.3.0 Daemon Server] - 2025-07-21T17:08:17.160Z - Time taken for 'total for creating and serializing project graph' 0.21454200008884072ms
[NX v21.3.0 Daemon Server] - 2025-07-21T17:08:17.164Z - Done responding to the client project-graph
[NX v21.3.0 Daemon Server] - 2025-07-21T17:08:17.165Z - Handled REQUEST_PROJECT_GRAPH. Handling time: 0. Response time: 8.
[NX v21.3.0 Daemon Server] - 2025-07-21T17:08:17.169Z - Established a connection. Number of open connections: 5
[NX v21.3.0 Daemon Server] - 2025-07-21T17:08:17.719Z - [WATCHER]: Processing file changes in outputs
[NX v21.3.0 Daemon Server] - 2025-07-21T17:08:37.505Z - [WATCHER]: apps/new-panel/public/i18n/fa.json was modified
[NX v21.3.0 Daemon Server] - 2025-07-21T17:08:37.506Z - [REQUEST]: Responding to the client. File watch changed
[NX v21.3.0 Daemon Server] - 2025-07-21T17:08:37.507Z - Done responding to the client File watch changed
[NX v21.3.0 Daemon Server] - 2025-07-21T17:08:37.507Z - Handled FILE-WATCH-CHANGED. Handling time: 0. Response time: 1.
[NX v21.3.0 Daemon Server] - 2025-07-21T17:08:37.507Z - [WATCHER]: Processing file changes in outputs
[NX v21.3.0 Daemon Server] - 2025-07-21T17:08:37.507Z - Time taken for 'changed-projects' 0.34254099999088794ms
[NX v21.3.0 Daemon Server] - 2025-07-21T17:08:37.608Z - [REQUEST]: Updated workspace context based on watched changes, recomputing project graph...
[NX v21.3.0 Daemon Server] - 2025-07-21T17:08:37.608Z - [REQUEST]: apps/new-panel/public/i18n/fa.json
[NX v21.3.0 Daemon Server] - 2025-07-21T17:08:37.608Z - [REQUEST]: 
[NX v21.3.0 Daemon Server] - 2025-07-21T17:08:37.612Z - Time taken for 'hash changed files from watcher' 1.6242499999934807ms
Time for 'nx/core/package-json:createNodes' 2.3859999999403954
Time for 'nx/core/project-json:createNodes' 2.8929169999901205
Time for 'nx/js/dependencies-and-lockfile:createNodes' 8.53783399995882
[NX v21.3.0 Daemon Server] - 2025-07-21T17:08:37.634Z - Time taken for 'build-project-configs' 17.192791999899782ms
Time for 'build typescript dependencies' 2.105541000026278
[NX v21.3.0 Daemon Server] - 2025-07-21T17:08:37.663Z - Wrote project graph cache to /Users/mahdi.ketabdar/Developer/menno/monorepo/.nx/workspace-data/project-graph.json
[NX v21.3.0 Daemon Server] - 2025-07-21T17:08:37.664Z - [SYNC]: collect registered sync generators
[NX v21.3.0 Daemon Server] - 2025-07-21T17:08:37.664Z - [SYNC]: project graph hash is the same, not collecting task sync generators
[NX v21.3.0 Daemon Server] - 2025-07-21T17:08:37.664Z - [SYNC]: nx.json hash is the same, not collecting global sync generators
[NX v21.3.0 Daemon Server] - 2025-07-21T17:08:37.664Z - Time taken for 'total execution time for createProjectGraph()' 26.17704199999571ms
[NX v21.3.0 Daemon Server] - 2025-07-21T17:08:38.512Z - Established a connection. Number of open connections: 6
[NX v21.3.0 Daemon Server] - 2025-07-21T17:08:38.513Z - [REQUEST]: Client Request for Project Graph Received
[NX v21.3.0 Daemon Server] - 2025-07-21T17:08:38.513Z - Reusing in-memory cached project graph because no files changed.
[NX v21.3.0 Daemon Server] - 2025-07-21T17:08:38.513Z - [REQUEST]: Responding to the client. project-graph
[NX v21.3.0 Daemon Server] - 2025-07-21T17:08:38.517Z - Time taken for 'total for creating and serializing project graph' 0.32466599997133017ms
[NX v21.3.0 Daemon Server] - 2025-07-21T17:08:38.517Z - Closed a connection. Number of open connections: 5
[NX v21.3.0 Daemon Server] - 2025-07-21T17:08:38.519Z - Done responding to the client project-graph
[NX v21.3.0 Daemon Server] - 2025-07-21T17:08:38.519Z - Handled REQUEST_PROJECT_GRAPH. Handling time: 0. Response time: 6.
[NX v21.3.0 Daemon Server] - 2025-07-21T17:08:38.529Z - [REQUEST]: Responding to the client. handleContextFileData
[NX v21.3.0 Daemon Server] - 2025-07-21T17:08:38.529Z - Done responding to the client handleContextFileData
[NX v21.3.0 Daemon Server] - 2025-07-21T17:08:38.529Z - Handled GET_CONTEXT_FILE_DATA. Handling time: 4. Response time: 0.
[NX v21.3.0 Daemon Server] - 2025-07-21T17:08:38.533Z - Closed a connection. Number of open connections: 4
[NX v21.3.0 Daemon Server] - 2025-07-21T17:08:38.778Z - Closed a connection. Number of open connections: 3
[NX v21.3.0 Daemon Server] - 2025-07-21T17:08:38.780Z - Established a connection. Number of open connections: 4
[NX v21.3.0 Daemon Server] - 2025-07-21T17:08:38.780Z - Established a connection. Number of open connections: 5
[NX v21.3.0 Daemon Server] - 2025-07-21T17:08:38.780Z - Closed a connection. Number of open connections: 4
[NX v21.3.0 Daemon Server] - 2025-07-21T17:08:38.781Z - [REQUEST]: Client Request for Project Graph Received
[NX v21.3.0 Daemon Server] - 2025-07-21T17:08:38.781Z - Reusing in-memory cached project graph because no files changed.
[NX v21.3.0 Daemon Server] - 2025-07-21T17:08:38.781Z - [REQUEST]: Responding to the client. project-graph
[NX v21.3.0 Daemon Server] - 2025-07-21T17:08:38.782Z - Time taken for 'total for creating and serializing project graph' 0.09933300002012402ms
[NX v21.3.0 Daemon Server] - 2025-07-21T17:08:38.783Z - Done responding to the client project-graph
[NX v21.3.0 Daemon Server] - 2025-07-21T17:08:38.783Z - Handled REQUEST_PROJECT_GRAPH. Handling time: 0. Response time: 2.
[NX v21.3.0 Daemon Server] - 2025-07-21T17:08:38.786Z - [REQUEST]: Client Request for Project Graph Received
[NX v21.3.0 Daemon Server] - 2025-07-21T17:08:38.786Z - Reusing in-memory cached project graph because no files changed.
[NX v21.3.0 Daemon Server] - 2025-07-21T17:08:38.786Z - [REQUEST]: Responding to the client. project-graph
[NX v21.3.0 Daemon Server] - 2025-07-21T17:08:38.787Z - Time taken for 'total for creating and serializing project graph' 0.08333300007507205ms
[NX v21.3.0 Daemon Server] - 2025-07-21T17:08:38.788Z - Done responding to the client project-graph
[NX v21.3.0 Daemon Server] - 2025-07-21T17:08:38.788Z - Handled REQUEST_PROJECT_GRAPH. Handling time: 0. Response time: 2.
[NX v21.3.0 Daemon Server] - 2025-07-21T17:08:38.790Z - Established a connection. Number of open connections: 5
[NX v21.3.0 Daemon Server] - 2025-07-21T17:08:50.469Z - [WATCHER]: apps/new-panel/src/app/auth/auth.component.html was modified
[NX v21.3.0 Daemon Server] - 2025-07-21T17:08:50.470Z - [REQUEST]: Responding to the client. File watch changed
[NX v21.3.0 Daemon Server] - 2025-07-21T17:08:50.470Z - Done responding to the client File watch changed
[NX v21.3.0 Daemon Server] - 2025-07-21T17:08:50.470Z - Handled FILE-WATCH-CHANGED. Handling time: 0. Response time: 0.
[NX v21.3.0 Daemon Server] - 2025-07-21T17:08:50.470Z - [WATCHER]: Processing file changes in outputs
[NX v21.3.0 Daemon Server] - 2025-07-21T17:08:50.470Z - Time taken for 'changed-projects' 0.37316700001247227ms
[NX v21.3.0 Daemon Server] - 2025-07-21T17:08:50.572Z - [REQUEST]: Updated workspace context based on watched changes, recomputing project graph...
[NX v21.3.0 Daemon Server] - 2025-07-21T17:08:50.572Z - [REQUEST]: apps/new-panel/src/app/auth/auth.component.html
[NX v21.3.0 Daemon Server] - 2025-07-21T17:08:50.572Z - [REQUEST]: 
[NX v21.3.0 Daemon Server] - 2025-07-21T17:08:50.575Z - Time taken for 'hash changed files from watcher' 2.103917000000365ms
Time for 'nx/core/package-json:createNodes' 3.40991699998267
Time for 'nx/core/project-json:createNodes' 3.6785829999716952
Time for 'nx/js/dependencies-and-lockfile:createNodes' 9.65887499996461
[NX v21.3.0 Daemon Server] - 2025-07-21T17:08:50.601Z - Time taken for 'build-project-configs' 20.008249999955297ms
Time for 'build typescript dependencies' 4.157625000108965
[NX v21.3.0 Daemon Server] - 2025-07-21T17:08:50.634Z - Wrote project graph cache to /Users/mahdi.ketabdar/Developer/menno/monorepo/.nx/workspace-data/project-graph.json
[NX v21.3.0 Daemon Server] - 2025-07-21T17:08:50.634Z - [SYNC]: collect registered sync generators
[NX v21.3.0 Daemon Server] - 2025-07-21T17:08:50.634Z - [SYNC]: project graph hash is the same, not collecting task sync generators
[NX v21.3.0 Daemon Server] - 2025-07-21T17:08:50.634Z - [SYNC]: nx.json hash is the same, not collecting global sync generators
[NX v21.3.0 Daemon Server] - 2025-07-21T17:08:50.634Z - Time taken for 'total execution time for createProjectGraph()' 28.611832999973558ms
[NX v21.3.0 Daemon Server] - 2025-07-21T17:08:51.197Z - [WATCHER]: Processing file changes in outputs
[NX v21.3.0 Daemon Server] - 2025-07-21T17:08:51.477Z - Established a connection. Number of open connections: 6
[NX v21.3.0 Daemon Server] - 2025-07-21T17:08:51.478Z - [REQUEST]: Client Request for Project Graph Received
[NX v21.3.0 Daemon Server] - 2025-07-21T17:08:51.478Z - Reusing in-memory cached project graph because no files changed.
[NX v21.3.0 Daemon Server] - 2025-07-21T17:08:51.478Z - [REQUEST]: Responding to the client. project-graph
[NX v21.3.0 Daemon Server] - 2025-07-21T17:08:51.482Z - Time taken for 'total for creating and serializing project graph' 0.31070899998303503ms
[NX v21.3.0 Daemon Server] - 2025-07-21T17:08:51.482Z - Closed a connection. Number of open connections: 5
[NX v21.3.0 Daemon Server] - 2025-07-21T17:08:51.485Z - Done responding to the client project-graph
[NX v21.3.0 Daemon Server] - 2025-07-21T17:08:51.485Z - Handled REQUEST_PROJECT_GRAPH. Handling time: 0. Response time: 7.
[NX v21.3.0 Daemon Server] - 2025-07-21T17:08:51.493Z - [REQUEST]: Responding to the client. handleContextFileData
[NX v21.3.0 Daemon Server] - 2025-07-21T17:08:51.494Z - Done responding to the client handleContextFileData
[NX v21.3.0 Daemon Server] - 2025-07-21T17:08:51.494Z - Handled GET_CONTEXT_FILE_DATA. Handling time: 3. Response time: 1.
[NX v21.3.0 Daemon Server] - 2025-07-21T17:08:51.497Z - Closed a connection. Number of open connections: 4
[NX v21.3.0 Daemon Server] - 2025-07-21T17:08:51.758Z - Closed a connection. Number of open connections: 3
[NX v21.3.0 Daemon Server] - 2025-07-21T17:08:51.763Z - Established a connection. Number of open connections: 4
[NX v21.3.0 Daemon Server] - 2025-07-21T17:08:51.763Z - Established a connection. Number of open connections: 5
[NX v21.3.0 Daemon Server] - 2025-07-21T17:08:51.763Z - Closed a connection. Number of open connections: 4
[NX v21.3.0 Daemon Server] - 2025-07-21T17:08:51.764Z - [REQUEST]: Client Request for Project Graph Received
[NX v21.3.0 Daemon Server] - 2025-07-21T17:08:51.764Z - Reusing in-memory cached project graph because no files changed.
[NX v21.3.0 Daemon Server] - 2025-07-21T17:08:51.764Z - [REQUEST]: Responding to the client. project-graph
[NX v21.3.0 Daemon Server] - 2025-07-21T17:08:51.765Z - Time taken for 'total for creating and serializing project graph' 0.10691600001882762ms
[NX v21.3.0 Daemon Server] - 2025-07-21T17:08:51.767Z - Done responding to the client project-graph
[NX v21.3.0 Daemon Server] - 2025-07-21T17:08:51.767Z - Handled REQUEST_PROJECT_GRAPH. Handling time: 0. Response time: 3.
[NX v21.3.0 Daemon Server] - 2025-07-21T17:08:51.773Z - [REQUEST]: Client Request for Project Graph Received
[NX v21.3.0 Daemon Server] - 2025-07-21T17:08:51.773Z - Reusing in-memory cached project graph because no files changed.
[NX v21.3.0 Daemon Server] - 2025-07-21T17:08:51.773Z - [REQUEST]: Responding to the client. project-graph
[NX v21.3.0 Daemon Server] - 2025-07-21T17:08:51.776Z - Time taken for 'total for creating and serializing project graph' 0.4052079999819398ms
[NX v21.3.0 Daemon Server] - 2025-07-21T17:08:51.779Z - Done responding to the client project-graph
[NX v21.3.0 Daemon Server] - 2025-07-21T17:08:51.779Z - Handled REQUEST_PROJECT_GRAPH. Handling time: 0. Response time: 6.
[NX v21.3.0 Daemon Server] - 2025-07-21T17:08:51.785Z - Established a connection. Number of open connections: 5
[NX v21.3.0 Daemon Server] - 2025-07-21T17:08:52.620Z - [WATCHER]: Processing file changes in outputs
[NX v21.3.0 Daemon Server] - 2025-07-21T17:09:05.703Z - [WATCHER]: apps/new-panel/src/app/auth/auth.component.html was modified
[NX v21.3.0 Daemon Server] - 2025-07-21T17:09:05.705Z - [REQUEST]: Responding to the client. File watch changed
[NX v21.3.0 Daemon Server] - 2025-07-21T17:09:05.705Z - Done responding to the client File watch changed
[NX v21.3.0 Daemon Server] - 2025-07-21T17:09:05.705Z - Handled FILE-WATCH-CHANGED. Handling time: 0. Response time: 0.
[NX v21.3.0 Daemon Server] - 2025-07-21T17:09:05.705Z - [WATCHER]: Processing file changes in outputs
[NX v21.3.0 Daemon Server] - 2025-07-21T17:09:05.705Z - Time taken for 'changed-projects' 0.9052919999230653ms
[NX v21.3.0 Daemon Server] - 2025-07-21T17:09:05.807Z - [REQUEST]: Updated workspace context based on watched changes, recomputing project graph...
[NX v21.3.0 Daemon Server] - 2025-07-21T17:09:05.807Z - [REQUEST]: apps/new-panel/src/app/auth/auth.component.html
[NX v21.3.0 Daemon Server] - 2025-07-21T17:09:05.807Z - [REQUEST]: 
[NX v21.3.0 Daemon Server] - 2025-07-21T17:09:05.810Z - Time taken for 'hash changed files from watcher' 1.9032080000033602ms
Time for 'nx/core/package-json:createNodes' 2.1354580000042915
Time for 'nx/core/project-json:createNodes' 2.3606250000884756
Time for 'nx/js/dependencies-and-lockfile:createNodes' 8.87333299999591
[NX v21.3.0 Daemon Server] - 2025-07-21T17:09:05.833Z - Time taken for 'build-project-configs' 17.60700000007637ms
Time for 'build typescript dependencies' 1.846625000005588
[NX v21.3.0 Daemon Server] - 2025-07-21T17:09:05.871Z - Wrote project graph cache to /Users/mahdi.ketabdar/Developer/menno/monorepo/.nx/workspace-data/project-graph.json
[NX v21.3.0 Daemon Server] - 2025-07-21T17:09:05.871Z - [SYNC]: collect registered sync generators
[NX v21.3.0 Daemon Server] - 2025-07-21T17:09:05.871Z - [SYNC]: project graph hash is the same, not collecting task sync generators
[NX v21.3.0 Daemon Server] - 2025-07-21T17:09:05.871Z - [SYNC]: nx.json hash is the same, not collecting global sync generators
[NX v21.3.0 Daemon Server] - 2025-07-21T17:09:05.871Z - Time taken for 'total execution time for createProjectGraph()' 31.226874999934807ms
[NX v21.3.0 Daemon Server] - 2025-07-21T17:09:06.159Z - [WATCHER]: Processing file changes in outputs
[NX v21.3.0 Daemon Server] - 2025-07-21T17:09:06.711Z - Established a connection. Number of open connections: 6
[NX v21.3.0 Daemon Server] - 2025-07-21T17:09:06.712Z - [REQUEST]: Client Request for Project Graph Received
[NX v21.3.0 Daemon Server] - 2025-07-21T17:09:06.712Z - Reusing in-memory cached project graph because no files changed.
[NX v21.3.0 Daemon Server] - 2025-07-21T17:09:06.712Z - [REQUEST]: Responding to the client. project-graph
[NX v21.3.0 Daemon Server] - 2025-07-21T17:09:06.716Z - Time taken for 'total for creating and serializing project graph' 0.34774999995715916ms
[NX v21.3.0 Daemon Server] - 2025-07-21T17:09:06.716Z - Closed a connection. Number of open connections: 5
[NX v21.3.0 Daemon Server] - 2025-07-21T17:09:06.719Z - Done responding to the client project-graph
[NX v21.3.0 Daemon Server] - 2025-07-21T17:09:06.719Z - Handled REQUEST_PROJECT_GRAPH. Handling time: 0. Response time: 7.
[NX v21.3.0 Daemon Server] - 2025-07-21T17:09:06.726Z - [REQUEST]: Responding to the client. handleContextFileData
[NX v21.3.0 Daemon Server] - 2025-07-21T17:09:06.727Z - Done responding to the client handleContextFileData
[NX v21.3.0 Daemon Server] - 2025-07-21T17:09:06.727Z - Handled GET_CONTEXT_FILE_DATA. Handling time: 2. Response time: 1.
[NX v21.3.0 Daemon Server] - 2025-07-21T17:09:06.730Z - Closed a connection. Number of open connections: 4
[NX v21.3.0 Daemon Server] - 2025-07-21T17:09:06.944Z - Closed a connection. Number of open connections: 3
[NX v21.3.0 Daemon Server] - 2025-07-21T17:09:06.946Z - Established a connection. Number of open connections: 4
[NX v21.3.0 Daemon Server] - 2025-07-21T17:09:06.946Z - Established a connection. Number of open connections: 5
[NX v21.3.0 Daemon Server] - 2025-07-21T17:09:06.946Z - Closed a connection. Number of open connections: 4
[NX v21.3.0 Daemon Server] - 2025-07-21T17:09:06.947Z - [REQUEST]: Client Request for Project Graph Received
[NX v21.3.0 Daemon Server] - 2025-07-21T17:09:06.947Z - Reusing in-memory cached project graph because no files changed.
[NX v21.3.0 Daemon Server] - 2025-07-21T17:09:06.947Z - [REQUEST]: Responding to the client. project-graph
[NX v21.3.0 Daemon Server] - 2025-07-21T17:09:06.948Z - Time taken for 'total for creating and serializing project graph' 0.09004200005438179ms
[NX v21.3.0 Daemon Server] - 2025-07-21T17:09:06.949Z - Done responding to the client project-graph
[NX v21.3.0 Daemon Server] - 2025-07-21T17:09:06.949Z - Handled REQUEST_PROJECT_GRAPH. Handling time: 0. Response time: 2.
[NX v21.3.0 Daemon Server] - 2025-07-21T17:09:06.952Z - [REQUEST]: Client Request for Project Graph Received
[NX v21.3.0 Daemon Server] - 2025-07-21T17:09:06.952Z - Reusing in-memory cached project graph because no files changed.
[NX v21.3.0 Daemon Server] - 2025-07-21T17:09:06.952Z - [REQUEST]: Responding to the client. project-graph
[NX v21.3.0 Daemon Server] - 2025-07-21T17:09:06.954Z - Time taken for 'total for creating and serializing project graph' 0.07099999999627471ms
[NX v21.3.0 Daemon Server] - 2025-07-21T17:09:06.955Z - Done responding to the client project-graph
[NX v21.3.0 Daemon Server] - 2025-07-21T17:09:06.955Z - Handled REQUEST_PROJECT_GRAPH. Handling time: 0. Response time: 3.
[NX v21.3.0 Daemon Server] - 2025-07-21T17:09:06.957Z - Established a connection. Number of open connections: 5
[NX v21.3.0 Daemon Server] - 2025-07-21T17:09:07.671Z - [WATCHER]: Processing file changes in outputs
[NX v21.3.0 Daemon Server] - 2025-07-21T17:09:17.142Z - [WATCHER]: apps/new-panel/src/app/auth/auth.component.html was modified
[NX v21.3.0 Daemon Server] - 2025-07-21T17:09:17.143Z - [REQUEST]: Responding to the client. File watch changed
[NX v21.3.0 Daemon Server] - 2025-07-21T17:09:17.144Z - Done responding to the client File watch changed
[NX v21.3.0 Daemon Server] - 2025-07-21T17:09:17.144Z - Handled FILE-WATCH-CHANGED. Handling time: 0. Response time: 1.
[NX v21.3.0 Daemon Server] - 2025-07-21T17:09:17.144Z - [WATCHER]: Processing file changes in outputs
[NX v21.3.0 Daemon Server] - 2025-07-21T17:09:17.144Z - Time taken for 'changed-projects' 0.6547080000163987ms
[NX v21.3.0 Daemon Server] - 2025-07-21T17:09:17.246Z - [REQUEST]: Updated workspace context based on watched changes, recomputing project graph...
[NX v21.3.0 Daemon Server] - 2025-07-21T17:09:17.246Z - [REQUEST]: apps/new-panel/src/app/auth/auth.component.html
[NX v21.3.0 Daemon Server] - 2025-07-21T17:09:17.246Z - [REQUEST]: 
[NX v21.3.0 Daemon Server] - 2025-07-21T17:09:17.248Z - Time taken for 'hash changed files from watcher' 1.8195420000702143ms
Time for 'nx/core/package-json:createNodes' 2.303334000054747
Time for 'nx/core/project-json:createNodes' 2.251166000030935
Time for 'nx/js/dependencies-and-lockfile:createNodes' 10.16787500004284
[NX v21.3.0 Daemon Server] - 2025-07-21T17:09:17.278Z - Time taken for 'build-project-configs' 21.28220799996052ms
Time for 'build typescript dependencies' 5.274291999987327
[NX v21.3.0 Daemon Server] - 2025-07-21T17:09:17.312Z - Wrote project graph cache to /Users/mahdi.ketabdar/Developer/menno/monorepo/.nx/workspace-data/project-graph.json
[NX v21.3.0 Daemon Server] - 2025-07-21T17:09:17.312Z - [SYNC]: collect registered sync generators
[NX v21.3.0 Daemon Server] - 2025-07-21T17:09:17.312Z - [SYNC]: project graph hash is the same, not collecting task sync generators
[NX v21.3.0 Daemon Server] - 2025-07-21T17:09:17.312Z - [SYNC]: nx.json hash is the same, not collecting global sync generators
[NX v21.3.0 Daemon Server] - 2025-07-21T17:09:17.312Z - Time taken for 'total execution time for createProjectGraph()' 33.2361249999376ms
[NX v21.3.0 Daemon Server] - 2025-07-21T17:09:17.590Z - [WATCHER]: Processing file changes in outputs
[NX v21.3.0 Daemon Server] - 2025-07-21T17:09:18.155Z - Established a connection. Number of open connections: 6
[NX v21.3.0 Daemon Server] - 2025-07-21T17:09:18.156Z - [REQUEST]: Client Request for Project Graph Received
[NX v21.3.0 Daemon Server] - 2025-07-21T17:09:18.156Z - Reusing in-memory cached project graph because no files changed.
[NX v21.3.0 Daemon Server] - 2025-07-21T17:09:18.156Z - [REQUEST]: Responding to the client. project-graph
[NX v21.3.0 Daemon Server] - 2025-07-21T17:09:18.160Z - Time taken for 'total for creating and serializing project graph' 0.30470899993088096ms
[NX v21.3.0 Daemon Server] - 2025-07-21T17:09:18.160Z - Closed a connection. Number of open connections: 5
[NX v21.3.0 Daemon Server] - 2025-07-21T17:09:18.164Z - Done responding to the client project-graph
[NX v21.3.0 Daemon Server] - 2025-07-21T17:09:18.164Z - Handled REQUEST_PROJECT_GRAPH. Handling time: 0. Response time: 8.
[NX v21.3.0 Daemon Server] - 2025-07-21T17:09:18.188Z - [REQUEST]: Responding to the client. handleContextFileData
[NX v21.3.0 Daemon Server] - 2025-07-21T17:09:18.190Z - Done responding to the client handleContextFileData
[NX v21.3.0 Daemon Server] - 2025-07-21T17:09:18.190Z - Handled GET_CONTEXT_FILE_DATA. Handling time: 11. Response time: 2.
[NX v21.3.0 Daemon Server] - 2025-07-21T17:09:18.193Z - Closed a connection. Number of open connections: 4
[NX v21.3.0 Daemon Server] - 2025-07-21T17:09:18.458Z - Closed a connection. Number of open connections: 3
[NX v21.3.0 Daemon Server] - 2025-07-21T17:09:18.461Z - Established a connection. Number of open connections: 4
[NX v21.3.0 Daemon Server] - 2025-07-21T17:09:18.461Z - Established a connection. Number of open connections: 5
[NX v21.3.0 Daemon Server] - 2025-07-21T17:09:18.461Z - Closed a connection. Number of open connections: 4
[NX v21.3.0 Daemon Server] - 2025-07-21T17:09:18.461Z - [REQUEST]: Client Request for Project Graph Received
[NX v21.3.0 Daemon Server] - 2025-07-21T17:09:18.461Z - Reusing in-memory cached project graph because no files changed.
[NX v21.3.0 Daemon Server] - 2025-07-21T17:09:18.461Z - [REQUEST]: Responding to the client. project-graph
[NX v21.3.0 Daemon Server] - 2025-07-21T17:09:18.463Z - Time taken for 'total for creating and serializing project graph' 0.10058300010859966ms
[NX v21.3.0 Daemon Server] - 2025-07-21T17:09:18.464Z - Done responding to the client project-graph
[NX v21.3.0 Daemon Server] - 2025-07-21T17:09:18.464Z - Handled REQUEST_PROJECT_GRAPH. Handling time: 0. Response time: 3.
[NX v21.3.0 Daemon Server] - 2025-07-21T17:09:18.467Z - [REQUEST]: Client Request for Project Graph Received
[NX v21.3.0 Daemon Server] - 2025-07-21T17:09:18.467Z - Reusing in-memory cached project graph because no files changed.
[NX v21.3.0 Daemon Server] - 2025-07-21T17:09:18.467Z - [REQUEST]: Responding to the client. project-graph
[NX v21.3.0 Daemon Server] - 2025-07-21T17:09:18.469Z - Time taken for 'total for creating and serializing project graph' 0.10679099999833852ms
[NX v21.3.0 Daemon Server] - 2025-07-21T17:09:18.470Z - Done responding to the client project-graph
[NX v21.3.0 Daemon Server] - 2025-07-21T17:09:18.470Z - Handled REQUEST_PROJECT_GRAPH. Handling time: 0. Response time: 3.
[NX v21.3.0 Daemon Server] - 2025-07-21T17:09:18.473Z - Established a connection. Number of open connections: 5
[NX v21.3.0 Daemon Server] - 2025-07-21T17:09:19.103Z - [WATCHER]: Processing file changes in outputs
[NX v21.3.0 Daemon Server] - 2025-07-21T17:09:28.177Z - [WATCHER]: apps/new-panel/src/app/auth/auth.component.scss was modified
[NX v21.3.0 Daemon Server] - 2025-07-21T17:09:28.178Z - [REQUEST]: Responding to the client. File watch changed
[NX v21.3.0 Daemon Server] - 2025-07-21T17:09:28.178Z - Done responding to the client File watch changed
[NX v21.3.0 Daemon Server] - 2025-07-21T17:09:28.178Z - Handled FILE-WATCH-CHANGED. Handling time: 0. Response time: 0.
[NX v21.3.0 Daemon Server] - 2025-07-21T17:09:28.178Z - [WATCHER]: Processing file changes in outputs
[NX v21.3.0 Daemon Server] - 2025-07-21T17:09:28.178Z - Time taken for 'changed-projects' 0.3748749999795109ms
[NX v21.3.0 Daemon Server] - 2025-07-21T17:09:28.281Z - [REQUEST]: Updated workspace context based on watched changes, recomputing project graph...
[NX v21.3.0 Daemon Server] - 2025-07-21T17:09:28.281Z - [REQUEST]: apps/new-panel/src/app/auth/auth.component.scss
[NX v21.3.0 Daemon Server] - 2025-07-21T17:09:28.281Z - [REQUEST]: 
[NX v21.3.0 Daemon Server] - 2025-07-21T17:09:28.284Z - Time taken for 'hash changed files from watcher' 2.265917000011541ms
Time for 'nx/core/package-json:createNodes' 1.1867499999934807
Time for 'nx/core/project-json:createNodes' 3.6261670000385493
Time for 'nx/js/dependencies-and-lockfile:createNodes' 6.227083000005223
[NX v21.3.0 Daemon Server] - 2025-07-21T17:09:28.306Z - Time taken for 'build-project-configs' 15.513915999908932ms
Time for 'build typescript dependencies' 3.5517919999547303
[NX v21.3.0 Daemon Server] - 2025-07-21T17:09:28.337Z - Wrote project graph cache to /Users/mahdi.ketabdar/Developer/menno/monorepo/.nx/workspace-data/project-graph.json
[NX v21.3.0 Daemon Server] - 2025-07-21T17:09:28.337Z - [SYNC]: collect registered sync generators
[NX v21.3.0 Daemon Server] - 2025-07-21T17:09:28.338Z - [SYNC]: project graph hash is the same, not collecting task sync generators
[NX v21.3.0 Daemon Server] - 2025-07-21T17:09:28.338Z - [SYNC]: nx.json hash is the same, not collecting global sync generators
[NX v21.3.0 Daemon Server] - 2025-07-21T17:09:28.338Z - Time taken for 'total execution time for createProjectGraph()' 28.55054199998267ms
[NX v21.3.0 Daemon Server] - 2025-07-21T17:09:28.702Z - [WATCHER]: Processing file changes in outputs
[NX v21.3.0 Daemon Server] - 2025-07-21T17:09:29.186Z - Established a connection. Number of open connections: 6
[NX v21.3.0 Daemon Server] - 2025-07-21T17:09:29.187Z - [REQUEST]: Client Request for Project Graph Received
[NX v21.3.0 Daemon Server] - 2025-07-21T17:09:29.187Z - Reusing in-memory cached project graph because no files changed.
[NX v21.3.0 Daemon Server] - 2025-07-21T17:09:29.187Z - [REQUEST]: Responding to the client. project-graph
[NX v21.3.0 Daemon Server] - 2025-07-21T17:09:29.191Z - Time taken for 'total for creating and serializing project graph' 0.3165830000070855ms
[NX v21.3.0 Daemon Server] - 2025-07-21T17:09:29.192Z - Closed a connection. Number of open connections: 5
[NX v21.3.0 Daemon Server] - 2025-07-21T17:09:29.194Z - Done responding to the client project-graph
[NX v21.3.0 Daemon Server] - 2025-07-21T17:09:29.194Z - Handled REQUEST_PROJECT_GRAPH. Handling time: 0. Response time: 7.
[NX v21.3.0 Daemon Server] - 2025-07-21T17:09:29.201Z - [REQUEST]: Responding to the client. handleContextFileData
[NX v21.3.0 Daemon Server] - 2025-07-21T17:09:29.202Z - Done responding to the client handleContextFileData
[NX v21.3.0 Daemon Server] - 2025-07-21T17:09:29.202Z - Handled GET_CONTEXT_FILE_DATA. Handling time: 3. Response time: 1.
[NX v21.3.0 Daemon Server] - 2025-07-21T17:09:29.205Z - Closed a connection. Number of open connections: 4
[NX v21.3.0 Daemon Server] - 2025-07-21T17:09:29.502Z - Closed a connection. Number of open connections: 3
[NX v21.3.0 Daemon Server] - 2025-07-21T17:09:29.504Z - Established a connection. Number of open connections: 4
[NX v21.3.0 Daemon Server] - 2025-07-21T17:09:29.504Z - Established a connection. Number of open connections: 5
[NX v21.3.0 Daemon Server] - 2025-07-21T17:09:29.505Z - Closed a connection. Number of open connections: 4
[NX v21.3.0 Daemon Server] - 2025-07-21T17:09:29.505Z - [REQUEST]: Client Request for Project Graph Received
[NX v21.3.0 Daemon Server] - 2025-07-21T17:09:29.505Z - Reusing in-memory cached project graph because no files changed.
[NX v21.3.0 Daemon Server] - 2025-07-21T17:09:29.505Z - [REQUEST]: Responding to the client. project-graph
[NX v21.3.0 Daemon Server] - 2025-07-21T17:09:29.507Z - Time taken for 'total for creating and serializing project graph' 0.12325000006239861ms
[NX v21.3.0 Daemon Server] - 2025-07-21T17:09:29.508Z - Done responding to the client project-graph
[NX v21.3.0 Daemon Server] - 2025-07-21T17:09:29.508Z - Handled REQUEST_PROJECT_GRAPH. Handling time: 0. Response time: 3.
[NX v21.3.0 Daemon Server] - 2025-07-21T17:09:29.511Z - [REQUEST]: Client Request for Project Graph Received
[NX v21.3.0 Daemon Server] - 2025-07-21T17:09:29.511Z - Reusing in-memory cached project graph because no files changed.
[NX v21.3.0 Daemon Server] - 2025-07-21T17:09:29.511Z - [REQUEST]: Responding to the client. project-graph
[NX v21.3.0 Daemon Server] - 2025-07-21T17:09:29.513Z - Time taken for 'total for creating and serializing project graph' 0.10379099997226149ms
[NX v21.3.0 Daemon Server] - 2025-07-21T17:09:29.514Z - Done responding to the client project-graph
[NX v21.3.0 Daemon Server] - 2025-07-21T17:09:29.514Z - Handled REQUEST_PROJECT_GRAPH. Handling time: 0. Response time: 3.
[NX v21.3.0 Daemon Server] - 2025-07-21T17:09:29.516Z - Established a connection. Number of open connections: 5
[NX v21.3.0 Daemon Server] - 2025-07-21T17:09:30.216Z - [WATCHER]: Processing file changes in outputs
[NX v21.3.0 Daemon Server] - 2025-07-21T17:09:55.762Z - [WATCHER]: Processing file changes in outputs
[NX v21.3.0 Daemon Server] - 2025-07-21T17:09:55.766Z - [WATCHER]: 0 file(s) created or restored, 2 file(s) modified, 0 file(s) deleted
[NX v21.3.0 Daemon Server] - 2025-07-21T17:09:55.766Z - [REQUEST]: Responding to the client. File watch changed
[NX v21.3.0 Daemon Server] - 2025-07-21T17:09:55.766Z - Done responding to the client File watch changed
[NX v21.3.0 Daemon Server] - 2025-07-21T17:09:55.766Z - Handled FILE-WATCH-CHANGED. Handling time: 0. Response time: 0.
[NX v21.3.0 Daemon Server] - 2025-07-21T17:09:55.767Z - Time taken for 'changed-projects' 0.38474999996833503ms
[NX v21.3.0 Daemon Server] - 2025-07-21T17:09:55.869Z - [REQUEST]: Updated workspace context based on watched changes, recomputing project graph...
[NX v21.3.0 Daemon Server] - 2025-07-21T17:09:55.869Z - [REQUEST]: apps/new-panel/src/app/auth/auth.component.html,apps/new-panel/src/app/auth/auth.routes.ts
[NX v21.3.0 Daemon Server] - 2025-07-21T17:09:55.869Z - [REQUEST]: 
[NX v21.3.0 Daemon Server] - 2025-07-21T17:09:55.872Z - Time taken for 'hash changed files from watcher' 2.153082999982871ms
Time for 'nx/core/package-json:createNodes' 1.9158339999848977
Time for 'nx/core/project-json:createNodes' 3.0799579999875277
Time for 'nx/js/dependencies-and-lockfile:createNodes' 7.647916999994777
[NX v21.3.0 Daemon Server] - 2025-07-21T17:09:55.894Z - Time taken for 'build-project-configs' 15.454500000108965ms
Time for 'build typescript dependencies' 9.206416000030003
[NX v21.3.0 Daemon Server] - 2025-07-21T17:09:55.938Z - Wrote project graph cache to /Users/mahdi.ketabdar/Developer/menno/monorepo/.nx/workspace-data/project-graph.json
[NX v21.3.0 Daemon Server] - 2025-07-21T17:09:55.938Z - [SYNC]: collect registered sync generators
[NX v21.3.0 Daemon Server] - 2025-07-21T17:09:55.938Z - [SYNC]: project graph hash is the same, not collecting task sync generators
[NX v21.3.0 Daemon Server] - 2025-07-21T17:09:55.938Z - [SYNC]: nx.json hash is the same, not collecting global sync generators
[NX v21.3.0 Daemon Server] - 2025-07-21T17:09:55.939Z - Time taken for 'total execution time for createProjectGraph()' 42.0435830000788ms
[NX v21.3.0 Daemon Server] - 2025-07-21T17:09:56.611Z - [WATCHER]: Processing file changes in outputs
[NX v21.3.0 Daemon Server] - 2025-07-21T17:09:56.771Z - Established a connection. Number of open connections: 6
[NX v21.3.0 Daemon Server] - 2025-07-21T17:09:56.772Z - [REQUEST]: Client Request for Project Graph Received
[NX v21.3.0 Daemon Server] - 2025-07-21T17:09:56.772Z - Reusing in-memory cached project graph because no files changed.
[NX v21.3.0 Daemon Server] - 2025-07-21T17:09:56.772Z - [REQUEST]: Responding to the client. project-graph
[NX v21.3.0 Daemon Server] - 2025-07-21T17:09:56.774Z - Time taken for 'total for creating and serializing project graph' 0.16516600002069026ms
[NX v21.3.0 Daemon Server] - 2025-07-21T17:09:56.774Z - Closed a connection. Number of open connections: 5
[NX v21.3.0 Daemon Server] - 2025-07-21T17:09:56.776Z - Done responding to the client project-graph
[NX v21.3.0 Daemon Server] - 2025-07-21T17:09:56.776Z - Handled REQUEST_PROJECT_GRAPH. Handling time: 0. Response time: 4.
[NX v21.3.0 Daemon Server] - 2025-07-21T17:09:56.791Z - [REQUEST]: Responding to the client. handleContextFileData
[NX v21.3.0 Daemon Server] - 2025-07-21T17:09:56.791Z - Done responding to the client handleContextFileData
[NX v21.3.0 Daemon Server] - 2025-07-21T17:09:56.792Z - Handled GET_CONTEXT_FILE_DATA. Handling time: 3. Response time: 1.
[NX v21.3.0 Daemon Server] - 2025-07-21T17:09:56.794Z - Closed a connection. Number of open connections: 4
[NX v21.3.0 Daemon Server] - 2025-07-21T17:09:57.188Z - Closed a connection. Number of open connections: 3
[NX v21.3.0 Daemon Server] - 2025-07-21T17:09:57.190Z - Established a connection. Number of open connections: 4
[NX v21.3.0 Daemon Server] - 2025-07-21T17:09:57.190Z - Established a connection. Number of open connections: 5
[NX v21.3.0 Daemon Server] - 2025-07-21T17:09:57.191Z - Closed a connection. Number of open connections: 4
[NX v21.3.0 Daemon Server] - 2025-07-21T17:09:57.191Z - [REQUEST]: Client Request for Project Graph Received
[NX v21.3.0 Daemon Server] - 2025-07-21T17:09:57.192Z - Reusing in-memory cached project graph because no files changed.
[NX v21.3.0 Daemon Server] - 2025-07-21T17:09:57.192Z - [REQUEST]: Responding to the client. project-graph
[NX v21.3.0 Daemon Server] - 2025-07-21T17:09:57.196Z - Time taken for 'total for creating and serializing project graph' 0.3966669999063015ms
[NX v21.3.0 Daemon Server] - 2025-07-21T17:09:57.201Z - Done responding to the client project-graph
[NX v21.3.0 Daemon Server] - 2025-07-21T17:09:57.201Z - Handled REQUEST_PROJECT_GRAPH. Handling time: 1. Response time: 9.
[NX v21.3.0 Daemon Server] - 2025-07-21T17:09:57.206Z - [REQUEST]: Client Request for Project Graph Received
[NX v21.3.0 Daemon Server] - 2025-07-21T17:09:57.206Z - Reusing in-memory cached project graph because no files changed.
[NX v21.3.0 Daemon Server] - 2025-07-21T17:09:57.206Z - [REQUEST]: Responding to the client. project-graph
[NX v21.3.0 Daemon Server] - 2025-07-21T17:09:57.224Z - Time taken for 'total for creating and serializing project graph' 0.3952920000301674ms
[NX v21.3.0 Daemon Server] - 2025-07-21T17:09:57.231Z - Done responding to the client project-graph
[NX v21.3.0 Daemon Server] - 2025-07-21T17:09:57.231Z - Handled REQUEST_PROJECT_GRAPH. Handling time: 0. Response time: 25.
[NX v21.3.0 Daemon Server] - 2025-07-21T17:09:57.235Z - Established a connection. Number of open connections: 5
[NX v21.3.0 Daemon Server] - 2025-07-21T17:09:58.070Z - [WATCHER]: Processing file changes in outputs
[NX v21.3.0 Daemon Server] - 2025-07-21T17:09:58.143Z - [WATCHER]: Processing file changes in outputs
[NX v21.3.0 Daemon Server] - 2025-07-21T17:10:10.490Z - [WATCHER]: apps/new-panel/src/app/auth/login/login.component.html was modified
[NX v21.3.0 Daemon Server] - 2025-07-21T17:10:10.491Z - [REQUEST]: Responding to the client. File watch changed
[NX v21.3.0 Daemon Server] - 2025-07-21T17:10:10.491Z - Done responding to the client File watch changed
[NX v21.3.0 Daemon Server] - 2025-07-21T17:10:10.491Z - Handled FILE-WATCH-CHANGED. Handling time: 0. Response time: 0.
[NX v21.3.0 Daemon Server] - 2025-07-21T17:10:10.491Z - [WATCHER]: Processing file changes in outputs
[NX v21.3.0 Daemon Server] - 2025-07-21T17:10:10.491Z - Time taken for 'changed-projects' 0.3900420001009479ms
[NX v21.3.0 Daemon Server] - 2025-07-21T17:10:10.593Z - [REQUEST]: Updated workspace context based on watched changes, recomputing project graph...
[NX v21.3.0 Daemon Server] - 2025-07-21T17:10:10.593Z - [REQUEST]: apps/new-panel/src/app/auth/login/login.component.html
[NX v21.3.0 Daemon Server] - 2025-07-21T17:10:10.593Z - [REQUEST]: 
[NX v21.3.0 Daemon Server] - 2025-07-21T17:10:10.596Z - Time taken for 'hash changed files from watcher' 1.7207919999491423ms
Time for 'nx/core/package-json:createNodes' 3.220458999974653
Time for 'nx/core/project-json:createNodes' 4.109667000011541
Time for 'nx/js/dependencies-and-lockfile:createNodes' 9.537041999981739
[NX v21.3.0 Daemon Server] - 2025-07-21T17:10:10.620Z - Time taken for 'build-project-configs' 17.643166000023484ms
Time for 'build typescript dependencies' 3.09845900000073
[NX v21.3.0 Daemon Server] - 2025-07-21T17:10:10.652Z - Wrote project graph cache to /Users/mahdi.ketabdar/Developer/menno/monorepo/.nx/workspace-data/project-graph.json
[NX v21.3.0 Daemon Server] - 2025-07-21T17:10:10.652Z - [SYNC]: collect registered sync generators
[NX v21.3.0 Daemon Server] - 2025-07-21T17:10:10.652Z - [SYNC]: project graph hash is the same, not collecting task sync generators
[NX v21.3.0 Daemon Server] - 2025-07-21T17:10:10.652Z - [SYNC]: nx.json hash is the same, not collecting global sync generators
[NX v21.3.0 Daemon Server] - 2025-07-21T17:10:10.652Z - Time taken for 'total execution time for createProjectGraph()' 29.41975000000093ms
[NX v21.3.0 Daemon Server] - 2025-07-21T17:10:11.079Z - [WATCHER]: Processing file changes in outputs
[NX v21.3.0 Daemon Server] - 2025-07-21T17:10:11.494Z - Established a connection. Number of open connections: 6
[NX v21.3.0 Daemon Server] - 2025-07-21T17:10:11.495Z - [REQUEST]: Client Request for Project Graph Received
[NX v21.3.0 Daemon Server] - 2025-07-21T17:10:11.495Z - Reusing in-memory cached project graph because no files changed.
[NX v21.3.0 Daemon Server] - 2025-07-21T17:10:11.495Z - [REQUEST]: Responding to the client. project-graph
[NX v21.3.0 Daemon Server] - 2025-07-21T17:10:11.497Z - Time taken for 'total for creating and serializing project graph' 0.13237500004470348ms
[NX v21.3.0 Daemon Server] - 2025-07-21T17:10:11.497Z - Closed a connection. Number of open connections: 5
[NX v21.3.0 Daemon Server] - 2025-07-21T17:10:11.499Z - Done responding to the client project-graph
[NX v21.3.0 Daemon Server] - 2025-07-21T17:10:11.499Z - Handled REQUEST_PROJECT_GRAPH. Handling time: 0. Response time: 4.
[NX v21.3.0 Daemon Server] - 2025-07-21T17:10:11.505Z - [REQUEST]: Responding to the client. handleContextFileData
[NX v21.3.0 Daemon Server] - 2025-07-21T17:10:11.506Z - Done responding to the client handleContextFileData
[NX v21.3.0 Daemon Server] - 2025-07-21T17:10:11.506Z - Handled GET_CONTEXT_FILE_DATA. Handling time: 3. Response time: 1.
[NX v21.3.0 Daemon Server] - 2025-07-21T17:10:11.508Z - Closed a connection. Number of open connections: 4
[NX v21.3.0 Daemon Server] - 2025-07-21T17:10:11.732Z - Closed a connection. Number of open connections: 3
[NX v21.3.0 Daemon Server] - 2025-07-21T17:10:11.735Z - Established a connection. Number of open connections: 4
[NX v21.3.0 Daemon Server] - 2025-07-21T17:10:11.735Z - Established a connection. Number of open connections: 5
[NX v21.3.0 Daemon Server] - 2025-07-21T17:10:11.735Z - Closed a connection. Number of open connections: 4
[NX v21.3.0 Daemon Server] - 2025-07-21T17:10:11.735Z - [REQUEST]: Client Request for Project Graph Received
[NX v21.3.0 Daemon Server] - 2025-07-21T17:10:11.736Z - Reusing in-memory cached project graph because no files changed.
[NX v21.3.0 Daemon Server] - 2025-07-21T17:10:11.736Z - [REQUEST]: Responding to the client. project-graph
[NX v21.3.0 Daemon Server] - 2025-07-21T17:10:11.737Z - Time taken for 'total for creating and serializing project graph' 0.1478750000242144ms
[NX v21.3.0 Daemon Server] - 2025-07-21T17:10:11.739Z - Done responding to the client project-graph
[NX v21.3.0 Daemon Server] - 2025-07-21T17:10:11.739Z - Handled REQUEST_PROJECT_GRAPH. Handling time: 1. Response time: 3.
[NX v21.3.0 Daemon Server] - 2025-07-21T17:10:11.741Z - [REQUEST]: Client Request for Project Graph Received
[NX v21.3.0 Daemon Server] - 2025-07-21T17:10:11.741Z - Reusing in-memory cached project graph because no files changed.
[NX v21.3.0 Daemon Server] - 2025-07-21T17:10:11.741Z - [REQUEST]: Responding to the client. project-graph
[NX v21.3.0 Daemon Server] - 2025-07-21T17:10:11.743Z - Time taken for 'total for creating and serializing project graph' 0.10116600000765175ms
[NX v21.3.0 Daemon Server] - 2025-07-21T17:10:11.743Z - Done responding to the client project-graph
[NX v21.3.0 Daemon Server] - 2025-07-21T17:10:11.743Z - Handled REQUEST_PROJECT_GRAPH. Handling time: 0. Response time: 2.
[NX v21.3.0 Daemon Server] - 2025-07-21T17:10:11.746Z - Established a connection. Number of open connections: 5
[NX v21.3.0 Daemon Server] - 2025-07-21T17:10:12.514Z - [WATCHER]: Processing file changes in outputs
[NX v21.3.0 Daemon Server] - 2025-07-21T17:10:12.577Z - [WATCHER]: Processing file changes in outputs
[NX v21.3.0 Daemon Server] - 2025-07-21T17:10:28.446Z - [WATCHER]: apps/new-panel/src/app/auth/login/login.component.html was modified
[NX v21.3.0 Daemon Server] - 2025-07-21T17:10:28.448Z - [REQUEST]: Responding to the client. File watch changed
[NX v21.3.0 Daemon Server] - 2025-07-21T17:10:28.448Z - Done responding to the client File watch changed
[NX v21.3.0 Daemon Server] - 2025-07-21T17:10:28.448Z - Handled FILE-WATCH-CHANGED. Handling time: 0. Response time: 0.
[NX v21.3.0 Daemon Server] - 2025-07-21T17:10:28.448Z - [WATCHER]: Processing file changes in outputs
[NX v21.3.0 Daemon Server] - 2025-07-21T17:10:28.448Z - Time taken for 'changed-projects' 1.4037909999024123ms
[NX v21.3.0 Daemon Server] - 2025-07-21T17:10:28.549Z - [REQUEST]: Updated workspace context based on watched changes, recomputing project graph...
[NX v21.3.0 Daemon Server] - 2025-07-21T17:10:28.549Z - [REQUEST]: apps/new-panel/src/app/auth/login/login.component.html
[NX v21.3.0 Daemon Server] - 2025-07-21T17:10:28.549Z - [REQUEST]: 
[NX v21.3.0 Daemon Server] - 2025-07-21T17:10:28.551Z - Time taken for 'hash changed files from watcher' 1.8229170000413433ms
Time for 'nx/core/package-json:createNodes' 1.837500000023283
Time for 'nx/core/project-json:createNodes' 2.2885000000242144
Time for 'nx/js/dependencies-and-lockfile:createNodes' 7.340624999953434
[NX v21.3.0 Daemon Server] - 2025-07-21T17:10:28.578Z - Time taken for 'build-project-configs' 17.295166999916546ms
Time for 'build typescript dependencies' 2.0148749999934807
[NX v21.3.0 Daemon Server] - 2025-07-21T17:10:28.607Z - Wrote project graph cache to /Users/mahdi.ketabdar/Developer/menno/monorepo/.nx/workspace-data/project-graph.json
[NX v21.3.0 Daemon Server] - 2025-07-21T17:10:28.607Z - [SYNC]: collect registered sync generators
[NX v21.3.0 Daemon Server] - 2025-07-21T17:10:28.607Z - [SYNC]: project graph hash is the same, not collecting task sync generators
[NX v21.3.0 Daemon Server] - 2025-07-21T17:10:28.607Z - [SYNC]: nx.json hash is the same, not collecting global sync generators
[NX v21.3.0 Daemon Server] - 2025-07-21T17:10:28.607Z - Time taken for 'total execution time for createProjectGraph()' 28.145000000018626ms
[NX v21.3.0 Daemon Server] - 2025-07-21T17:10:28.979Z - [WATCHER]: Processing file changes in outputs
[NX v21.3.0 Daemon Server] - 2025-07-21T17:10:29.452Z - Established a connection. Number of open connections: 6
[NX v21.3.0 Daemon Server] - 2025-07-21T17:10:29.452Z - [REQUEST]: Client Request for Project Graph Received
[NX v21.3.0 Daemon Server] - 2025-07-21T17:10:29.452Z - Reusing in-memory cached project graph because no files changed.
[NX v21.3.0 Daemon Server] - 2025-07-21T17:10:29.452Z - [REQUEST]: Responding to the client. project-graph
[NX v21.3.0 Daemon Server] - 2025-07-21T17:10:29.454Z - Time taken for 'total for creating and serializing project graph' 0.13183399999979883ms
[NX v21.3.0 Daemon Server] - 2025-07-21T17:10:29.454Z - Closed a connection. Number of open connections: 5
[NX v21.3.0 Daemon Server] - 2025-07-21T17:10:29.455Z - Done responding to the client project-graph
[NX v21.3.0 Daemon Server] - 2025-07-21T17:10:29.455Z - Handled REQUEST_PROJECT_GRAPH. Handling time: 0. Response time: 3.
[NX v21.3.0 Daemon Server] - 2025-07-21T17:10:29.462Z - [REQUEST]: Responding to the client. handleContextFileData
[NX v21.3.0 Daemon Server] - 2025-07-21T17:10:29.462Z - Done responding to the client handleContextFileData
[NX v21.3.0 Daemon Server] - 2025-07-21T17:10:29.462Z - Handled GET_CONTEXT_FILE_DATA. Handling time: 2. Response time: 0.
[NX v21.3.0 Daemon Server] - 2025-07-21T17:10:29.465Z - Closed a connection. Number of open connections: 4
[NX v21.3.0 Daemon Server] - 2025-07-21T17:10:29.703Z - Closed a connection. Number of open connections: 3
[NX v21.3.0 Daemon Server] - 2025-07-21T17:10:29.705Z - Established a connection. Number of open connections: 4
[NX v21.3.0 Daemon Server] - 2025-07-21T17:10:29.705Z - Established a connection. Number of open connections: 5
[NX v21.3.0 Daemon Server] - 2025-07-21T17:10:29.706Z - Closed a connection. Number of open connections: 4
[NX v21.3.0 Daemon Server] - 2025-07-21T17:10:29.706Z - [REQUEST]: Client Request for Project Graph Received
[NX v21.3.0 Daemon Server] - 2025-07-21T17:10:29.706Z - Reusing in-memory cached project graph because no files changed.
[NX v21.3.0 Daemon Server] - 2025-07-21T17:10:29.706Z - [REQUEST]: Responding to the client. project-graph
[NX v21.3.0 Daemon Server] - 2025-07-21T17:10:29.708Z - Time taken for 'total for creating and serializing project graph' 0.1405410000588745ms
[NX v21.3.0 Daemon Server] - 2025-07-21T17:10:29.709Z - Done responding to the client project-graph
[NX v21.3.0 Daemon Server] - 2025-07-21T17:10:29.709Z - Handled REQUEST_PROJECT_GRAPH. Handling time: 0. Response time: 3.
[NX v21.3.0 Daemon Server] - 2025-07-21T17:10:29.711Z - [REQUEST]: Client Request for Project Graph Received
[NX v21.3.0 Daemon Server] - 2025-07-21T17:10:29.712Z - Reusing in-memory cached project graph because no files changed.
[NX v21.3.0 Daemon Server] - 2025-07-21T17:10:29.712Z - [REQUEST]: Responding to the client. project-graph
[NX v21.3.0 Daemon Server] - 2025-07-21T17:10:29.713Z - Time taken for 'total for creating and serializing project graph' 0.07187500002328306ms
[NX v21.3.0 Daemon Server] - 2025-07-21T17:10:29.714Z - Done responding to the client project-graph
[NX v21.3.0 Daemon Server] - 2025-07-21T17:10:29.714Z - Handled REQUEST_PROJECT_GRAPH. Handling time: 1. Response time: 2.
[NX v21.3.0 Daemon Server] - 2025-07-21T17:10:29.717Z - Established a connection. Number of open connections: 5
[NX v21.3.0 Daemon Server] - 2025-07-21T17:10:30.487Z - [WATCHER]: Processing file changes in outputs
[NX v21.3.0 Daemon Server] - 2025-07-21T17:10:54.754Z - [WATCHER]: Processing file changes in outputs
[NX v21.3.0 Daemon Server] - 2025-07-21T17:10:54.756Z - [WATCHER]: apps/new-panel/src/app/auth/register/register.component.html was modified
[NX v21.3.0 Daemon Server] - 2025-07-21T17:10:54.756Z - [REQUEST]: Responding to the client. File watch changed
[NX v21.3.0 Daemon Server] - 2025-07-21T17:10:54.757Z - Done responding to the client File watch changed
[NX v21.3.0 Daemon Server] - 2025-07-21T17:10:54.757Z - Handled FILE-WATCH-CHANGED. Handling time: 0. Response time: 1.
[NX v21.3.0 Daemon Server] - 2025-07-21T17:10:54.757Z - Time taken for 'changed-projects' 0.38041600002907217ms
[NX v21.3.0 Daemon Server] - 2025-07-21T17:10:54.858Z - [REQUEST]: Updated workspace context based on watched changes, recomputing project graph...
[NX v21.3.0 Daemon Server] - 2025-07-21T17:10:54.858Z - [REQUEST]: apps/new-panel/src/app/auth/register/register.component.html
[NX v21.3.0 Daemon Server] - 2025-07-21T17:10:54.858Z - [REQUEST]: 
[NX v21.3.0 Daemon Server] - 2025-07-21T17:10:54.860Z - Time taken for 'hash changed files from watcher' 1.6411670001689345ms
Time for 'nx/core/package-json:createNodes' 2.6037500000093132
Time for 'nx/core/project-json:createNodes' 3.0709999999962747
Time for 'nx/js/dependencies-and-lockfile:createNodes' 8.67879100004211
[NX v21.3.0 Daemon Server] - 2025-07-21T17:10:54.886Z - Time taken for 'build-project-configs' 19.09429099992849ms
Time for 'build typescript dependencies' 3.2309590000659227
[NX v21.3.0 Daemon Server] - 2025-07-21T17:10:54.922Z - Wrote project graph cache to /Users/mahdi.ketabdar/Developer/menno/monorepo/.nx/workspace-data/project-graph.json
[NX v21.3.0 Daemon Server] - 2025-07-21T17:10:54.922Z - [SYNC]: collect registered sync generators
[NX v21.3.0 Daemon Server] - 2025-07-21T17:10:54.922Z - [SYNC]: project graph hash is the same, not collecting task sync generators
[NX v21.3.0 Daemon Server] - 2025-07-21T17:10:54.922Z - [SYNC]: nx.json hash is the same, not collecting global sync generators
[NX v21.3.0 Daemon Server] - 2025-07-21T17:10:54.922Z - Time taken for 'total execution time for createProjectGraph()' 29.65874999994412ms
[NX v21.3.0 Daemon Server] - 2025-07-21T17:10:55.482Z - [WATCHER]: Processing file changes in outputs
[NX v21.3.0 Daemon Server] - 2025-07-21T17:10:55.761Z - Established a connection. Number of open connections: 6
[NX v21.3.0 Daemon Server] - 2025-07-21T17:10:55.762Z - [REQUEST]: Client Request for Project Graph Received
[NX v21.3.0 Daemon Server] - 2025-07-21T17:10:55.762Z - Reusing in-memory cached project graph because no files changed.
[NX v21.3.0 Daemon Server] - 2025-07-21T17:10:55.762Z - [REQUEST]: Responding to the client. project-graph
[NX v21.3.0 Daemon Server] - 2025-07-21T17:10:55.764Z - Time taken for 'total for creating and serializing project graph' 0.16029200004413724ms
[NX v21.3.0 Daemon Server] - 2025-07-21T17:10:55.764Z - Closed a connection. Number of open connections: 5
[NX v21.3.0 Daemon Server] - 2025-07-21T17:10:55.765Z - Done responding to the client project-graph
[NX v21.3.0 Daemon Server] - 2025-07-21T17:10:55.765Z - Handled REQUEST_PROJECT_GRAPH. Handling time: 0. Response time: 3.
[NX v21.3.0 Daemon Server] - 2025-07-21T17:10:55.772Z - [REQUEST]: Responding to the client. handleContextFileData
[NX v21.3.0 Daemon Server] - 2025-07-21T17:10:55.773Z - Done responding to the client handleContextFileData
[NX v21.3.0 Daemon Server] - 2025-07-21T17:10:55.773Z - Handled GET_CONTEXT_FILE_DATA. Handling time: 3. Response time: 1.
[NX v21.3.0 Daemon Server] - 2025-07-21T17:10:55.777Z - Closed a connection. Number of open connections: 4
[NX v21.3.0 Daemon Server] - 2025-07-21T17:10:56.146Z - Closed a connection. Number of open connections: 3
[NX v21.3.0 Daemon Server] - 2025-07-21T17:10:56.148Z - Established a connection. Number of open connections: 4
[NX v21.3.0 Daemon Server] - 2025-07-21T17:10:56.148Z - Established a connection. Number of open connections: 5
[NX v21.3.0 Daemon Server] - 2025-07-21T17:10:56.148Z - Closed a connection. Number of open connections: 4
[NX v21.3.0 Daemon Server] - 2025-07-21T17:10:56.149Z - [REQUEST]: Client Request for Project Graph Received
[NX v21.3.0 Daemon Server] - 2025-07-21T17:10:56.149Z - Reusing in-memory cached project graph because no files changed.
[NX v21.3.0 Daemon Server] - 2025-07-21T17:10:56.149Z - [REQUEST]: Responding to the client. project-graph
[NX v21.3.0 Daemon Server] - 2025-07-21T17:10:56.150Z - Time taken for 'total for creating and serializing project graph' 0.12520799995400012ms
[NX v21.3.0 Daemon Server] - 2025-07-21T17:10:56.151Z - Done responding to the client project-graph
[NX v21.3.0 Daemon Server] - 2025-07-21T17:10:56.151Z - Handled REQUEST_PROJECT_GRAPH. Handling time: 0. Response time: 2.
[NX v21.3.0 Daemon Server] - 2025-07-21T17:10:56.154Z - [REQUEST]: Client Request for Project Graph Received
[NX v21.3.0 Daemon Server] - 2025-07-21T17:10:56.154Z - Reusing in-memory cached project graph because no files changed.
[NX v21.3.0 Daemon Server] - 2025-07-21T17:10:56.154Z - [REQUEST]: Responding to the client. project-graph
[NX v21.3.0 Daemon Server] - 2025-07-21T17:10:56.155Z - Time taken for 'total for creating and serializing project graph' 0.10575000010430813ms
[NX v21.3.0 Daemon Server] - 2025-07-21T17:10:56.156Z - Done responding to the client project-graph
[NX v21.3.0 Daemon Server] - 2025-07-21T17:10:56.156Z - Handled REQUEST_PROJECT_GRAPH. Handling time: 0. Response time: 2.
[NX v21.3.0 Daemon Server] - 2025-07-21T17:10:56.159Z - Established a connection. Number of open connections: 5
[NX v21.3.0 Daemon Server] - 2025-07-21T17:10:57.110Z - [WATCHER]: Processing file changes in outputs
[NX v21.3.0 Daemon Server] - 2025-07-21T17:11:09.447Z - [WATCHER]: apps/new-panel/src/app/auth/register/register.component.html was modified
[NX v21.3.0 Daemon Server] - 2025-07-21T17:11:09.448Z - [REQUEST]: Responding to the client. File watch changed
[NX v21.3.0 Daemon Server] - 2025-07-21T17:11:09.448Z - Done responding to the client File watch changed
[NX v21.3.0 Daemon Server] - 2025-07-21T17:11:09.448Z - Handled FILE-WATCH-CHANGED. Handling time: 0. Response time: 0.
[NX v21.3.0 Daemon Server] - 2025-07-21T17:11:09.448Z - [WATCHER]: Processing file changes in outputs
[NX v21.3.0 Daemon Server] - 2025-07-21T17:11:09.449Z - Time taken for 'changed-projects' 0.4631660000886768ms
[NX v21.3.0 Daemon Server] - 2025-07-21T17:11:09.550Z - [REQUEST]: Updated workspace context based on watched changes, recomputing project graph...
[NX v21.3.0 Daemon Server] - 2025-07-21T17:11:09.550Z - [REQUEST]: apps/new-panel/src/app/auth/register/register.component.html
[NX v21.3.0 Daemon Server] - 2025-07-21T17:11:09.550Z - [REQUEST]: 
[NX v21.3.0 Daemon Server] - 2025-07-21T17:11:09.553Z - Time taken for 'hash changed files from watcher' 1.8699159999378026ms
Time for 'nx/core/project-json:createNodes' 2.8746249999385327
Time for 'nx/core/package-json:createNodes' 7.532124999910593
Time for 'nx/js/dependencies-and-lockfile:createNodes' 6.97995899990201
[NX v21.3.0 Daemon Server] - 2025-07-21T17:11:09.577Z - Time taken for 'build-project-configs' 15.626916999928653ms
Time for 'build typescript dependencies' 2.5529169999063015
[NX v21.3.0 Daemon Server] - 2025-07-21T17:11:09.607Z - Wrote project graph cache to /Users/mahdi.ketabdar/Developer/menno/monorepo/.nx/workspace-data/project-graph.json
[NX v21.3.0 Daemon Server] - 2025-07-21T17:11:09.607Z - [SYNC]: collect registered sync generators
[NX v21.3.0 Daemon Server] - 2025-07-21T17:11:09.607Z - [SYNC]: project graph hash is the same, not collecting task sync generators
[NX v21.3.0 Daemon Server] - 2025-07-21T17:11:09.607Z - [SYNC]: nx.json hash is the same, not collecting global sync generators
[NX v21.3.0 Daemon Server] - 2025-07-21T17:11:09.607Z - Time taken for 'total execution time for createProjectGraph()' 27.166082999901846ms
[NX v21.3.0 Daemon Server] - 2025-07-21T17:11:10.118Z - [WATCHER]: Processing file changes in outputs
[NX v21.3.0 Daemon Server] - 2025-07-21T17:11:10.452Z - Established a connection. Number of open connections: 6
[NX v21.3.0 Daemon Server] - 2025-07-21T17:11:10.452Z - [REQUEST]: Client Request for Project Graph Received
[NX v21.3.0 Daemon Server] - 2025-07-21T17:11:10.452Z - Reusing in-memory cached project graph because no files changed.
[NX v21.3.0 Daemon Server] - 2025-07-21T17:11:10.452Z - [REQUEST]: Responding to the client. project-graph
[NX v21.3.0 Daemon Server] - 2025-07-21T17:11:10.454Z - Time taken for 'total for creating and serializing project graph' 0.140625ms
[NX v21.3.0 Daemon Server] - 2025-07-21T17:11:10.454Z - Closed a connection. Number of open connections: 5
[NX v21.3.0 Daemon Server] - 2025-07-21T17:11:10.455Z - Done responding to the client project-graph
[NX v21.3.0 Daemon Server] - 2025-07-21T17:11:10.455Z - Handled REQUEST_PROJECT_GRAPH. Handling time: 0. Response time: 3.
[NX v21.3.0 Daemon Server] - 2025-07-21T17:11:10.461Z - [REQUEST]: Responding to the client. handleContextFileData
[NX v21.3.0 Daemon Server] - 2025-07-21T17:11:10.462Z - Done responding to the client handleContextFileData
[NX v21.3.0 Daemon Server] - 2025-07-21T17:11:10.462Z - Handled GET_CONTEXT_FILE_DATA. Handling time: 2. Response time: 1.
[NX v21.3.0 Daemon Server] - 2025-07-21T17:11:10.465Z - Closed a connection. Number of open connections: 4
[NX v21.3.0 Daemon Server] - 2025-07-21T17:11:10.751Z - Closed a connection. Number of open connections: 3
[NX v21.3.0 Daemon Server] - 2025-07-21T17:11:10.752Z - Established a connection. Number of open connections: 4
[NX v21.3.0 Daemon Server] - 2025-07-21T17:11:10.752Z - Established a connection. Number of open connections: 5
[NX v21.3.0 Daemon Server] - 2025-07-21T17:11:10.752Z - Closed a connection. Number of open connections: 4
[NX v21.3.0 Daemon Server] - 2025-07-21T17:11:10.753Z - [REQUEST]: Client Request for Project Graph Received
[NX v21.3.0 Daemon Server] - 2025-07-21T17:11:10.753Z - Reusing in-memory cached project graph because no files changed.
[NX v21.3.0 Daemon Server] - 2025-07-21T17:11:10.753Z - [REQUEST]: Responding to the client. project-graph
[NX v21.3.0 Daemon Server] - 2025-07-21T17:11:10.756Z - Time taken for 'total for creating and serializing project graph' 0.34249999979510903ms
[NX v21.3.0 Daemon Server] - 2025-07-21T17:11:10.760Z - Done responding to the client project-graph
[NX v21.3.0 Daemon Server] - 2025-07-21T17:11:10.760Z - Handled REQUEST_PROJECT_GRAPH. Handling time: 0. Response time: 7.
[NX v21.3.0 Daemon Server] - 2025-07-21T17:11:10.766Z - [REQUEST]: Client Request for Project Graph Received
[NX v21.3.0 Daemon Server] - 2025-07-21T17:11:10.767Z - Reusing in-memory cached project graph because no files changed.
[NX v21.3.0 Daemon Server] - 2025-07-21T17:11:10.767Z - [REQUEST]: Responding to the client. project-graph
[NX v21.3.0 Daemon Server] - 2025-07-21T17:11:10.769Z - Time taken for 'total for creating and serializing project graph' 0.14616600004956126ms
[NX v21.3.0 Daemon Server] - 2025-07-21T17:11:10.770Z - Done responding to the client project-graph
[NX v21.3.0 Daemon Server] - 2025-07-21T17:11:10.770Z - Handled REQUEST_PROJECT_GRAPH. Handling time: 1. Response time: 3.
[NX v21.3.0 Daemon Server] - 2025-07-21T17:11:10.773Z - Established a connection. Number of open connections: 5
[NX v21.3.0 Daemon Server] - 2025-07-21T17:11:11.701Z - [WATCHER]: Processing file changes in outputs
[NX v21.3.0 Daemon Server] - 2025-07-21T17:11:11.774Z - [WATCHER]: Processing file changes in outputs
[NX v21.3.0 Daemon Server] - 2025-07-21T17:11:28.798Z - [WATCHER]: 0 file(s) created or restored, 2 file(s) modified, 0 file(s) deleted
[NX v21.3.0 Daemon Server] - 2025-07-21T17:11:28.800Z - [REQUEST]: Responding to the client. File watch changed
[NX v21.3.0 Daemon Server] - 2025-07-21T17:11:28.800Z - Done responding to the client File watch changed
[NX v21.3.0 Daemon Server] - 2025-07-21T17:11:28.800Z - Handled FILE-WATCH-CHANGED. Handling time: 0. Response time: 0.
[NX v21.3.0 Daemon Server] - 2025-07-21T17:11:28.800Z - [WATCHER]: Processing file changes in outputs
[NX v21.3.0 Daemon Server] - 2025-07-21T17:11:28.800Z - Time taken for 'changed-projects' 0.6678750000428408ms
[NX v21.3.0 Daemon Server] - 2025-07-21T17:11:28.901Z - [REQUEST]: Updated workspace context based on watched changes, recomputing project graph...
[NX v21.3.0 Daemon Server] - 2025-07-21T17:11:28.901Z - [REQUEST]: apps/new-panel/src/app/auth/register/register.component.html,apps/new-panel/src/app/auth/login/login.component.html
[NX v21.3.0 Daemon Server] - 2025-07-21T17:11:28.901Z - [REQUEST]: 
[NX v21.3.0 Daemon Server] - 2025-07-21T17:11:28.904Z - Time taken for 'hash changed files from watcher' 1.7481249999254942ms
Time for 'nx/core/package-json:createNodes' 2.61379100009799
Time for 'nx/core/project-json:createNodes' 3.88025000016205
Time for 'nx/js/dependencies-and-lockfile:createNodes' 10.20616599987261
[NX v21.3.0 Daemon Server] - 2025-07-21T17:11:28.929Z - Time taken for 'build-project-configs' 19.27495799981989ms
Time for 'build typescript dependencies' 2.821583000011742
[NX v21.3.0 Daemon Server] - 2025-07-21T17:11:28.964Z - Wrote project graph cache to /Users/mahdi.ketabdar/Developer/menno/monorepo/.nx/workspace-data/project-graph.json
[NX v21.3.0 Daemon Server] - 2025-07-21T17:11:28.964Z - [SYNC]: collect registered sync generators
[NX v21.3.0 Daemon Server] - 2025-07-21T17:11:28.964Z - [SYNC]: project graph hash is the same, not collecting task sync generators
[NX v21.3.0 Daemon Server] - 2025-07-21T17:11:28.965Z - [SYNC]: nx.json hash is the same, not collecting global sync generators
[NX v21.3.0 Daemon Server] - 2025-07-21T17:11:28.965Z - Time taken for 'total execution time for createProjectGraph()' 31.395790999988094ms
[NX v21.3.0 Daemon Server] - 2025-07-21T17:11:29.473Z - [WATCHER]: Processing file changes in outputs
[NX v21.3.0 Daemon Server] - 2025-07-21T17:11:29.804Z - Established a connection. Number of open connections: 6
[NX v21.3.0 Daemon Server] - 2025-07-21T17:11:29.804Z - [REQUEST]: Client Request for Project Graph Received
[NX v21.3.0 Daemon Server] - 2025-07-21T17:11:29.804Z - Reusing in-memory cached project graph because no files changed.
[NX v21.3.0 Daemon Server] - 2025-07-21T17:11:29.804Z - [REQUEST]: Responding to the client. project-graph
[NX v21.3.0 Daemon Server] - 2025-07-21T17:11:29.806Z - Time taken for 'total for creating and serializing project graph' 0.14312499994412065ms
[NX v21.3.0 Daemon Server] - 2025-07-21T17:11:29.806Z - Closed a connection. Number of open connections: 5
[NX v21.3.0 Daemon Server] - 2025-07-21T17:11:29.811Z - Done responding to the client project-graph
[NX v21.3.0 Daemon Server] - 2025-07-21T17:11:29.811Z - Handled REQUEST_PROJECT_GRAPH. Handling time: 0. Response time: 7.
[NX v21.3.0 Daemon Server] - 2025-07-21T17:11:29.823Z - [REQUEST]: Responding to the client. handleContextFileData
[NX v21.3.0 Daemon Server] - 2025-07-21T17:11:29.826Z - Done responding to the client handleContextFileData
[NX v21.3.0 Daemon Server] - 2025-07-21T17:11:29.826Z - Handled GET_CONTEXT_FILE_DATA. Handling time: 2. Response time: 3.
[NX v21.3.0 Daemon Server] - 2025-07-21T17:11:29.830Z - Closed a connection. Number of open connections: 4
[NX v21.3.0 Daemon Server] - 2025-07-21T17:11:30.104Z - Closed a connection. Number of open connections: 3
[NX v21.3.0 Daemon Server] - 2025-07-21T17:11:30.105Z - Established a connection. Number of open connections: 4
[NX v21.3.0 Daemon Server] - 2025-07-21T17:11:30.110Z - Closed a connection. Number of open connections: 3
[NX v21.3.0 Daemon Server] - 2025-07-21T17:11:30.111Z - Established a connection. Number of open connections: 4
[NX v21.3.0 Daemon Server] - 2025-07-21T17:11:30.113Z - [REQUEST]: Client Request for Project Graph Received
[NX v21.3.0 Daemon Server] - 2025-07-21T17:11:30.113Z - Reusing in-memory cached project graph because no files changed.
[NX v21.3.0 Daemon Server] - 2025-07-21T17:11:30.113Z - [REQUEST]: Responding to the client. project-graph
[NX v21.3.0 Daemon Server] - 2025-07-21T17:11:30.115Z - Time taken for 'total for creating and serializing project graph' 0.2412499999627471ms
[NX v21.3.0 Daemon Server] - 2025-07-21T17:11:30.117Z - Done responding to the client project-graph
[NX v21.3.0 Daemon Server] - 2025-07-21T17:11:30.117Z - Handled REQUEST_PROJECT_GRAPH. Handling time: 0. Response time: 4.
[NX v21.3.0 Daemon Server] - 2025-07-21T17:11:30.122Z - [REQUEST]: Client Request for Project Graph Received
[NX v21.3.0 Daemon Server] - 2025-07-21T17:11:30.122Z - Reusing in-memory cached project graph because no files changed.
[NX v21.3.0 Daemon Server] - 2025-07-21T17:11:30.122Z - [REQUEST]: Responding to the client. project-graph
[NX v21.3.0 Daemon Server] - 2025-07-21T17:11:30.124Z - Time taken for 'total for creating and serializing project graph' 0.19120800006203353ms
[NX v21.3.0 Daemon Server] - 2025-07-21T17:11:30.125Z - Done responding to the client project-graph
[NX v21.3.0 Daemon Server] - 2025-07-21T17:11:30.125Z - Handled REQUEST_PROJECT_GRAPH. Handling time: 0. Response time: 3.
[NX v21.3.0 Daemon Server] - 2025-07-21T17:11:30.129Z - Established a connection. Number of open connections: 5
[NX v21.3.0 Daemon Server] - 2025-07-21T17:11:30.956Z - [WATCHER]: Processing file changes in outputs
